label_0,label_1,label_2,truth,application,fold,algorithm,hire_positive_truth,hire_negative_truth,employer_total_tasks_so_far,task_id
1.0,0.0,0.0,0,80779,1,rf,0,0,1,2806
0.9749999999999999,0.008333333333333333,0.016666666666666666,0,80823,1,rf,0,0,1,2806
1.0,0.0,0.0,0,80776,1,rf,0,0,1,2806
1.0,0.0,0.0,0,80793,1,rf,0,0,1,2806
1.0,0.0,0.0,0,80780,1,rf,0,0,1,2806
1.0,0.0,0.0,0,80785,1,rf,0,0,1,2806
1.0,0.0,0.0,0,80788,1,rf,0,0,1,2806
0.9949999999999999,0.0016666666666666666,0.003333333333333333,0,80824,1,rf,0,0,1,2806
1.0,0.0,0.0,0,80794,1,rf,0,0,1,2806
1.0,0.0,0.0,0,80826,1,rf,0,0,1,2806
1.0,0.0,0.0,0,80789,1,rf,0,0,1,2806
1.0,0.0,0.0,0,80825,1,rf,0,0,1,2806
0.9949999999999999,0.0016666666666666666,0.003333333333333333,0,80778,1,rf,0,0,1,2806
0.9949999999999999,0.0016666666666666666,0.003333333333333333,0,80791,1,rf,0,0,1,2806
1.0,0.0,0.0,0,80764,1,rf,0,0,1,2806
1.0,0.0,0.0,2,80832,1,rf,1,0,1,2806
1.0,0.0,0.0,0,80762,1,rf,0,0,1,2806
1.0,0.0,0.0,0,80810,1,rf,0,0,1,2806
1.0,0.0,0.0,0,80770,1,rf,0,0,1,2806
1.0,0.0,0.0,0,80769,1,rf,0,0,1,2806
1.0,0.0,0.0,0,80828,1,rf,0,0,1,2806
1.0,0.0,0.0,0,80771,1,rf,0,0,1,2806
0.9749999999999999,0.008333333333333333,0.016666666666666666,0,80777,1,rf,0,0,1,2806
1.0,0.0,0.0,0,80772,1,rf,0,0,1,2806
1.0,0.0,0.0,0,80774,1,rf,0,0,1,2806
1.0,0.0,0.0,0,80819,1,rf,0,0,1,2806
1.0,0.0,0.0,0,80786,1,rf,0,0,1,2806
0.9949999999999999,0.0016666666666666666,0.003333333333333333,0,80765,1,rf,0,0,1,2806
1.0,0.0,0.0,0,80767,1,rf,0,0,1,2806
1.0,0.0,0.0,0,80773,1,rf,0,0,1,2806
1.0,0.0,0.0,0,80795,1,rf,0,0,1,2806
1.0,0.0,0.0,0,80831,1,rf,0,0,1,2806
1.0,0.0,0.0,0,80760,1,rf,0,0,1,2806
1.0,0.0,0.0,0,80758,1,rf,0,0,1,2806
1.0,0.0,0.0,0,80759,1,rf,0,0,1,2806
1.0,0.0,0.0,0,80807,1,rf,0,0,1,2806
0.9949999999999999,0.0016666666666666666,0.003333333333333333,0,80818,1,rf,0,0,1,2806
0.9949999999999999,0.0016666666666666666,0.003333333333333333,0,80792,1,rf,0,0,1,2806
1.0,0.0,0.0,0,80809,1,rf,0,0,1,2806
1.0,0.0,0.0,0,80798,1,rf,0,0,1,2806
1.0,0.0,0.0,0,80830,1,rf,0,0,1,2806
1.0,0.0,0.0,0,80822,1,rf,0,0,1,2806
1.0,0.0,0.0,0,80806,1,rf,0,0,1,2806
1.0,0.0,0.0,0,80768,1,rf,0,0,1,2806
1.0,0.0,0.0,0,80812,1,rf,0,0,1,2806
1.0,0.0,0.0,0,81712,1,rf,0,0,2,2826
0.9799999999999999,0.006666666666666666,0.013333333333333332,0,81756,1,rf,0,0,2,2826
1.0,0.0,0.0,0,81709,1,rf,0,0,2,2826
1.0,0.0,0.0,0,81726,1,rf,0,0,2,2826
1.0,0.0,0.0,0,81713,1,rf,0,0,2,2826
1.0,0.0,0.0,0,81718,1,rf,0,0,2,2826
1.0,0.0,0.0,0,81721,1,rf,0,0,2,2826
1.0,0.0,0.0,0,81757,1,rf,0,0,2,2826
1.0,0.0,0.0,0,81727,1,rf,0,0,2,2826
1.0,0.0,0.0,0,81759,1,rf,0,0,2,2826
1.0,0.0,0.0,0,81722,1,rf,0,0,2,2826
1.0,0.0,0.0,0,81758,1,rf,0,0,2,2826
1.0,0.0,0.0,0,81711,1,rf,0,0,2,2826
1.0,0.0,0.0,0,81724,1,rf,0,0,2,2826
1.0,0.0,0.0,0,81697,1,rf,0,0,2,2826
1.0,0.0,0.0,0,81699,1,rf,0,0,2,2826
1.0,0.0,0.0,0,81695,1,rf,0,0,2,2826
1.0,0.0,0.0,0,81743,1,rf,0,0,2,2826
1.0,0.0,0.0,0,81704,1,rf,0,0,2,2826
1.0,0.0,0.0,0,81703,1,rf,0,0,2,2826
1.0,0.0,0.0,0,81761,1,rf,0,0,2,2826
1.0,0.0,0.0,1,81765,1,rf,0,1,2,2826
0.9799999999999999,0.006666666666666666,0.013333333333333332,0,81710,1,rf,0,0,2,2826
1.0,0.0,0.0,0,81705,1,rf,0,0,2,2826
1.0,0.0,0.0,0,81707,1,rf,0,0,2,2826
1.0,0.0,0.0,0,81752,1,rf,0,0,2,2826
1.0,0.0,0.0,0,81719,1,rf,0,0,2,2826
1.0,0.0,0.0,0,81698,1,rf,0,0,2,2826
1.0,0.0,0.0,0,81701,1,rf,0,0,2,2826
1.0,0.0,0.0,0,81706,1,rf,0,0,2,2826
1.0,0.0,0.0,0,81728,1,rf,0,0,2,2826
1.0,0.0,0.0,0,81764,1,rf,0,0,2,2826
1.0,0.0,0.0,0,81693,1,rf,0,0,2,2826
1.0,0.0,0.0,0,81691,1,rf,0,0,2,2826
1.0,0.0,0.0,0,81692,1,rf,0,0,2,2826
1.0,0.0,0.0,0,81740,1,rf,0,0,2,2826
1.0,0.0,0.0,0,81751,1,rf,0,0,2,2826
1.0,0.0,0.0,0,81725,1,rf,0,0,2,2826
1.0,0.0,0.0,0,81742,1,rf,0,0,2,2826
1.0,0.0,0.0,0,81731,1,rf,0,0,2,2826
1.0,0.0,0.0,0,81763,1,rf,0,0,2,2826
1.0,0.0,0.0,0,81755,1,rf,0,0,2,2826
1.0,0.0,0.0,0,81739,1,rf,0,0,2,2826
1.0,0.0,0.0,0,81702,1,rf,0,0,2,2826
1.0,0.0,0.0,0,81745,1,rf,0,0,2,2826
0.4,0.6,0.0,2,84152,1,rf,1,0,3,2890
0.0,0.0,1.0,0,84143,1,rf,0,0,3,2890
1.0,0.0,0.0,0,84097,1,rf,0,0,3,2890
1.0,0.0,0.0,0,84113,1,rf,0,0,3,2890
0.0,1.0,0.0,0,84100,1,rf,0,0,3,2890
1.0,0.0,0.0,0,84105,1,rf,0,0,3,2890
1.0,0.0,0.0,0,84108,1,rf,0,0,3,2890
0.0,0.0,1.0,0,84144,1,rf,0,0,3,2890
1.0,0.0,0.0,0,84114,1,rf,0,0,3,2890
1.0,0.0,0.0,0,84146,1,rf,0,0,3,2890
0.0,1.0,0.0,0,84109,1,rf,0,0,3,2890
1.0,0.0,0.0,0,84145,1,rf,0,0,3,2890
0.0,0.0,1.0,0,84099,1,rf,0,0,3,2890
0.0,0.0,1.0,0,84111,1,rf,0,0,3,2890
1.0,0.0,0.0,0,84084,1,rf,0,0,3,2890
1.0,0.0,0.0,0,84086,1,rf,0,0,3,2890
1.0,0.0,0.0,0,84082,1,rf,0,0,3,2890
1.0,0.0,0.0,0,84130,1,rf,0,0,3,2890
1.0,0.0,0.0,0,84091,1,rf,0,0,3,2890
0.0,1.0,0.0,0,84090,1,rf,0,0,3,2890
1.0,0.0,0.0,0,84148,1,rf,0,0,3,2890
0.0,1.0,0.0,0,84092,1,rf,0,0,3,2890
0.0,0.0,1.0,0,84098,1,rf,0,0,3,2890
1.0,0.0,0.0,0,84093,1,rf,0,0,3,2890
1.0,0.0,0.0,0,84095,1,rf,0,0,3,2890
1.0,0.0,0.0,0,84139,1,rf,0,0,3,2890
1.0,0.0,0.0,0,84106,1,rf,0,0,3,2890
0.0,0.0,1.0,0,84085,1,rf,0,0,3,2890
1.0,0.0,0.0,0,84088,1,rf,0,0,3,2890
1.0,0.0,0.0,0,84094,1,rf,0,0,3,2890
1.0,0.0,0.0,0,84115,1,rf,0,0,3,2890
1.0,0.0,0.0,0,84151,1,rf,0,0,3,2890
0.0,1.0,0.0,0,84080,1,rf,0,0,3,2890
1.0,0.0,0.0,0,84078,1,rf,0,0,3,2890
1.0,0.0,0.0,0,84079,1,rf,0,0,3,2890
1.0,0.0,0.0,0,84127,1,rf,0,0,3,2890
0.0,0.0,1.0,0,84138,1,rf,0,0,3,2890
0.0,0.0,1.0,0,84112,1,rf,0,0,3,2890
1.0,0.0,0.0,0,84129,1,rf,0,0,3,2890
1.0,0.0,0.0,0,84118,1,rf,0,0,3,2890
1.0,0.0,0.0,0,84150,1,rf,0,0,3,2890
1.0,0.0,0.0,0,84142,1,rf,0,0,3,2890
1.0,0.0,0.0,0,84126,1,rf,0,0,3,2890
1.0,0.0,0.0,0,84089,1,rf,0,0,3,2890
1.0,0.0,0.0,0,84132,1,rf,0,0,3,2890
1.0,0.0,0.0,0,86671,1,rf,0,0,4,2958
1.0,0.0,0.0,0,86714,1,rf,0,0,4,2958
0.0,0.0,1.0,0,86668,1,rf,0,0,4,2958
1.0,0.0,0.0,0,86684,1,rf,0,0,4,2958
1.0,0.0,0.0,0,86672,1,rf,0,0,4,2958
1.0,0.0,0.0,0,86676,1,rf,0,0,4,2958
0.0,0.0,1.0,0,86679,1,rf,0,0,4,2958
1.0,0.0,0.0,0,86715,1,rf,0,0,4,2958
1.0,0.0,0.0,0,86685,1,rf,0,0,4,2958
1.0,0.0,0.0,0,86717,1,rf,0,0,4,2958
1.0,0.0,0.0,0,86680,1,rf,0,0,4,2958
0.0,0.0,1.0,0,86716,1,rf,0,0,4,2958
1.0,0.0,0.0,0,86670,1,rf,0,0,4,2958
1.0,0.0,0.0,0,86682,1,rf,0,0,4,2958
1.0,0.0,0.0,0,86655,1,rf,0,0,4,2958
0.0,0.0,1.0,0,86657,1,rf,0,0,4,2958
1.0,0.0,0.0,0,86653,1,rf,0,0,4,2958
0.0,0.0,1.0,0,86701,1,rf,0,0,4,2958
1.0,0.0,0.0,0,86662,1,rf,0,0,4,2958
0.0,1.0,0.0,0,86661,1,rf,0,0,4,2958
1.0,0.0,0.0,0,86719,1,rf,0,0,4,2958
1.0,0.0,0.0,0,86663,1,rf,0,0,4,2958
0.982758620689655,0.01724137931034483,0.0,0,86669,1,rf,0,0,4,2958
1.0,0.0,0.0,0,86664,1,rf,0,0,4,2958
1.0,0.0,0.0,0,86666,1,rf,0,0,4,2958
1.0,0.0,0.0,0,86710,1,rf,0,0,4,2958
1.0,0.0,0.0,0,86677,1,rf,0,0,4,2958
1.0,0.0,0.0,0,86656,1,rf,0,0,4,2958
0.0,0.0,1.0,0,86659,1,rf,0,0,4,2958
1.0,0.0,0.0,0,86665,1,rf,0,0,4,2958
1.0,0.0,0.0,0,86686,1,rf,0,0,4,2958
1.0,0.0,0.0,0,86722,1,rf,0,0,4,2958
1.0,0.0,0.0,0,86651,1,rf,0,0,4,2958
1.0,0.0,0.0,0,86649,1,rf,0,0,4,2958
1.0,0.0,0.0,0,86650,1,rf,0,0,4,2958
1.0,0.0,0.0,0,86698,1,rf,0,0,4,2958
1.0,0.0,0.0,0,86709,1,rf,0,0,4,2958
1.0,0.0,0.0,0,86683,1,rf,0,0,4,2958
1.0,0.0,0.0,0,86700,1,rf,0,0,4,2958
1.0,0.0,0.0,0,86689,1,rf,0,0,4,2958
1.0,0.0,0.0,0,86721,1,rf,0,0,4,2958
1.0,0.0,0.0,0,86713,1,rf,0,0,4,2958
1.0,0.0,0.0,0,86697,1,rf,0,0,4,2958
1.0,0.0,0.0,0,86660,1,rf,0,0,4,2958
1.0,0.0,0.0,0,86703,1,rf,0,0,4,2958
1.0,0.0,0.0,0,81637,1,rf,0,0,1,2825
0.972972972972973,0.0,0.02702702702702703,0,81681,1,rf,0,0,1,2825
1.0,0.0,0.0,0,81634,1,rf,0,0,1,2825
1.0,0.0,0.0,0,81651,1,rf,0,0,1,2825
0.0,1.0,0.0,0,81638,1,rf,0,0,1,2825
1.0,0.0,0.0,0,81643,1,rf,0,0,1,2825
1.0,0.0,0.0,0,81646,1,rf,0,0,1,2825
0.972972972972973,0.0,0.02702702702702703,0,81682,1,rf,0,0,1,2825
1.0,0.0,0.0,0,81652,1,rf,0,0,1,2825
1.0,0.0,0.0,0,81684,1,rf,0,0,1,2825
1.0,0.0,0.0,0,81647,1,rf,0,0,1,2825
1.0,0.0,0.0,0,81683,1,rf,0,0,1,2825
0.9871794871794872,0.0,0.01282051282051282,0,81636,1,rf,0,0,1,2825
0.9871794871794872,0.0,0.01282051282051282,0,81649,1,rf,0,0,1,2825
1.0,0.0,0.0,0,81622,1,rf,0,0,1,2825
1.0,0.0,0.0,0,81624,1,rf,0,0,1,2825
1.0,0.0,0.0,0,81620,1,rf,0,0,1,2825
1.0,0.0,0.0,0,81668,1,rf,0,0,1,2825
1.0,0.0,0.0,0,81628,1,rf,0,0,1,2825
1.0,0.0,0.0,0,81627,1,rf,0,0,1,2825
1.0,0.0,0.0,0,81686,1,rf,0,0,1,2825
1.0,0.0,0.0,0,81629,1,rf,0,0,1,2825
0.9871794871794872,0.0,0.01282051282051282,0,81635,1,rf,0,0,1,2825
1.0,0.0,0.0,0,81630,1,rf,0,0,1,2825
1.0,0.0,0.0,0,81632,1,rf,0,0,1,2825
1.0,0.0,0.0,0,81677,1,rf,0,0,1,2825
1.0,0.0,0.0,0,81644,1,rf,0,0,1,2825
0.9871794871794872,0.0,0.01282051282051282,0,81623,1,rf,0,0,1,2825
1.0,0.0,0.0,1,81690,1,rf,0,1,1,2825
1.0,0.0,0.0,0,81631,1,rf,0,0,1,2825
1.0,0.0,0.0,0,81653,1,rf,0,0,1,2825
1.0,0.0,0.0,0,81689,1,rf,0,0,1,2825
1.0,0.0,0.0,0,81618,1,rf,0,0,1,2825
1.0,0.0,0.0,0,81616,1,rf,0,0,1,2825
1.0,0.0,0.0,0,81617,1,rf,0,0,1,2825
1.0,0.0,0.0,0,81665,1,rf,0,0,1,2825
0.9871794871794872,0.0,0.01282051282051282,0,81676,1,rf,0,0,1,2825
0.9871794871794872,0.0,0.01282051282051282,0,81650,1,rf,0,0,1,2825
1.0,0.0,0.0,0,81667,1,rf,0,0,1,2825
1.0,0.0,0.0,0,81656,1,rf,0,0,1,2825
1.0,0.0,0.0,0,81688,1,rf,0,0,1,2825
1.0,0.0,0.0,0,81680,1,rf,0,0,1,2825
1.0,0.0,0.0,0,81664,1,rf,0,0,1,2825
1.0,0.0,0.0,0,81626,1,rf,0,0,1,2825
1.0,0.0,0.0,0,81670,1,rf,0,0,1,2825
1.0,0.0,0.0,0,84387,1,rf,0,0,12,2896
0.7647058823529411,0.0,0.23529411764705882,0,84430,1,rf,0,0,12,2896
1.0,0.0,0.0,0,84384,1,rf,0,0,12,2896
1.0,0.0,0.0,0,84400,1,rf,0,0,12,2896
0.0,1.0,0.0,0,84388,1,rf,0,0,12,2896
1.0,0.0,0.0,0,84392,1,rf,0,0,12,2896
1.0,0.0,0.0,0,84395,1,rf,0,0,12,2896
0.7647058823529411,0.0,0.23529411764705882,0,84431,1,rf,0,0,12,2896
1.0,0.0,0.0,0,84401,1,rf,0,0,12,2896
1.0,0.0,0.0,0,84433,1,rf,0,0,12,2896
1.0,0.0,0.0,0,84396,1,rf,0,0,12,2896
1.0,0.0,0.0,0,84432,1,rf,0,0,12,2896
0.9871794871794872,0.0,0.01282051282051282,0,84386,1,rf,0,0,12,2896
0.9871794871794872,0.0,0.01282051282051282,0,84398,1,rf,0,0,12,2896
1.0,0.0,0.0,0,84371,1,rf,0,0,12,2896
1.0,0.0,0.0,0,84373,1,rf,0,0,12,2896
1.0,0.0,0.0,0,84369,1,rf,0,0,12,2896
1.0,0.0,0.0,0,84417,1,rf,0,0,12,2896
1.0,0.0,0.0,0,84378,1,rf,0,0,12,2896
0.0,1.0,0.0,0,84377,1,rf,0,0,12,2896
1.0,0.0,0.0,0,84435,1,rf,0,0,12,2896
1.0,0.0,0.0,0,84379,1,rf,0,0,12,2896
0.9871794871794872,0.0,0.01282051282051282,0,84385,1,rf,0,0,12,2896
1.0,0.0,0.0,0,84380,1,rf,0,0,12,2896
1.0,0.0,0.0,0,84382,1,rf,0,0,12,2896
1.0,0.0,0.0,0,84426,1,rf,0,0,12,2896
1.0,0.0,0.0,0,84393,1,rf,0,0,12,2896
0.9871794871794872,0.0,0.01282051282051282,0,84372,1,rf,0,0,12,2896
1.0,0.0,0.0,0,84375,1,rf,0,0,12,2896
1.0,0.0,0.0,0,84381,1,rf,0,0,12,2896
1.0,0.0,0.0,0,84402,1,rf,0,0,12,2896
1.0,0.0,0.0,0,84438,1,rf,0,0,12,2896
1.0,0.0,0.0,0,84367,1,rf,0,0,12,2896
1.0,0.0,0.0,0,84365,1,rf,0,0,12,2896
1.0,0.0,0.0,0,84366,1,rf,0,0,12,2896
1.0,0.0,0.0,0,84414,1,rf,0,0,12,2896
0.9871794871794872,0.0,0.01282051282051282,0,84425,1,rf,0,0,12,2896
0.9871794871794872,0.0,0.01282051282051282,0,84399,1,rf,0,0,12,2896
1.0,0.0,0.0,0,84416,1,rf,0,0,12,2896
1.0,0.0,0.0,0,84405,1,rf,0,0,12,2896
1.0,0.0,0.0,0,84437,1,rf,0,0,12,2896
1.0,0.0,0.0,0,84429,1,rf,0,0,12,2896
1.0,0.0,0.0,0,84413,1,rf,0,0,12,2896
1.0,0.0,0.0,0,84376,1,rf,0,0,12,2896
1.0,0.0,0.0,0,84419,1,rf,0,0,12,2896
0.0,0.0,1.0,0,78370,1,rf,0,0,3,2741
0.982758620689655,0.01724137931034483,0.0,0,78413,1,rf,0,0,3,2741
1.0,0.0,0.0,0,78367,1,rf,0,0,3,2741
1.0,0.0,0.0,0,78384,1,rf,0,0,3,2741
1.0,0.0,0.0,0,78371,1,rf,0,0,3,2741
1.0,0.0,0.0,0,78376,1,rf,0,0,3,2741
0.0,0.0,1.0,0,78379,1,rf,0,0,3,2741
1.0,0.0,0.0,0,78414,1,rf,0,0,3,2741
1.0,0.0,0.0,0,78385,1,rf,0,0,3,2741
1.0,0.0,0.0,0,78416,1,rf,0,0,3,2741
1.0,0.0,0.0,0,78380,1,rf,0,0,3,2741
1.0,0.0,0.0,0,78415,1,rf,0,0,3,2741
1.0,0.0,0.0,0,78369,1,rf,0,0,3,2741
1.0,0.0,0.0,0,78382,1,rf,0,0,3,2741
1.0,0.0,0.0,0,78355,1,rf,0,0,3,2741
1.0,0.0,0.0,2,78422,1,rf,1,0,3,2741
0.3,0.0,0.7,0,78353,1,rf,0,0,3,2741
1.0,0.0,0.0,0,78401,1,rf,0,0,3,2741
1.0,0.0,0.0,0,78361,1,rf,0,0,3,2741
1.0,0.0,0.0,0,78360,1,rf,0,0,3,2741
1.0,0.0,0.0,0,78418,1,rf,0,0,3,2741
1.0,0.0,0.0,0,78362,1,rf,0,0,3,2741
0.982758620689655,0.01724137931034483,0.0,0,78368,1,rf,0,0,3,2741
1.0,0.0,0.0,0,78363,1,rf,0,0,3,2741
1.0,0.0,0.0,0,78365,1,rf,0,0,3,2741
1.0,0.0,0.0,0,78410,1,rf,0,0,3,2741
1.0,0.0,0.0,0,78377,1,rf,0,0,3,2741
1.0,0.0,0.0,0,78356,1,rf,0,0,3,2741
1.0,0.0,0.0,0,78358,1,rf,0,0,3,2741
1.0,0.0,0.0,0,78364,1,rf,0,0,3,2741
1.0,0.0,0.0,0,78386,1,rf,0,0,3,2741
1.0,0.0,0.0,0,78421,1,rf,0,0,3,2741
1.0,0.0,0.0,0,78351,1,rf,0,0,3,2741
1.0,0.0,0.0,0,78349,1,rf,0,0,3,2741
1.0,0.0,0.0,0,78350,1,rf,0,0,3,2741
0.3,0.0,0.7,0,78398,1,rf,0,0,3,2741
1.0,0.0,0.0,0,78409,1,rf,0,0,3,2741
1.0,0.0,0.0,0,78383,1,rf,0,0,3,2741
0.0,0.0,1.0,0,78400,1,rf,0,0,3,2741
1.0,0.0,0.0,0,78389,1,rf,0,0,3,2741
1.0,0.0,0.0,0,78420,1,rf,0,0,3,2741
1.0,0.0,0.0,0,78412,1,rf,0,0,3,2741
1.0,0.0,0.0,0,78397,1,rf,0,0,3,2741
1.0,0.0,0.0,0,78359,1,rf,0,0,3,2741
1.0,0.0,0.0,0,78403,1,rf,0,0,3,2741
1.0,0.0,0.0,0,83489,1,rf,0,0,2,2872
1.0,0.0,0.0,0,83533,1,rf,0,0,2,2872
1.0,0.0,0.0,0,83486,1,rf,0,0,2,2872
1.0,0.0,0.0,0,83503,1,rf,0,0,2,2872
1.0,0.0,0.0,0,83490,1,rf,0,0,2,2872
1.0,0.0,0.0,0,83495,1,rf,0,0,2,2872
1.0,0.0,0.0,0,83498,1,rf,0,0,2,2872
1.0,0.0,0.0,0,83534,1,rf,0,0,2,2872
1.0,0.0,0.0,0,83504,1,rf,0,0,2,2872
1.0,0.0,0.0,0,83536,1,rf,0,0,2,2872
1.0,0.0,0.0,0,83499,1,rf,0,0,2,2872
1.0,0.0,0.0,0,83535,1,rf,0,0,2,2872
1.0,0.0,0.0,0,83488,1,rf,0,0,2,2872
1.0,0.0,0.0,0,83501,1,rf,0,0,2,2872
1.0,0.0,0.0,0,83474,1,rf,0,0,2,2872
1.0,0.0,0.0,0,83476,1,rf,0,0,2,2872
1.0,0.0,0.0,0,83472,1,rf,0,0,2,2872
1.0,0.0,0.0,0,83520,1,rf,0,0,2,2872
1.0,0.0,0.0,0,83480,1,rf,0,0,2,2872
1.0,0.0,0.0,2,83542,1,rf,1,0,2,2872
1.0,0.0,0.0,0,83538,1,rf,0,0,2,2872
1.0,0.0,0.0,0,83481,1,rf,0,0,2,2872
1.0,0.0,0.0,0,83487,1,rf,0,0,2,2872
1.0,0.0,0.0,0,83482,1,rf,0,0,2,2872
1.0,0.0,0.0,0,83484,1,rf,0,0,2,2872
1.0,0.0,0.0,0,83529,1,rf,0,0,2,2872
1.0,0.0,0.0,0,83496,1,rf,0,0,2,2872
1.0,0.0,0.0,0,83475,1,rf,0,0,2,2872
0.0,0.0,1.0,0,83478,1,rf,0,0,2,2872
1.0,0.0,0.0,0,83483,1,rf,0,0,2,2872
1.0,0.0,0.0,0,83505,1,rf,0,0,2,2872
1.0,0.0,0.0,0,83541,1,rf,0,0,2,2872
1.0,0.0,0.0,0,83470,1,rf,0,0,2,2872
1.0,0.0,0.0,0,83468,1,rf,0,0,2,2872
0.0,0.0,1.0,0,83469,1,rf,0,0,2,2872
1.0,0.0,0.0,0,83517,1,rf,0,0,2,2872
1.0,0.0,0.0,0,83528,1,rf,0,0,2,2872
1.0,0.0,0.0,0,83502,1,rf,0,0,2,2872
1.0,0.0,0.0,0,83519,1,rf,0,0,2,2872
1.0,0.0,0.0,0,83508,1,rf,0,0,2,2872
1.0,0.0,0.0,0,83540,1,rf,0,0,2,2872
1.0,0.0,0.0,0,83532,1,rf,0,0,2,2872
1.0,0.0,0.0,0,83516,1,rf,0,0,2,2872
1.0,0.0,0.0,0,83479,1,rf,0,0,2,2872
1.0,0.0,0.0,0,83522,1,rf,0,0,2,2872
1.0,0.0,0.0,0,75942,1,rf,0,0,2,2670
0.982758620689655,0.01724137931034483,0.0,0,75983,1,rf,0,0,2,2670
1.0,0.0,0.0,0,75939,1,rf,0,0,2,2670
1.0,0.0,0.0,0,75955,1,rf,0,0,2,2670
1.0,0.0,0.0,1,75992,1,rf,0,1,2,2670
1.0,0.0,0.0,0,75947,1,rf,0,0,2,2670
1.0,0.0,0.0,0,75950,1,rf,0,0,2,2670
1.0,0.0,0.0,0,75984,1,rf,0,0,2,2670
1.0,0.0,0.0,0,75956,1,rf,0,0,2,2670
1.0,0.0,0.0,0,75986,1,rf,0,0,2,2670
1.0,0.0,0.0,0,75951,1,rf,0,0,2,2670
1.0,0.0,0.0,0,75985,1,rf,0,0,2,2670
1.0,0.0,0.0,0,75941,1,rf,0,0,2,2670
1.0,0.0,0.0,0,75953,1,rf,0,0,2,2670
1.0,0.0,0.0,0,75926,1,rf,0,0,2,2670
1.0,0.0,0.0,0,75928,1,rf,0,0,2,2670
1.0,0.0,0.0,0,75924,1,rf,0,0,2,2670
1.0,0.0,0.0,0,75972,1,rf,0,0,2,2670
1.0,0.0,0.0,0,75933,1,rf,0,0,2,2670
1.0,0.0,0.0,0,75932,1,rf,0,0,2,2670
1.0,0.0,0.0,0,75988,1,rf,0,0,2,2670
1.0,0.0,0.0,0,75934,1,rf,0,0,2,2670
0.982758620689655,0.01724137931034483,0.0,0,75940,1,rf,0,0,2,2670
1.0,0.0,0.0,0,75935,1,rf,0,0,2,2670
1.0,0.0,0.0,0,75937,1,rf,0,0,2,2670
1.0,0.0,0.0,0,75980,1,rf,0,0,2,2670
1.0,0.0,0.0,0,75948,1,rf,0,0,2,2670
1.0,0.0,0.0,0,75927,1,rf,0,0,2,2670
1.0,0.0,0.0,0,75930,1,rf,0,0,2,2670
1.0,0.0,0.0,0,75936,1,rf,0,0,2,2670
1.0,0.0,0.0,0,75957,1,rf,0,0,2,2670
1.0,0.0,0.0,0,75991,1,rf,0,0,2,2670
1.0,0.0,0.0,0,75922,1,rf,0,0,2,2670
1.0,0.0,0.0,0,75920,1,rf,0,0,2,2670
1.0,0.0,0.0,0,75921,1,rf,0,0,2,2670
1.0,0.0,0.0,0,75969,1,rf,0,0,2,2670
1.0,0.0,0.0,0,75979,1,rf,0,0,2,2670
1.0,0.0,0.0,0,75954,1,rf,0,0,2,2670
1.0,0.0,0.0,0,75971,1,rf,0,0,2,2670
1.0,0.0,0.0,0,75960,1,rf,0,0,2,2670
1.0,0.0,0.0,0,75990,1,rf,0,0,2,2670
1.0,0.0,0.0,0,75982,1,rf,0,0,2,2670
1.0,0.0,0.0,0,75968,1,rf,0,0,2,2670
1.0,0.0,0.0,0,75931,1,rf,0,0,2,2670
1.0,0.0,0.0,0,77253,1,rf,0,0,7,2712
1.0,0.0,0.0,0,77296,1,rf,0,0,7,2712
1.0,0.0,0.0,0,77250,1,rf,0,0,7,2712
1.0,0.0,0.0,0,77267,1,rf,0,0,7,2712
1.0,0.0,0.0,0,77254,1,rf,0,0,7,2712
1.0,0.0,0.0,0,77259,1,rf,0,0,7,2712
1.0,0.0,0.0,0,77262,1,rf,0,0,7,2712
1.0,0.0,0.0,0,77297,1,rf,0,0,7,2712
0.7333333333333335,0.0,0.26666666666666666,0,77268,1,rf,0,0,7,2712
1.0,0.0,0.0,0,77298,1,rf,0,0,7,2712
1.0,0.0,0.0,0,77263,1,rf,0,0,7,2712
1.0,0.0,0.0,2,77304,1,rf,1,0,7,2712
1.0,0.0,0.0,0,77252,1,rf,0,0,7,2712
1.0,0.0,0.0,0,77265,1,rf,0,0,7,2712
0.0,0.0,1.0,0,77237,1,rf,0,0,7,2712
1.0,0.0,0.0,0,77239,1,rf,0,0,7,2712
1.0,0.0,0.0,0,77235,1,rf,0,0,7,2712
1.0,0.0,0.0,0,77284,1,rf,0,0,7,2712
0.0,0.0,1.0,0,77244,1,rf,0,0,7,2712
0.0,0.0,1.0,0,77243,1,rf,0,0,7,2712
1.0,0.0,0.0,0,77300,1,rf,0,0,7,2712
1.0,0.0,0.0,0,77245,1,rf,0,0,7,2712
1.0,0.0,0.0,0,77251,1,rf,0,0,7,2712
0.8666666666666668,0.0,0.13333333333333333,0,77246,1,rf,0,0,7,2712
1.0,0.0,0.0,0,77248,1,rf,0,0,7,2712
1.0,0.0,0.0,0,77293,1,rf,0,0,7,2712
0.2,0.8,0.0,0,77260,1,rf,0,0,7,2712
1.0,0.0,0.0,0,77238,1,rf,0,0,7,2712
1.0,0.0,0.0,0,77241,1,rf,0,0,7,2712
1.0,0.0,0.0,0,77247,1,rf,0,0,7,2712
1.0,0.0,0.0,0,77269,1,rf,0,0,7,2712
1.0,0.0,0.0,0,77303,1,rf,0,0,7,2712
1.0,0.0,0.0,0,77233,1,rf,0,0,7,2712
1.0,0.0,0.0,0,77231,1,rf,0,0,7,2712
1.0,0.0,0.0,0,77232,1,rf,0,0,7,2712
1.0,0.0,0.0,0,77281,1,rf,0,0,7,2712
1.0,0.0,0.0,0,77292,1,rf,0,0,7,2712
1.0,0.0,0.0,0,77266,1,rf,0,0,7,2712
1.0,0.0,0.0,0,77283,1,rf,0,0,7,2712
1.0,0.0,0.0,0,77272,1,rf,0,0,7,2712
1.0,0.0,0.0,0,77302,1,rf,0,0,7,2712
1.0,0.0,0.0,0,77295,1,rf,0,0,7,2712
1.0,0.0,0.0,0,77280,1,rf,0,0,7,2712
1.0,0.0,0.0,0,77242,1,rf,0,0,7,2712
1.0,0.0,0.0,0,77286,1,rf,0,0,7,2712
1.0,0.0,0.0,0,79138,1,rf,0,0,4,2758
0.982758620689655,0.01724137931034483,0.0,0,79181,1,rf,0,0,4,2758
1.0,0.0,0.0,0,79135,1,rf,0,0,4,2758
1.0,0.0,0.0,0,79152,1,rf,0,0,4,2758
1.0,0.0,0.0,0,79139,1,rf,0,0,4,2758
1.0,0.0,0.0,0,79144,1,rf,0,0,4,2758
1.0,0.0,0.0,0,79147,1,rf,0,0,4,2758
1.0,0.0,0.0,0,79182,1,rf,0,0,4,2758
1.0,0.0,0.0,0,79153,1,rf,0,0,4,2758
1.0,0.0,0.0,0,79184,1,rf,0,0,4,2758
1.0,0.0,0.0,0,79148,1,rf,0,0,4,2758
1.0,0.0,0.0,0,79183,1,rf,0,0,4,2758
1.0,0.0,0.0,0,79137,1,rf,0,0,4,2758
1.0,0.0,0.0,0,79150,1,rf,0,0,4,2758
1.0,0.0,0.0,0,79123,1,rf,0,0,4,2758
1.0,0.0,0.0,0,79125,1,rf,0,0,4,2758
1.0,0.0,0.0,0,79121,1,rf,0,0,4,2758
1.0,0.0,0.0,0,79169,1,rf,0,0,4,2758
1.0,0.0,0.0,0,79129,1,rf,0,0,4,2758
1.0,0.0,0.0,0,79128,1,rf,0,0,4,2758
1.0,0.0,0.0,0,79186,1,rf,0,0,4,2758
1.0,0.0,0.0,0,79130,1,rf,0,0,4,2758
0.982758620689655,0.01724137931034483,0.0,0,79136,1,rf,0,0,4,2758
1.0,0.0,0.0,0,79131,1,rf,0,0,4,2758
1.0,0.0,0.0,0,79133,1,rf,0,0,4,2758
1.0,0.0,0.0,0,79178,1,rf,0,0,4,2758
1.0,0.0,0.0,0,79145,1,rf,0,0,4,2758
1.0,0.0,0.0,0,79124,1,rf,0,0,4,2758
1.0,0.0,0.0,0,79127,1,rf,0,0,4,2758
1.0,0.0,0.0,0,79132,1,rf,0,0,4,2758
1.0,0.0,0.0,0,79154,1,rf,0,0,4,2758
1.0,0.0,0.0,0,79189,1,rf,0,0,4,2758
1.0,0.0,0.0,0,79119,1,rf,0,0,4,2758
1.0,0.0,0.0,0,79117,1,rf,0,0,4,2758
1.0,0.0,0.0,0,79118,1,rf,0,0,4,2758
1.0,0.0,0.0,0,79166,1,rf,0,0,4,2758
1.0,0.0,0.0,0,79177,1,rf,0,0,4,2758
1.0,0.0,0.0,0,79151,1,rf,0,0,4,2758
1.0,0.0,0.0,0,79168,1,rf,0,0,4,2758
1.0,0.0,0.0,0,79157,1,rf,0,0,4,2758
1.0,0.0,0.0,0,79188,1,rf,0,0,4,2758
1.0,0.0,0.0,0,79180,1,rf,0,0,4,2758
1.0,0.0,0.0,0,79165,1,rf,0,0,4,2758
1.0,0.0,0.0,2,79190,1,rf,1,0,4,2758
1.0,0.0,0.0,0,79171,1,rf,0,0,4,2758
1.0,0.0,0.0,0,79242,1,rf,0,0,5,2760
0.982758620689655,0.01724137931034483,0.0,0,79284,1,rf,0,0,5,2760
1.0,0.0,0.0,0,79239,1,rf,0,0,5,2760
1.0,0.0,0.0,0,79256,1,rf,0,0,5,2760
1.0,0.0,0.0,0,79243,1,rf,0,0,5,2760
1.0,0.0,0.0,0,79248,1,rf,0,0,5,2760
1.0,0.0,0.0,0,79251,1,rf,0,0,5,2760
1.0,0.0,0.0,0,79285,1,rf,0,0,5,2760
1.0,0.0,0.0,0,79257,1,rf,0,0,5,2760
1.0,0.0,0.0,0,79287,1,rf,0,0,5,2760
1.0,0.0,0.0,0,79252,1,rf,0,0,5,2760
1.0,0.0,0.0,0,79286,1,rf,0,0,5,2760
1.0,0.0,0.0,0,79241,1,rf,0,0,5,2760
1.0,0.0,0.0,0,79254,1,rf,0,0,5,2760
1.0,0.0,0.0,0,79226,1,rf,0,0,5,2760
1.0,0.0,0.0,0,79228,1,rf,0,0,5,2760
1.0,0.0,0.0,0,79224,1,rf,0,0,5,2760
1.0,0.0,0.0,0,79272,1,rf,0,0,5,2760
1.0,0.0,0.0,0,79233,1,rf,0,0,5,2760
1.0,0.0,0.0,0,79232,1,rf,0,0,5,2760
1.0,0.0,0.0,0,79289,1,rf,0,0,5,2760
1.0,0.0,0.0,0,79234,1,rf,0,0,5,2760
0.982758620689655,0.01724137931034483,0.0,0,79240,1,rf,0,0,5,2760
1.0,0.0,0.0,0,79235,1,rf,0,0,5,2760
1.0,0.0,0.0,0,79237,1,rf,0,0,5,2760
1.0,0.0,0.0,0,79281,1,rf,0,0,5,2760
1.0,0.0,0.0,0,79249,1,rf,0,0,5,2760
1.0,0.0,0.0,0,79227,1,rf,0,0,5,2760
1.0,0.0,0.0,0,79230,1,rf,0,0,5,2760
1.0,0.0,0.0,0,79236,1,rf,0,0,5,2760
1.0,0.0,0.0,0,79258,1,rf,0,0,5,2760
1.0,0.0,0.0,0,79292,1,rf,0,0,5,2760
1.0,0.0,0.0,0,79222,1,rf,0,0,5,2760
1.0,0.0,0.0,0,79220,1,rf,0,0,5,2760
1.0,0.0,0.0,0,79221,1,rf,0,0,5,2760
1.0,0.0,0.0,0,79269,1,rf,0,0,5,2760
1.0,0.0,0.0,0,79280,1,rf,0,0,5,2760
1.0,0.0,0.0,0,79255,1,rf,0,0,5,2760
1.0,0.0,0.0,0,79271,1,rf,0,0,5,2760
1.0,0.0,0.0,0,79261,1,rf,0,0,5,2760
1.0,0.0,0.0,0,79291,1,rf,0,0,5,2760
1.0,0.0,0.0,0,79283,1,rf,0,0,5,2760
1.0,0.0,0.0,0,79268,1,rf,0,0,5,2760
1.0,0.0,0.0,0,79231,1,rf,0,0,5,2760
1.0,0.0,0.0,0,79274,1,rf,0,0,5,2760
0.0,0.0,1.0,0,83120,1,rf,0,0,6,2865
0.982758620689655,0.01724137931034483,0.0,0,83163,1,rf,0,0,6,2865
0.0,0.0,1.0,0,83117,1,rf,0,0,6,2865
1.0,0.0,0.0,0,83134,1,rf,0,0,6,2865
0.0,1.0,0.0,0,83121,1,rf,0,0,6,2865
1.0,0.0,0.0,0,83126,1,rf,0,0,6,2865
0.0,0.0,1.0,0,83129,1,rf,0,0,6,2865
1.0,0.0,0.0,0,83164,1,rf,0,0,6,2865
1.0,0.0,0.0,0,83135,1,rf,0,0,6,2865
1.0,0.0,0.0,0,83166,1,rf,0,0,6,2865
1.0,0.0,0.0,0,83130,1,rf,0,0,6,2865
0.0,0.0,1.0,0,83165,1,rf,0,0,6,2865
1.0,0.0,0.0,0,83119,1,rf,0,0,6,2865
1.0,0.0,0.0,0,83132,1,rf,0,0,6,2865
1.0,0.0,0.0,0,83104,1,rf,0,0,6,2865
0.0,0.0,1.0,0,83106,1,rf,0,0,6,2865
0.0,0.0,1.0,0,83102,1,rf,0,0,6,2865
0.0,0.0,1.0,0,83150,1,rf,0,0,6,2865
1.0,0.0,0.0,0,83111,1,rf,0,0,6,2865
1.0,0.0,0.0,0,83110,1,rf,0,0,6,2865
1.0,0.0,0.0,0,83168,1,rf,0,0,6,2865
1.0,0.0,0.0,0,83112,1,rf,0,0,6,2865
0.982758620689655,0.01724137931034483,0.0,0,83118,1,rf,0,0,6,2865
1.0,0.0,0.0,0,83113,1,rf,0,0,6,2865
1.0,0.0,0.0,0,83115,1,rf,0,0,6,2865
1.0,0.0,0.0,0,83159,1,rf,0,0,6,2865
1.0,0.0,0.0,0,83127,1,rf,0,0,6,2865
1.0,0.0,0.0,0,83105,1,rf,0,0,6,2865
0.0,0.0,1.0,0,83108,1,rf,0,0,6,2865
1.0,0.0,0.0,0,83114,1,rf,0,0,6,2865
1.0,0.0,0.0,0,83136,1,rf,0,0,6,2865
1.0,0.0,0.0,0,83171,1,rf,0,0,6,2865
1.0,0.0,0.0,0,83100,1,rf,0,0,6,2865
1.0,0.0,0.0,0,83098,1,rf,0,0,6,2865
1.0,0.0,0.0,0,83099,1,rf,0,0,6,2865
0.0,0.0,1.0,2,83172,1,rf,1,0,6,2865
1.0,0.0,0.0,0,83158,1,rf,0,0,6,2865
1.0,0.0,0.0,0,83133,1,rf,0,0,6,2865
1.0,0.0,0.0,0,83149,1,rf,0,0,6,2865
1.0,0.0,0.0,0,83139,1,rf,0,0,6,2865
1.0,0.0,0.0,0,83170,1,rf,0,0,6,2865
1.0,0.0,0.0,0,83162,1,rf,0,0,6,2865
1.0,0.0,0.0,0,83147,1,rf,0,0,6,2865
1.0,0.0,0.0,0,83109,1,rf,0,0,6,2865
1.0,0.0,0.0,0,83152,1,rf,0,0,6,2865
1.0,0.0,0.0,0,89172,1,rf,0,0,1,3025
1.0,0.0,0.0,0,89216,1,rf,0,0,1,3025
1.0,0.0,0.0,0,89169,1,rf,0,0,1,3025
1.0,0.0,0.0,0,89186,1,rf,0,0,1,3025
1.0,0.0,0.0,0,89173,1,rf,0,0,1,3025
0.8,0.2,0.0,0,89178,1,rf,0,0,1,3025
1.0,0.0,0.0,0,89181,1,rf,0,0,1,3025
1.0,0.0,0.0,0,89218,1,rf,0,0,1,3025
1.0,0.0,0.0,0,89187,1,rf,0,0,1,3025
1.0,0.0,0.0,0,89220,1,rf,0,0,1,3025
1.0,0.0,0.0,0,89182,1,rf,0,0,1,3025
1.0,0.0,0.0,0,89219,1,rf,0,0,1,3025
1.0,0.0,0.0,0,89171,1,rf,0,0,1,3025
1.0,0.0,0.0,0,89184,1,rf,0,0,1,3025
1.0,0.0,0.0,0,89156,1,rf,0,0,1,3025
1.0,0.0,0.0,0,89158,1,rf,0,0,1,3025
1.0,0.0,0.0,0,89154,1,rf,0,0,1,3025
1.0,0.0,0.0,0,89203,1,rf,0,0,1,3025
1.0,0.0,0.0,0,89163,1,rf,0,0,1,3025
1.0,0.0,0.0,0,89162,1,rf,0,0,1,3025
1.0,0.0,0.0,0,89223,1,rf,0,0,1,3025
0.6,0.0,0.4,0,89164,1,rf,0,0,1,3025
1.0,0.0,0.0,0,89170,1,rf,0,0,1,3025
1.0,0.0,0.0,0,89165,1,rf,0,0,1,3025
1.0,0.0,0.0,0,89167,1,rf,0,0,1,3025
1.0,0.0,0.0,0,89212,1,rf,0,0,1,3025
1.0,0.0,0.0,0,89179,1,rf,0,0,1,3025
1.0,0.0,0.0,0,89157,1,rf,0,0,1,3025
1.0,0.0,0.0,0,89160,1,rf,0,0,1,3025
1.0,0.0,0.0,0,89166,1,rf,0,0,1,3025
1.0,0.0,0.0,0,89188,1,rf,0,0,1,3025
1.0,0.0,0.0,0,89226,1,rf,0,0,1,3025
1.0,0.0,0.0,0,89152,1,rf,0,0,1,3025
1.0,0.0,0.0,0,89150,1,rf,0,0,1,3025
1.0,0.0,0.0,0,89151,1,rf,0,0,1,3025
1.0,0.0,0.0,0,89200,1,rf,0,0,1,3025
1.0,0.0,0.0,0,89211,1,rf,0,0,1,3025
1.0,0.0,0.0,0,89185,1,rf,0,0,1,3025
1.0,0.0,0.0,0,89202,1,rf,0,0,1,3025
1.0,0.0,0.0,0,89191,1,rf,0,0,1,3025
1.0,0.0,0.0,0,89225,1,rf,0,0,1,3025
1.0,0.0,0.0,0,89215,1,rf,0,0,1,3025
0.0,0.0,1.0,0,89199,1,rf,0,0,1,3025
1.0,0.0,0.0,0,89161,1,rf,0,0,1,3025
1.0,0.0,0.0,0,89205,1,rf,0,0,1,3025
1.0,0.0,0.0,0,89221,1,rf,0,0,1,3025
0.4,0.1,0.5,0,89217,1,rf,0,0,1,3025
1.0,0.0,0.0,0,84806,1,rf,0,0,1,2905
0.9749999999999999,0.008333333333333333,0.016666666666666666,0,84850,1,rf,0,0,1,2905
1.0,0.0,0.0,0,84803,1,rf,0,0,1,2905
1.0,0.0,0.0,0,84820,1,rf,0,0,1,2905
1.0,0.0,0.0,0,84807,1,rf,0,0,1,2905
0.8,0.2,0.0,0,84812,1,rf,0,0,1,2905
1.0,0.0,0.0,0,84815,1,rf,0,0,1,2905
0.9949999999999999,0.0016666666666666666,0.003333333333333333,0,84851,1,rf,0,0,1,2905
1.0,0.0,0.0,0,84821,1,rf,0,0,1,2905
1.0,0.0,0.0,0,84853,1,rf,0,0,1,2905
1.0,0.0,0.0,0,84816,1,rf,0,0,1,2905
1.0,0.0,0.0,0,84852,1,rf,0,0,1,2905
0.9949999999999999,0.0016666666666666666,0.003333333333333333,0,84805,1,rf,0,0,1,2905
0.9949999999999999,0.0016666666666666666,0.003333333333333333,0,84818,1,rf,0,0,1,2905
1.0,0.0,0.0,0,84791,1,rf,0,0,1,2905
1.0,0.0,0.0,0,84793,1,rf,0,0,1,2905
1.0,0.0,0.0,0,84789,1,rf,0,0,1,2905
1.0,0.0,0.0,0,84837,1,rf,0,0,1,2905
1.0,0.0,0.0,0,84798,1,rf,0,0,1,2905
1.0,0.0,0.0,0,84797,1,rf,0,0,1,2905
1.0,0.0,0.0,0,84855,1,rf,0,0,1,2905
1.0,0.0,0.0,0,84799,1,rf,0,0,1,2905
0.9749999999999999,0.008333333333333333,0.016666666666666666,0,84804,1,rf,0,0,1,2905
1.0,0.0,0.0,0,84800,1,rf,0,0,1,2905
1.0,0.0,0.0,0,84802,1,rf,0,0,1,2905
1.0,0.0,0.0,0,84846,1,rf,0,0,1,2905
1.0,0.0,0.0,0,84813,1,rf,0,0,1,2905
0.9949999999999999,0.0016666666666666666,0.003333333333333333,0,84792,1,rf,0,0,1,2905
1.0,0.0,0.0,0,84795,1,rf,0,0,1,2905
1.0,0.0,0.0,0,84801,1,rf,0,0,1,2905
1.0,0.0,0.0,0,84822,1,rf,0,0,1,2905
1.0,0.0,0.0,0,84858,1,rf,0,0,1,2905
1.0,0.0,0.0,0,84787,1,rf,0,0,1,2905
1.0,0.0,0.0,0,84785,1,rf,0,0,1,2905
1.0,0.0,0.0,0,84786,1,rf,0,0,1,2905
1.0,0.0,0.0,0,84834,1,rf,0,0,1,2905
0.9949999999999999,0.0016666666666666666,0.003333333333333333,0,84845,1,rf,0,0,1,2905
0.9949999999999999,0.0016666666666666666,0.003333333333333333,0,84819,1,rf,0,0,1,2905
1.0,0.0,0.0,0,84836,1,rf,0,0,1,2905
1.0,0.0,0.0,0,84825,1,rf,0,0,1,2905
1.0,0.0,0.0,0,84857,1,rf,0,0,1,2905
1.0,0.0,0.0,0,84849,1,rf,0,0,1,2905
1.0,0.0,0.0,0,84833,1,rf,0,0,1,2905
1.0,0.0,0.0,0,84796,1,rf,0,0,1,2905
1.0,0.0,0.0,0,84839,1,rf,0,0,1,2905
1.0,0.0,0.0,0,78137,1,rf,0,0,3,2733
0.982758620689655,0.01724137931034483,0.0,0,78179,1,rf,0,0,3,2733
1.0,0.0,0.0,0,78134,1,rf,0,0,3,2733
1.0,0.0,0.0,0,78150,1,rf,0,0,3,2733
0.0,1.0,0.0,0,78138,1,rf,0,0,3,2733
1.0,0.0,0.0,0,78142,1,rf,0,0,3,2733
1.0,0.0,0.0,0,78145,1,rf,0,0,3,2733
1.0,0.0,0.0,0,78180,1,rf,0,0,3,2733
1.0,0.0,0.0,0,78151,1,rf,0,0,3,2733
1.0,0.0,0.0,0,78182,1,rf,0,0,3,2733
1.0,0.0,0.0,0,78146,1,rf,0,0,3,2733
1.0,0.0,0.0,0,78181,1,rf,0,0,3,2733
1.0,0.0,0.0,0,78136,1,rf,0,0,3,2733
1.0,0.0,0.0,0,78148,1,rf,0,0,3,2733
1.0,0.0,0.0,0,78121,1,rf,0,0,3,2733
1.0,0.0,0.0,0,78123,1,rf,0,0,3,2733
1.0,0.0,0.0,0,78119,1,rf,0,0,3,2733
1.0,0.0,0.0,0,78167,1,rf,0,0,3,2733
1.0,0.0,0.0,0,78128,1,rf,0,0,3,2733
1.0,0.0,0.0,0,78127,1,rf,0,0,3,2733
1.0,0.0,0.0,0,78184,1,rf,0,0,3,2733
1.0,0.0,0.0,0,78129,1,rf,0,0,3,2733
0.982758620689655,0.01724137931034483,0.0,0,78135,1,rf,0,0,3,2733
1.0,0.0,0.0,0,78130,1,rf,0,0,3,2733
1.0,0.0,0.0,0,78132,1,rf,0,0,3,2733
1.0,0.0,0.0,0,78176,1,rf,0,0,3,2733
1.0,0.0,0.0,0,78143,1,rf,0,0,3,2733
1.0,0.0,0.0,0,78122,1,rf,0,0,3,2733
1.0,0.0,0.0,0,78125,1,rf,0,0,3,2733
1.0,0.0,0.0,0,78131,1,rf,0,0,3,2733
1.0,0.0,0.0,0,78152,1,rf,0,0,3,2733
1.0,0.0,0.0,0,78187,1,rf,0,0,3,2733
1.0,0.0,0.0,0,78117,1,rf,0,0,3,2733
1.0,0.0,0.0,0,78115,1,rf,0,0,3,2733
1.0,0.0,0.0,0,78116,1,rf,0,0,3,2733
1.0,0.0,0.0,0,78164,1,rf,0,0,3,2733
1.0,0.0,0.0,0,78175,1,rf,0,0,3,2733
1.0,0.0,0.0,0,78149,1,rf,0,0,3,2733
1.0,0.0,0.0,0,78166,1,rf,0,0,3,2733
1.0,0.0,0.0,0,78155,1,rf,0,0,3,2733
1.0,0.0,0.0,0,78186,1,rf,0,0,3,2733
1.0,0.0,0.0,0,78178,1,rf,0,0,3,2733
1.0,0.0,0.0,0,78163,1,rf,0,0,3,2733
1.0,0.0,0.0,0,78126,1,rf,0,0,3,2733
1.0,0.0,0.0,0,78169,1,rf,0,0,3,2733
1.0,0.0,0.0,0,92492,1,rf,0,0,4,3109
1.0,0.0,0.0,2,92547,1,rf,1,0,4,3109
1.0,0.0,0.0,0,92489,1,rf,0,0,4,3109
1.0,0.0,0.0,0,92506,1,rf,0,0,4,3109
1.0,0.0,0.0,0,92493,1,rf,0,0,4,3109
1.0,0.0,0.0,0,92498,1,rf,0,0,4,3109
1.0,0.0,0.0,0,92501,1,rf,0,0,4,3109
1.0,0.0,0.0,0,92538,1,rf,0,0,4,3109
1.0,0.0,0.0,0,92507,1,rf,0,0,4,3109
1.0,0.0,0.0,0,92540,1,rf,0,0,4,3109
1.0,0.0,0.0,0,92502,1,rf,0,0,4,3109
1.0,0.0,0.0,0,92539,1,rf,0,0,4,3109
1.0,0.0,0.0,0,92491,1,rf,0,0,4,3109
1.0,0.0,0.0,0,92504,1,rf,0,0,4,3109
1.0,0.0,0.0,0,92476,1,rf,0,0,4,3109
1.0,0.0,0.0,0,92478,1,rf,0,0,4,3109
1.0,0.0,0.0,0,92474,1,rf,0,0,4,3109
1.0,0.0,0.0,0,92523,1,rf,0,0,4,3109
1.0,0.0,0.0,0,92483,1,rf,0,0,4,3109
0.7,0.3,0.0,0,92482,1,rf,0,0,4,3109
1.0,0.0,0.0,0,92543,1,rf,0,0,4,3109
1.0,0.0,0.0,0,92484,1,rf,0,0,4,3109
1.0,0.0,0.0,0,92490,1,rf,0,0,4,3109
1.0,0.0,0.0,0,92485,1,rf,0,0,4,3109
1.0,0.0,0.0,0,92487,1,rf,0,0,4,3109
1.0,0.0,0.0,0,92532,1,rf,0,0,4,3109
1.0,0.0,0.0,0,92499,1,rf,0,0,4,3109
1.0,0.0,0.0,0,92477,1,rf,0,0,4,3109
1.0,0.0,0.0,0,92480,1,rf,0,0,4,3109
1.0,0.0,0.0,0,92486,1,rf,0,0,4,3109
1.0,0.0,0.0,0,92508,1,rf,0,0,4,3109
1.0,0.0,0.0,0,92546,1,rf,0,0,4,3109
1.0,0.0,0.0,0,92472,1,rf,0,0,4,3109
1.0,0.0,0.0,0,92470,1,rf,0,0,4,3109
1.0,0.0,0.0,0,92471,1,rf,0,0,4,3109
1.0,0.0,0.0,0,92520,1,rf,0,0,4,3109
1.0,0.0,0.0,0,92531,1,rf,0,0,4,3109
1.0,0.0,0.0,0,92505,1,rf,0,0,4,3109
1.0,0.0,0.0,0,92522,1,rf,0,0,4,3109
1.0,0.0,0.0,0,92511,1,rf,0,0,4,3109
1.0,0.0,0.0,0,92545,1,rf,0,0,4,3109
1.0,0.0,0.0,0,92536,1,rf,0,0,4,3109
1.0,0.0,0.0,0,92519,1,rf,0,0,4,3109
1.0,0.0,0.0,0,92481,1,rf,0,0,4,3109
1.0,0.0,0.0,0,92525,1,rf,0,0,4,3109
0.5,0.5,0.0,0,92541,1,rf,0,0,4,3109
0.982758620689655,0.01724137931034483,0.0,0,92537,1,rf,0,0,4,3109
1.0,0.0,0.0,0,80378,1,rf,0,0,2,2794
1.0,0.0,0.0,0,80421,1,rf,0,0,2,2794
1.0,0.0,0.0,0,80375,1,rf,0,0,2,2794
1.0,0.0,0.0,0,80392,1,rf,0,0,2,2794
1.0,0.0,0.0,0,80379,1,rf,0,0,2,2794
1.0,0.0,0.0,0,80384,1,rf,0,0,2,2794
1.0,0.0,0.0,0,80387,1,rf,0,0,2,2794
1.0,0.0,0.0,0,80422,1,rf,0,0,2,2794
1.0,0.0,0.0,1,80430,1,rf,0,1,2,2794
1.0,0.0,0.0,0,80424,1,rf,0,0,2,2794
1.0,0.0,0.0,0,80388,1,rf,0,0,2,2794
1.0,0.0,0.0,0,80423,1,rf,0,0,2,2794
1.0,0.0,0.0,0,80377,1,rf,0,0,2,2794
1.0,0.0,0.0,0,80390,1,rf,0,0,2,2794
1.0,0.0,0.0,0,80362,1,rf,0,0,2,2794
1.0,0.0,0.0,0,80364,1,rf,0,0,2,2794
1.0,0.0,0.0,0,80360,1,rf,0,0,2,2794
1.0,0.0,0.0,0,80408,1,rf,0,0,2,2794
1.0,0.0,0.0,0,80369,1,rf,0,0,2,2794
1.0,0.0,0.0,0,80368,1,rf,0,0,2,2794
1.0,0.0,0.0,0,80426,1,rf,0,0,2,2794
1.0,0.0,0.0,0,80370,1,rf,0,0,2,2794
1.0,0.0,0.0,0,80376,1,rf,0,0,2,2794
1.0,0.0,0.0,0,80371,1,rf,0,0,2,2794
1.0,0.0,0.0,0,80373,1,rf,0,0,2,2794
1.0,0.0,0.0,0,80417,1,rf,0,0,2,2794
1.0,0.0,0.0,0,80385,1,rf,0,0,2,2794
1.0,0.0,0.0,0,80363,1,rf,0,0,2,2794
1.0,0.0,0.0,0,80366,1,rf,0,0,2,2794
1.0,0.0,0.0,0,80372,1,rf,0,0,2,2794
1.0,0.0,0.0,0,80393,1,rf,0,0,2,2794
1.0,0.0,0.0,0,80429,1,rf,0,0,2,2794
1.0,0.0,0.0,0,80358,1,rf,0,0,2,2794
1.0,0.0,0.0,0,80356,1,rf,0,0,2,2794
1.0,0.0,0.0,0,80357,1,rf,0,0,2,2794
1.0,0.0,0.0,0,80405,1,rf,0,0,2,2794
1.0,0.0,0.0,0,80416,1,rf,0,0,2,2794
1.0,0.0,0.0,0,80391,1,rf,0,0,2,2794
1.0,0.0,0.0,0,80407,1,rf,0,0,2,2794
1.0,0.0,0.0,0,80396,1,rf,0,0,2,2794
1.0,0.0,0.0,0,80428,1,rf,0,0,2,2794
1.0,0.0,0.0,0,80420,1,rf,0,0,2,2794
0.8,0.2,0.0,0,80404,1,rf,0,0,2,2794
1.0,0.0,0.0,0,80367,1,rf,0,0,2,2794
1.0,0.0,0.0,0,80410,1,rf,0,0,2,2794
1.0,0.0,0.0,0,92336,1,rf,0,0,4,3106
0.972972972972973,0.0,0.02702702702702703,0,92381,1,rf,0,0,4,3106
1.0,0.0,0.0,0,92334,1,rf,0,0,4,3106
1.0,0.0,0.0,0,92350,1,rf,0,0,4,3106
1.0,0.0,0.0,0,92337,1,rf,0,0,4,3106
1.0,0.0,0.0,0,92342,1,rf,0,0,4,3106
1.0,0.0,0.0,0,92345,1,rf,0,0,4,3106
0.972972972972973,0.0,0.02702702702702703,0,92383,1,rf,0,0,4,3106
1.0,0.0,0.0,0,92351,1,rf,0,0,4,3106
1.0,0.0,0.0,0,92385,1,rf,0,0,4,3106
1.0,0.0,0.0,0,92346,1,rf,0,0,4,3106
1.0,0.0,0.0,0,92384,1,rf,0,0,4,3106
0.9871794871794872,0.0,0.01282051282051282,0,92335,1,rf,0,0,4,3106
0.9871794871794872,0.0,0.01282051282051282,0,92348,1,rf,0,0,4,3106
1.0,0.0,0.0,0,92321,1,rf,0,0,4,3106
1.0,0.0,0.0,0,92323,1,rf,0,0,4,3106
1.0,0.0,0.0,0,92319,1,rf,0,0,4,3106
1.0,0.0,0.0,0,92367,1,rf,0,0,4,3106
1.0,0.0,0.0,0,92328,1,rf,0,0,4,3106
0.7,0.3,0.0,0,92327,1,rf,0,0,4,3106
1.0,0.0,0.0,0,92388,1,rf,0,0,4,3106
1.0,0.0,0.0,0,92329,1,rf,0,0,4,3106
1.0,0.0,0.0,2,92392,1,rf,1,0,4,3106
1.0,0.0,0.0,0,92330,1,rf,0,0,4,3106
1.0,0.0,0.0,0,92332,1,rf,0,0,4,3106
1.0,0.0,0.0,0,92376,1,rf,0,0,4,3106
1.0,0.0,0.0,0,92343,1,rf,0,0,4,3106
0.9871794871794872,0.0,0.01282051282051282,0,92322,1,rf,0,0,4,3106
1.0,0.0,0.0,0,92325,1,rf,0,0,4,3106
1.0,0.0,0.0,0,92331,1,rf,0,0,4,3106
1.0,0.0,0.0,0,92352,1,rf,0,0,4,3106
1.0,0.0,0.0,0,92391,1,rf,0,0,4,3106
1.0,0.0,0.0,0,92317,1,rf,0,0,4,3106
1.0,0.0,0.0,0,92315,1,rf,0,0,4,3106
1.0,0.0,0.0,0,92316,1,rf,0,0,4,3106
1.0,0.0,0.0,0,92364,1,rf,0,0,4,3106
0.9871794871794872,0.0,0.01282051282051282,0,92375,1,rf,0,0,4,3106
0.9871794871794872,0.0,0.01282051282051282,0,92349,1,rf,0,0,4,3106
1.0,0.0,0.0,0,92366,1,rf,0,0,4,3106
1.0,0.0,0.0,0,92355,1,rf,0,0,4,3106
1.0,0.0,0.0,0,92390,1,rf,0,0,4,3106
1.0,0.0,0.0,0,92380,1,rf,0,0,4,3106
1.0,0.0,0.0,0,92363,1,rf,0,0,4,3106
1.0,0.0,0.0,0,92326,1,rf,0,0,4,3106
1.0,0.0,0.0,0,92369,1,rf,0,0,4,3106
0.9871794871794872,0.0,0.01282051282051282,0,92386,1,rf,0,0,4,3106
0.9871794871794872,0.0,0.01282051282051282,0,92382,1,rf,0,0,4,3106
1.0,0.0,0.0,0,93640,1,rf,0,0,5,3142
1.0,0.0,0.0,0,93684,1,rf,0,0,5,3142
1.0,0.0,0.0,0,93637,1,rf,0,0,5,3142
1.0,0.0,0.0,0,93654,1,rf,0,0,5,3142
1.0,0.0,0.0,0,93641,1,rf,0,0,5,3142
1.0,0.0,0.0,0,93646,1,rf,0,0,5,3142
1.0,0.0,0.0,0,93649,1,rf,0,0,5,3142
0.972972972972973,0.0,0.02702702702702703,0,93686,1,rf,0,0,5,3142
1.0,0.0,0.0,0,93655,1,rf,0,0,5,3142
1.0,0.0,0.0,0,93688,1,rf,0,0,5,3142
1.0,0.0,0.0,0,93650,1,rf,0,0,5,3142
1.0,0.0,0.0,0,93687,1,rf,0,0,5,3142
0.9871794871794872,0.0,0.01282051282051282,0,93639,1,rf,0,0,5,3142
0.9871794871794872,0.0,0.01282051282051282,0,93652,1,rf,0,0,5,3142
1.0,0.0,0.0,0,93624,1,rf,0,0,5,3142
1.0,0.0,0.0,0,93626,1,rf,0,0,5,3142
1.0,0.0,0.0,0,93622,1,rf,0,0,5,3142
1.0,0.0,0.0,0,93671,1,rf,0,0,5,3142
0.972972972972973,0.0,0.02702702702702703,0,93631,1,rf,0,0,5,3142
0.7,0.3,0.0,0,93630,1,rf,0,0,5,3142
1.0,0.0,0.0,0,93691,1,rf,0,0,5,3142
1.0,0.0,0.0,0,93632,1,rf,0,0,5,3142
1.0,0.0,0.0,0,93638,1,rf,0,0,5,3142
1.0,0.0,0.0,0,93633,1,rf,0,0,5,3142
1.0,0.0,0.0,0,93635,1,rf,0,0,5,3142
1.0,0.0,0.0,0,93679,1,rf,0,0,5,3142
1.0,0.0,0.0,0,93647,1,rf,0,0,5,3142
0.9871794871794872,0.0,0.01282051282051282,0,93625,1,rf,0,0,5,3142
1.0,0.0,0.0,0,93628,1,rf,0,0,5,3142
1.0,0.0,0.0,0,93634,1,rf,0,0,5,3142
1.0,0.0,0.0,0,93656,1,rf,0,0,5,3142
1.0,0.0,0.0,0,93694,1,rf,0,0,5,3142
1.0,0.0,0.0,0,93620,1,rf,0,0,5,3142
1.0,0.0,0.0,0,93618,1,rf,0,0,5,3142
1.0,0.0,0.0,0,93619,1,rf,0,0,5,3142
1.0,0.0,0.0,0,93668,1,rf,0,0,5,3142
0.9871794871794872,0.0,0.01282051282051282,0,93678,1,rf,0,0,5,3142
0.9871794871794872,0.0,0.01282051282051282,0,93653,1,rf,0,0,5,3142
1.0,0.0,0.0,0,93670,1,rf,0,0,5,3142
1.0,0.0,0.0,0,93659,1,rf,0,0,5,3142
1.0,0.0,0.0,0,93693,1,rf,0,0,5,3142
1.0,0.0,0.0,0,93683,1,rf,0,0,5,3142
1.0,0.0,0.0,0,93667,1,rf,0,0,5,3142
1.0,0.0,0.0,0,93629,1,rf,0,0,5,3142
1.0,0.0,0.0,0,93673,1,rf,0,0,5,3142
0.9871794871794872,0.0,0.01282051282051282,0,93689,1,rf,0,0,5,3142
0.9871794871794872,0.0,0.01282051282051282,0,93685,1,rf,0,0,5,3142
1.0,0.0,0.0,0,76475,1,rf,0,0,7,2689
0.0,0.0,1.0,0,76517,1,rf,0,0,7,2689
1.0,0.0,0.0,0,76472,1,rf,0,0,7,2689
1.0,0.0,0.0,0,76489,1,rf,0,0,7,2689
0.7,0.3,0.0,0,76476,1,rf,0,0,7,2689
1.0,0.0,0.0,0,76481,1,rf,0,0,7,2689
1.0,0.0,0.0,0,76484,1,rf,0,0,7,2689
0.0,0.0,1.0,0,76518,1,rf,0,0,7,2689
1.0,0.0,0.0,0,76490,1,rf,0,0,7,2689
1.0,0.0,0.0,0,76520,1,rf,0,0,7,2689
0.0,1.0,0.0,0,76485,1,rf,0,0,7,2689
1.0,0.0,0.0,0,76519,1,rf,0,0,7,2689
0.0,0.0,1.0,0,76474,1,rf,0,0,7,2689
0.0,0.0,1.0,0,76487,1,rf,0,0,7,2689
1.0,0.0,0.0,0,76459,1,rf,0,0,7,2689
0.0,1.0,0.0,0,76461,1,rf,0,0,7,2689
1.0,0.0,0.0,0,76457,1,rf,0,0,7,2689
0.4,0.6,0.0,0,76506,1,rf,0,0,7,2689
1.0,0.0,0.0,0,76466,1,rf,0,0,7,2689
1.0,0.0,0.0,0,76465,1,rf,0,0,7,2689
1.0,0.0,0.0,0,76522,1,rf,0,0,7,2689
1.0,0.0,0.0,0,76467,1,rf,0,0,7,2689
0.0,0.0,1.0,0,76473,1,rf,0,0,7,2689
1.0,0.0,0.0,0,76468,1,rf,0,0,7,2689
1.0,0.0,0.0,0,76470,1,rf,0,0,7,2689
1.0,0.0,0.0,0,76514,1,rf,0,0,7,2689
1.0,0.0,0.0,0,76482,1,rf,0,0,7,2689
0.0,0.0,1.0,0,76460,1,rf,0,0,7,2689
1.0,0.0,0.0,0,76463,1,rf,0,0,7,2689
1.0,0.0,0.0,0,76469,1,rf,0,0,7,2689
1.0,0.0,0.0,0,76491,1,rf,0,0,7,2689
1.0,0.0,0.0,0,76525,1,rf,0,0,7,2689
1.0,0.0,0.0,0,76455,1,rf,0,0,7,2689
1.0,0.0,0.0,0,76453,1,rf,0,0,7,2689
1.0,0.0,0.0,0,76454,1,rf,0,0,7,2689
1.0,0.0,0.0,0,76503,1,rf,0,0,7,2689
0.0,0.0,1.0,0,76513,1,rf,0,0,7,2689
0.0,0.0,1.0,0,76488,1,rf,0,0,7,2689
1.0,0.0,0.0,0,76505,1,rf,0,0,7,2689
1.0,0.0,0.0,0,76494,1,rf,0,0,7,2689
1.0,0.0,0.0,0,76524,1,rf,0,0,7,2689
1.0,0.0,0.0,0,76516,1,rf,0,0,7,2689
1.0,0.0,0.0,0,76502,1,rf,0,0,7,2689
1.0,0.0,0.0,0,76464,1,rf,0,0,7,2689
1.0,0.0,0.0,2,76526,1,rf,1,0,7,2689
1.0,0.0,0.0,0,81238,1,rf,0,0,8,2818
0.9799999999999999,0.006666666666666666,0.013333333333333332,0,81282,1,rf,0,0,8,2818
1.0,0.0,0.0,2,81291,1,rf,1,0,8,2818
1.0,0.0,0.0,0,81252,1,rf,0,0,8,2818
0.7,0.3,0.0,0,81239,1,rf,0,0,8,2818
1.0,0.0,0.0,0,81244,1,rf,0,0,8,2818
1.0,0.0,0.0,0,81247,1,rf,0,0,8,2818
1.0,0.0,0.0,0,81283,1,rf,0,0,8,2818
1.0,0.0,0.0,0,81253,1,rf,0,0,8,2818
1.0,0.0,0.0,0,81285,1,rf,0,0,8,2818
1.0,0.0,0.0,0,81248,1,rf,0,0,8,2818
1.0,0.0,0.0,0,81284,1,rf,0,0,8,2818
1.0,0.0,0.0,0,81237,1,rf,0,0,8,2818
1.0,0.0,0.0,0,81250,1,rf,0,0,8,2818
1.0,0.0,0.0,0,81223,1,rf,0,0,8,2818
1.0,0.0,0.0,0,81225,1,rf,0,0,8,2818
1.0,0.0,0.0,0,81221,1,rf,0,0,8,2818
1.0,0.0,0.0,0,81269,1,rf,0,0,8,2818
1.0,0.0,0.0,0,81230,1,rf,0,0,8,2818
1.0,0.0,0.0,0,81229,1,rf,0,0,8,2818
1.0,0.0,0.0,0,81287,1,rf,0,0,8,2818
1.0,0.0,0.0,0,81231,1,rf,0,0,8,2818
0.9799999999999999,0.006666666666666666,0.013333333333333332,0,81236,1,rf,0,0,8,2818
1.0,0.0,0.0,0,81232,1,rf,0,0,8,2818
1.0,0.0,0.0,0,81234,1,rf,0,0,8,2818
1.0,0.0,0.0,0,81278,1,rf,0,0,8,2818
1.0,0.0,0.0,0,81245,1,rf,0,0,8,2818
1.0,0.0,0.0,0,81224,1,rf,0,0,8,2818
1.0,0.0,0.0,0,81227,1,rf,0,0,8,2818
1.0,0.0,0.0,0,81233,1,rf,0,0,8,2818
1.0,0.0,0.0,0,81254,1,rf,0,0,8,2818
1.0,0.0,0.0,0,81290,1,rf,0,0,8,2818
1.0,0.0,0.0,0,81219,1,rf,0,0,8,2818
1.0,0.0,0.0,0,81217,1,rf,0,0,8,2818
1.0,0.0,0.0,0,81218,1,rf,0,0,8,2818
1.0,0.0,0.0,0,81266,1,rf,0,0,8,2818
1.0,0.0,0.0,0,81277,1,rf,0,0,8,2818
1.0,0.0,0.0,0,81251,1,rf,0,0,8,2818
1.0,0.0,0.0,0,81268,1,rf,0,0,8,2818
1.0,0.0,0.0,0,81257,1,rf,0,0,8,2818
1.0,0.0,0.0,0,81289,1,rf,0,0,8,2818
1.0,0.0,0.0,0,81281,1,rf,0,0,8,2818
1.0,0.0,0.0,0,81265,1,rf,0,0,8,2818
1.0,0.0,0.0,0,81228,1,rf,0,0,8,2818
1.0,0.0,0.0,0,81271,1,rf,0,0,8,2818
1.0,0.0,0.0,0,81389,1,rf,0,0,9,2820
0.9799999999999999,0.006666666666666666,0.013333333333333332,0,81433,1,rf,0,0,9,2820
1.0,0.0,0.0,0,81386,1,rf,0,0,9,2820
1.0,0.0,0.0,0,81403,1,rf,0,0,9,2820
0.7,0.3,0.0,0,81390,1,rf,0,0,9,2820
1.0,0.0,0.0,0,81395,1,rf,0,0,9,2820
1.0,0.0,0.0,0,81398,1,rf,0,0,9,2820
1.0,0.0,0.0,0,81434,1,rf,0,0,9,2820
1.0,0.0,0.0,0,81404,1,rf,0,0,9,2820
1.0,0.0,0.0,0,81435,1,rf,0,0,9,2820
1.0,0.0,0.0,0,81399,1,rf,0,0,9,2820
1.0,0.0,0.0,1,81441,1,rf,0,1,9,2820
1.0,0.0,0.0,0,81388,1,rf,0,0,9,2820
1.0,0.0,0.0,0,81401,1,rf,0,0,9,2820
1.0,0.0,0.0,0,81373,1,rf,0,0,9,2820
1.0,0.0,0.0,0,81375,1,rf,0,0,9,2820
1.0,0.0,0.0,0,81371,1,rf,0,0,9,2820
1.0,0.0,0.0,0,81420,1,rf,0,0,9,2820
1.0,0.0,0.0,0,81380,1,rf,0,0,9,2820
1.0,0.0,0.0,0,81379,1,rf,0,0,9,2820
1.0,0.0,0.0,0,81437,1,rf,0,0,9,2820
1.0,0.0,0.0,0,81381,1,rf,0,0,9,2820
0.9799999999999999,0.006666666666666666,0.013333333333333332,0,81387,1,rf,0,0,9,2820
1.0,0.0,0.0,0,81382,1,rf,0,0,9,2820
1.0,0.0,0.0,0,81384,1,rf,0,0,9,2820
1.0,0.0,0.0,0,81429,1,rf,0,0,9,2820
1.0,0.0,0.0,0,81396,1,rf,0,0,9,2820
1.0,0.0,0.0,0,81374,1,rf,0,0,9,2820
1.0,0.0,0.0,0,81377,1,rf,0,0,9,2820
1.0,0.0,0.0,0,81383,1,rf,0,0,9,2820
1.0,0.0,0.0,0,81405,1,rf,0,0,9,2820
1.0,0.0,0.0,0,81440,1,rf,0,0,9,2820
1.0,0.0,0.0,0,81369,1,rf,0,0,9,2820
1.0,0.0,0.0,0,81367,1,rf,0,0,9,2820
1.0,0.0,0.0,0,81368,1,rf,0,0,9,2820
1.0,0.0,0.0,0,81417,1,rf,0,0,9,2820
1.0,0.0,0.0,0,81428,1,rf,0,0,9,2820
1.0,0.0,0.0,0,81402,1,rf,0,0,9,2820
1.0,0.0,0.0,0,81419,1,rf,0,0,9,2820
1.0,0.0,0.0,0,81408,1,rf,0,0,9,2820
1.0,0.0,0.0,0,81439,1,rf,0,0,9,2820
1.0,0.0,0.0,0,81432,1,rf,0,0,9,2820
1.0,0.0,0.0,0,81416,1,rf,0,0,9,2820
1.0,0.0,0.0,0,81378,1,rf,0,0,9,2820
1.0,0.0,0.0,0,81422,1,rf,0,0,9,2820
1.0,0.0,0.0,0,88099,1,rf,0,0,3,3000
1.0,0.0,0.0,0,88143,1,rf,0,0,3,3000
1.0,0.0,0.0,0,88096,1,rf,0,0,3,3000
1.0,0.0,0.0,0,88113,1,rf,0,0,3,3000
1.0,0.0,0.0,0,88100,1,rf,0,0,3,3000
1.0,0.0,0.0,0,88105,1,rf,0,0,3,3000
1.0,0.0,0.0,0,88108,1,rf,0,0,3,3000
1.0,0.0,0.0,0,88144,1,rf,0,0,3,3000
1.0,0.0,0.0,0,88114,1,rf,0,0,3,3000
1.0,0.0,0.0,0,88146,1,rf,0,0,3,3000
1.0,0.0,0.0,0,88109,1,rf,0,0,3,3000
1.0,0.0,0.0,0,88145,1,rf,0,0,3,3000
1.0,0.0,0.0,0,88098,1,rf,0,0,3,3000
1.0,0.0,0.0,0,88111,1,rf,0,0,3,3000
1.0,0.0,0.0,0,88084,1,rf,0,0,3,3000
1.0,0.0,0.0,0,88086,1,rf,0,0,3,3000
1.0,0.0,0.0,0,88082,1,rf,0,0,3,3000
1.0,0.0,0.0,0,88130,1,rf,0,0,3,3000
1.0,0.0,0.0,0,88091,1,rf,0,0,3,3000
1.0,0.0,0.0,0,88090,1,rf,0,0,3,3000
1.0,0.0,0.0,0,88148,1,rf,0,0,3,3000
0.0,0.0,1.0,1,88152,1,rf,0,1,3,3000
0.982758620689655,0.01724137931034483,0.0,0,88097,1,rf,0,0,3,3000
1.0,0.0,0.0,0,88092,1,rf,0,0,3,3000
1.0,0.0,0.0,0,88094,1,rf,0,0,3,3000
1.0,0.0,0.0,0,88139,1,rf,0,0,3,3000
1.0,0.0,0.0,0,88106,1,rf,0,0,3,3000
1.0,0.0,0.0,0,88085,1,rf,0,0,3,3000
1.0,0.0,0.0,0,88088,1,rf,0,0,3,3000
1.0,0.0,0.0,0,88093,1,rf,0,0,3,3000
1.0,0.0,0.0,0,88115,1,rf,0,0,3,3000
1.0,0.0,0.0,0,88151,1,rf,0,0,3,3000
1.0,0.0,0.0,0,88080,1,rf,0,0,3,3000
1.0,0.0,0.0,0,88078,1,rf,0,0,3,3000
1.0,0.0,0.0,0,88079,1,rf,0,0,3,3000
1.0,0.0,0.0,0,88127,1,rf,0,0,3,3000
1.0,0.0,0.0,0,88138,1,rf,0,0,3,3000
1.0,0.0,0.0,0,88112,1,rf,0,0,3,3000
1.0,0.0,0.0,0,88129,1,rf,0,0,3,3000
1.0,0.0,0.0,0,88118,1,rf,0,0,3,3000
1.0,0.0,0.0,0,88150,1,rf,0,0,3,3000
1.0,0.0,0.0,0,88142,1,rf,0,0,3,3000
1.0,0.0,0.0,0,88126,1,rf,0,0,3,3000
1.0,0.0,0.0,0,88089,1,rf,0,0,3,3000
1.0,0.0,0.0,0,88132,1,rf,0,0,3,3000
0.3,0.7,0.0,0,95956,1,rf,0,0,1,3199
1.0,0.0,0.0,0,96001,1,rf,0,0,1,3199
1.0,0.0,0.0,0,95953,1,rf,0,0,1,3199
1.0,0.0,0.0,0,95970,1,rf,0,0,1,3199
1.0,0.0,0.0,0,95957,1,rf,0,0,1,3199
1.0,0.0,0.0,0,95962,1,rf,0,0,1,3199
1.0,0.0,0.0,0,95965,1,rf,0,0,1,3199
1.0,0.0,0.0,0,96003,1,rf,0,0,1,3199
1.0,0.0,0.0,0,95971,1,rf,0,0,1,3199
1.0,0.0,0.0,0,96004,1,rf,0,0,1,3199
1.0,0.0,0.0,0,95966,1,rf,0,0,1,3199
1.0,0.0,0.0,2,96011,1,rf,1,0,1,3199
1.0,0.0,0.0,0,95955,1,rf,0,0,1,3199
1.0,0.0,0.0,0,95968,1,rf,0,0,1,3199
1.0,0.0,0.0,0,95940,1,rf,0,0,1,3199
1.0,0.0,0.0,0,95942,1,rf,0,0,1,3199
1.0,0.0,0.0,0,95938,1,rf,0,0,1,3199
1.0,0.0,0.0,0,95987,1,rf,0,0,1,3199
0.7999999999999999,0.0,0.19999999999999998,0,95947,1,rf,0,0,1,3199
0.3,0.7,0.0,0,95946,1,rf,0,0,1,3199
1.0,0.0,0.0,0,96007,1,rf,0,0,1,3199
0.6,0.0,0.4,0,95948,1,rf,0,0,1,3199
1.0,0.0,0.0,0,95954,1,rf,0,0,1,3199
1.0,0.0,0.0,0,95949,1,rf,0,0,1,3199
1.0,0.0,0.0,0,95951,1,rf,0,0,1,3199
1.0,0.0,0.0,0,95996,1,rf,0,0,1,3199
1.0,0.0,0.0,0,95963,1,rf,0,0,1,3199
1.0,0.0,0.0,0,95941,1,rf,0,0,1,3199
1.0,0.0,0.0,0,95944,1,rf,0,0,1,3199
1.0,0.0,0.0,0,95950,1,rf,0,0,1,3199
1.0,0.0,0.0,0,95972,1,rf,0,0,1,3199
1.0,0.0,0.0,0,96010,1,rf,0,0,1,3199
1.0,0.0,0.0,0,95936,1,rf,0,0,1,3199
1.0,0.0,0.0,0,95934,1,rf,0,0,1,3199
1.0,0.0,0.0,0,95935,1,rf,0,0,1,3199
1.0,0.0,0.0,0,95984,1,rf,0,0,1,3199
1.0,0.0,0.0,0,95995,1,rf,0,0,1,3199
1.0,0.0,0.0,0,95969,1,rf,0,0,1,3199
1.0,0.0,0.0,0,95986,1,rf,0,0,1,3199
1.0,0.0,0.0,0,95975,1,rf,0,0,1,3199
1.0,0.0,0.0,0,96009,1,rf,0,0,1,3199
1.0,0.0,0.0,0,96000,1,rf,0,0,1,3199
0.0,0.0,1.0,0,95983,1,rf,0,0,1,3199
1.0,0.0,0.0,0,95945,1,rf,0,0,1,3199
1.0,0.0,0.0,0,95989,1,rf,0,0,1,3199
1.0,0.0,0.0,0,96005,1,rf,0,0,1,3199
1.0,0.0,0.0,0,96002,1,rf,0,0,1,3199
1.0,0.0,0.0,0,90694,1,rf,0,0,1,3064
1.0,0.0,0.0,0,90739,1,rf,0,0,1,3064
1.0,0.0,0.0,0,90691,1,rf,0,0,1,3064
1.0,0.0,0.0,0,90708,1,rf,0,0,1,3064
1.0,0.0,0.0,0,90695,1,rf,0,0,1,3064
1.0,0.0,0.0,0,90700,1,rf,0,0,1,3064
1.0,0.0,0.0,0,90703,1,rf,0,0,1,3064
1.0,0.0,0.0,0,90740,1,rf,0,0,1,3064
1.0,0.0,0.0,0,90709,1,rf,0,0,1,3064
1.0,0.0,0.0,0,90742,1,rf,0,0,1,3064
1.0,0.0,0.0,0,90704,1,rf,0,0,1,3064
1.0,0.0,0.0,0,90741,1,rf,0,0,1,3064
1.0,0.0,0.0,0,90693,1,rf,0,0,1,3064
1.0,0.0,0.0,0,90706,1,rf,0,0,1,3064
1.0,0.0,0.0,0,90678,1,rf,0,0,1,3064
1.0,0.0,0.0,0,90680,1,rf,0,0,1,3064
1.0,0.0,0.0,0,90676,1,rf,0,0,1,3064
1.0,0.0,0.0,0,90725,1,rf,0,0,1,3064
1.0,0.0,0.0,0,90685,1,rf,0,0,1,3064
1.0,0.0,0.0,0,90684,1,rf,0,0,1,3064
1.0,0.0,0.0,0,90745,1,rf,0,0,1,3064
0.0,0.0,1.0,0,90686,1,rf,0,0,1,3064
0.982758620689655,0.01724137931034483,0.0,0,90692,1,rf,0,0,1,3064
1.0,0.0,0.0,0,90687,1,rf,0,0,1,3064
1.0,0.0,0.0,0,90689,1,rf,0,0,1,3064
1.0,0.0,0.0,0,90734,1,rf,0,0,1,3064
1.0,0.0,0.0,0,90701,1,rf,0,0,1,3064
1.0,0.0,0.0,0,90679,1,rf,0,0,1,3064
1.0,0.0,0.0,0,90682,1,rf,0,0,1,3064
1.0,0.0,0.0,0,90688,1,rf,0,0,1,3064
1.0,0.0,0.0,0,90710,1,rf,0,0,1,3064
1.0,0.0,0.0,0,90748,1,rf,0,0,1,3064
1.0,0.0,0.0,0,90674,1,rf,0,0,1,3064
1.0,0.0,0.0,0,90672,1,rf,0,0,1,3064
0.7,0.0,0.3,0,90673,1,rf,0,0,1,3064
1.0,0.0,0.0,0,90722,1,rf,0,0,1,3064
1.0,0.0,0.0,0,90733,1,rf,0,0,1,3064
1.0,0.0,0.0,0,90707,1,rf,0,0,1,3064
1.0,0.0,0.0,0,90724,1,rf,0,0,1,3064
1.0,0.0,0.0,0,90713,1,rf,0,0,1,3064
1.0,0.0,0.0,0,90747,1,rf,0,0,1,3064
1.0,0.0,0.0,0,90738,1,rf,0,0,1,3064
1.0,0.0,0.0,0,90721,1,rf,0,0,1,3064
1.0,0.0,0.0,0,90683,1,rf,0,0,1,3064
1.0,0.0,0.0,0,90727,1,rf,0,0,1,3064
0.5,0.5,0.0,0,90743,1,rf,0,0,1,3064
0.982758620689655,0.01724137931034483,0.0,2,90749,1,rf,1,0,1,3064
0.7,0.3,0.0,0,94297,1,rf,0,0,3,3156
1.0,0.0,0.0,0,94341,1,rf,0,0,3,3156
1.0,0.0,0.0,0,94294,1,rf,0,0,3,3156
1.0,0.0,0.0,0,94311,1,rf,0,0,3,3156
1.0,0.0,0.0,0,94298,1,rf,0,0,3,3156
1.0,0.0,0.0,0,94303,1,rf,0,0,3,3156
1.0,0.0,0.0,0,94306,1,rf,0,0,3,3156
1.0,0.0,0.0,0,94343,1,rf,0,0,3,3156
1.0,0.0,0.0,0,94312,1,rf,0,0,3,3156
1.0,0.0,0.0,0,94345,1,rf,0,0,3,3156
1.0,0.0,0.0,0,94307,1,rf,0,0,3,3156
1.0,0.0,0.0,0,94344,1,rf,0,0,3,3156
1.0,0.0,0.0,0,94296,1,rf,0,0,3,3156
1.0,0.0,0.0,0,94309,1,rf,0,0,3,3156
1.0,0.0,0.0,0,94281,1,rf,0,0,3,3156
1.0,0.0,0.0,0,94283,1,rf,0,0,3,3156
1.0,0.0,0.0,0,94279,1,rf,0,0,3,3156
1.0,0.0,0.0,0,94327,1,rf,0,0,3,3156
0.982758620689655,0.01724137931034483,0.0,0,94288,1,rf,0,0,3,3156
0.7,0.3,0.0,0,94287,1,rf,0,0,3,3156
1.0,0.0,0.0,0,94348,1,rf,0,0,3,3156
0.4,0.0,0.6,0,94289,1,rf,0,0,3,3156
1.0,0.0,0.0,0,94295,1,rf,0,0,3,3156
1.0,0.0,0.0,0,94290,1,rf,0,0,3,3156
1.0,0.0,0.0,0,94292,1,rf,0,0,3,3156
1.0,0.0,0.0,0,94336,1,rf,0,0,3,3156
1.0,0.0,0.0,0,94304,1,rf,0,0,3,3156
1.0,0.0,0.0,0,94282,1,rf,0,0,3,3156
1.0,0.0,0.0,0,94285,1,rf,0,0,3,3156
1.0,0.0,0.0,0,94291,1,rf,0,0,3,3156
1.0,0.0,0.0,0,94313,1,rf,0,0,3,3156
1.0,0.0,0.0,0,94351,1,rf,0,0,3,3156
1.0,0.0,0.0,0,94277,1,rf,0,0,3,3156
1.0,0.0,0.0,0,94275,1,rf,0,0,3,3156
0.7,0.0,0.3,0,94276,1,rf,0,0,3,3156
1.0,0.0,0.0,0,94324,1,rf,0,0,3,3156
1.0,0.0,0.0,0,94335,1,rf,0,0,3,3156
1.0,0.0,0.0,0,94310,1,rf,0,0,3,3156
1.0,0.0,0.0,0,94326,1,rf,0,0,3,3156
1.0,0.0,0.0,0,94316,1,rf,0,0,3,3156
1.0,0.0,0.0,0,94350,1,rf,0,0,3,3156
1.0,0.0,0.0,0,94340,1,rf,0,0,3,3156
1.0,0.0,0.0,0,94323,1,rf,0,0,3,3156
1.0,0.0,0.0,0,94286,1,rf,0,0,3,3156
1.0,0.0,0.0,0,94329,1,rf,0,0,3,3156
0.5,0.5,0.0,0,94346,1,rf,0,0,3,3156
0.982758620689655,0.01724137931034483,0.0,0,94342,1,rf,0,0,3,3156
0.0,0.0,1.0,0,79036,1,rf,0,0,2,2756
0.982758620689655,0.01724137931034483,0.0,0,79078,1,rf,0,0,2,2756
1.0,0.0,0.0,0,79033,1,rf,0,0,2,2756
1.0,0.0,0.0,0,79049,1,rf,0,0,2,2756
1.0,0.0,0.0,0,79037,1,rf,0,0,2,2756
1.0,0.0,0.0,0,79041,1,rf,0,0,2,2756
1.0,0.0,0.0,0,79044,1,rf,0,0,2,2756
1.0,0.0,0.0,0,79079,1,rf,0,0,2,2756
1.0,0.0,0.0,0,79050,1,rf,0,0,2,2756
1.0,0.0,0.0,0,79081,1,rf,0,0,2,2756
1.0,0.0,0.0,0,79045,1,rf,0,0,2,2756
1.0,0.0,0.0,0,79080,1,rf,0,0,2,2756
1.0,0.0,0.0,0,79035,1,rf,0,0,2,2756
1.0,0.0,0.0,0,79047,1,rf,0,0,2,2756
1.0,0.0,0.0,0,79020,1,rf,0,0,2,2756
1.0,0.0,0.0,0,79022,1,rf,0,0,2,2756
1.0,0.0,0.0,0,79018,1,rf,0,0,2,2756
1.0,0.0,0.0,0,79066,1,rf,0,0,2,2756
1.0,0.0,0.0,0,79027,1,rf,0,0,2,2756
1.0,0.0,0.0,0,79026,1,rf,0,0,2,2756
1.0,0.0,0.0,0,79083,1,rf,0,0,2,2756
1.0,0.0,0.0,0,79028,1,rf,0,0,2,2756
0.982758620689655,0.01724137931034483,0.0,0,79034,1,rf,0,0,2,2756
1.0,0.0,0.0,0,79029,1,rf,0,0,2,2756
1.0,0.0,0.0,0,79031,1,rf,0,0,2,2756
1.0,0.0,0.0,0,79075,1,rf,0,0,2,2756
1.0,0.0,0.0,0,79042,1,rf,0,0,2,2756
1.0,0.0,0.0,0,79021,1,rf,0,0,2,2756
1.0,0.0,0.0,0,79024,1,rf,0,0,2,2756
1.0,0.0,0.0,0,79030,1,rf,0,0,2,2756
1.0,0.0,0.0,0,79051,1,rf,0,0,2,2756
1.0,0.0,0.0,0,79086,1,rf,0,0,2,2756
0.0,0.0,1.0,0,79016,1,rf,0,0,2,2756
1.0,0.0,0.0,0,79014,1,rf,0,0,2,2756
1.0,0.0,0.0,0,79015,1,rf,0,0,2,2756
1.0,0.0,0.0,0,79063,1,rf,0,0,2,2756
1.0,0.0,0.0,0,79074,1,rf,0,0,2,2756
1.0,0.0,0.0,0,79048,1,rf,0,0,2,2756
0.5,0.0,0.5,0,79065,1,rf,0,0,2,2756
1.0,0.0,0.0,0,79054,1,rf,0,0,2,2756
1.0,0.0,0.0,0,79085,1,rf,0,0,2,2756
1.0,0.0,0.0,0,79077,1,rf,0,0,2,2756
1.0,0.0,0.0,0,79062,1,rf,0,0,2,2756
1.0,0.0,0.0,0,79025,1,rf,0,0,2,2756
1.0,0.0,0.0,0,79068,1,rf,0,0,2,2756
1.0,0.0,0.0,0,76239,1,rf,0,0,25,2682
1.0,0.0,0.0,0,76280,1,rf,0,0,25,2682
1.0,0.0,0.0,0,76236,1,rf,0,0,25,2682
1.0,0.0,0.0,0,76253,1,rf,0,0,25,2682
1.0,0.0,0.0,0,76240,1,rf,0,0,25,2682
1.0,0.0,0.0,0,76245,1,rf,0,0,25,2682
1.0,0.0,0.0,0,76248,1,rf,0,0,25,2682
1.0,0.0,0.0,0,76281,1,rf,0,0,25,2682
1.0,0.0,0.0,0,76254,1,rf,0,0,25,2682
1.0,0.0,0.0,0,76283,1,rf,0,0,25,2682
1.0,0.0,0.0,0,76249,1,rf,0,0,25,2682
1.0,0.0,0.0,0,76282,1,rf,0,0,25,2682
1.0,0.0,0.0,0,76238,1,rf,0,0,25,2682
1.0,0.0,0.0,0,76251,1,rf,0,0,25,2682
1.0,0.0,0.0,0,76223,1,rf,0,0,25,2682
1.0,0.0,0.0,0,76225,1,rf,0,0,25,2682
1.0,0.0,0.0,0,76221,1,rf,0,0,25,2682
1.0,0.0,0.0,0,76269,1,rf,0,0,25,2682
1.0,0.0,0.0,0,76230,1,rf,0,0,25,2682
1.0,0.0,0.0,0,76229,1,rf,0,0,25,2682
1.0,0.0,0.0,0,76285,1,rf,0,0,25,2682
1.0,0.0,0.0,0,76231,1,rf,0,0,25,2682
1.0,0.0,0.0,0,76237,1,rf,0,0,25,2682
1.0,0.0,0.0,0,76232,1,rf,0,0,25,2682
1.0,0.0,0.0,0,76234,1,rf,0,0,25,2682
1.0,0.0,0.0,0,76277,1,rf,0,0,25,2682
1.0,0.0,0.0,0,76246,1,rf,0,0,25,2682
1.0,0.0,0.0,0,76224,1,rf,0,0,25,2682
0.0,0.0,1.0,0,76227,1,rf,0,0,25,2682
1.0,0.0,0.0,0,76233,1,rf,0,0,25,2682
1.0,0.0,0.0,0,76255,1,rf,0,0,25,2682
1.0,0.0,0.0,0,76288,1,rf,0,0,25,2682
1.0,0.0,0.0,0,76219,1,rf,0,0,25,2682
1.0,0.0,0.0,0,76217,1,rf,0,0,25,2682
1.0,0.0,0.0,0,76218,1,rf,0,0,25,2682
1.0,0.0,0.0,0,76267,1,rf,0,0,25,2682
1.0,0.0,0.0,0,76276,1,rf,0,0,25,2682
1.0,0.0,0.0,0,76252,1,rf,0,0,25,2682
1.0,0.0,0.0,0,76268,1,rf,0,0,25,2682
1.0,0.0,0.0,0,76258,1,rf,0,0,25,2682
1.0,0.0,0.0,0,76287,1,rf,0,0,25,2682
1.0,0.0,0.0,0,76279,1,rf,0,0,25,2682
1.0,0.0,0.0,0,76266,1,rf,0,0,25,2682
1.0,0.0,0.0,0,76228,1,rf,0,0,25,2682
1.0,0.0,0.0,0,75653,1,rf,0,0,8,2663
0.7647058823529411,0.0,0.23529411764705882,0,75695,1,rf,0,0,8,2663
1.0,0.0,0.0,0,75651,1,rf,0,0,8,2663
1.0,0.0,0.0,0,75667,1,rf,0,0,8,2663
1.0,0.0,0.0,0,75654,1,rf,0,0,8,2663
1.0,0.0,0.0,0,75659,1,rf,0,0,8,2663
1.0,0.0,0.0,0,75662,1,rf,0,0,8,2663
0.7647058823529411,0.0,0.23529411764705882,0,75696,1,rf,0,0,8,2663
1.0,0.0,0.0,0,75668,1,rf,0,0,8,2663
1.0,0.0,0.0,0,75698,1,rf,0,0,8,2663
1.0,0.0,0.0,0,75663,1,rf,0,0,8,2663
1.0,0.0,0.0,0,75697,1,rf,0,0,8,2663
0.9871794871794872,0.0,0.01282051282051282,2,75704,1,rf,1,0,8,2663
0.9871794871794872,0.0,0.01282051282051282,0,75665,1,rf,0,0,8,2663
1.0,0.0,0.0,0,75638,1,rf,0,0,8,2663
1.0,0.0,0.0,0,75640,1,rf,0,0,8,2663
1.0,0.0,0.0,0,75636,1,rf,0,0,8,2663
1.0,0.0,0.0,0,75684,1,rf,0,0,8,2663
1.0,0.0,0.0,0,75645,1,rf,0,0,8,2663
1.0,0.0,0.0,0,75644,1,rf,0,0,8,2663
1.0,0.0,0.0,0,75700,1,rf,0,0,8,2663
1.0,0.0,0.0,0,75646,1,rf,0,0,8,2663
0.9871794871794872,0.0,0.01282051282051282,0,75652,1,rf,0,0,8,2663
1.0,0.0,0.0,0,75647,1,rf,0,0,8,2663
1.0,0.0,0.0,0,75649,1,rf,0,0,8,2663
1.0,0.0,0.0,0,75692,1,rf,0,0,8,2663
1.0,0.0,0.0,0,75660,1,rf,0,0,8,2663
0.9871794871794872,0.0,0.01282051282051282,0,75639,1,rf,0,0,8,2663
1.0,0.0,0.0,0,75642,1,rf,0,0,8,2663
1.0,0.0,0.0,0,75648,1,rf,0,0,8,2663
1.0,0.0,0.0,0,75669,1,rf,0,0,8,2663
1.0,0.0,0.0,0,75703,1,rf,0,0,8,2663
1.0,0.0,0.0,0,75634,1,rf,0,0,8,2663
1.0,0.0,0.0,0,75632,1,rf,0,0,8,2663
1.0,0.0,0.0,0,75633,1,rf,0,0,8,2663
1.0,0.0,0.0,0,75681,1,rf,0,0,8,2663
0.9871794871794872,0.0,0.01282051282051282,0,75691,1,rf,0,0,8,2663
0.9871794871794872,0.0,0.01282051282051282,0,75666,1,rf,0,0,8,2663
1.0,0.0,0.0,0,75683,1,rf,0,0,8,2663
1.0,0.0,0.0,0,75672,1,rf,0,0,8,2663
1.0,0.0,0.0,0,75702,1,rf,0,0,8,2663
1.0,0.0,0.0,0,75694,1,rf,0,0,8,2663
1.0,0.0,0.0,0,75680,1,rf,0,0,8,2663
1.0,0.0,0.0,0,75643,1,rf,0,0,8,2663
0.0,0.0,1.0,0,82861,1,rf,0,0,1,2857
0.982758620689655,0.01724137931034483,0.0,0,82905,1,rf,0,0,1,2857
1.0,0.0,0.0,0,82858,1,rf,0,0,1,2857
1.0,0.0,0.0,0,82875,1,rf,0,0,1,2857
1.0,0.0,0.0,0,82862,1,rf,0,0,1,2857
0.2,0.0,0.8,0,82867,1,rf,0,0,1,2857
0.0,0.0,1.0,0,82870,1,rf,0,0,1,2857
1.0,0.0,0.0,0,82906,1,rf,0,0,1,2857
1.0,0.0,0.0,0,82876,1,rf,0,0,1,2857
1.0,0.0,0.0,0,82908,1,rf,0,0,1,2857
1.0,0.0,0.0,0,82871,1,rf,0,0,1,2857
1.0,0.0,0.0,0,82907,1,rf,0,0,1,2857
1.0,0.0,0.0,0,82860,1,rf,0,0,1,2857
1.0,0.0,0.0,0,82873,1,rf,0,0,1,2857
1.0,0.0,0.0,0,82845,1,rf,0,0,1,2857
0.5,0.0,0.5,0,82847,1,rf,0,0,1,2857
1.0,0.0,0.0,0,82843,1,rf,0,0,1,2857
1.0,0.0,0.0,0,82892,1,rf,0,0,1,2857
1.0,0.0,0.0,0,82852,1,rf,0,0,1,2857
1.0,0.0,0.0,0,82851,1,rf,0,0,1,2857
1.0,0.0,0.0,0,82910,1,rf,0,0,1,2857
1.0,0.0,0.0,0,82853,1,rf,0,0,1,2857
0.982758620689655,0.01724137931034483,0.0,0,82859,1,rf,0,0,1,2857
0.3,0.0,0.7,0,82854,1,rf,0,0,1,2857
1.0,0.0,0.0,0,82856,1,rf,0,0,1,2857
1.0,0.0,0.0,0,82901,1,rf,0,0,1,2857
0.0,0.0,1.0,0,82868,1,rf,0,0,1,2857
1.0,0.0,0.0,0,82846,1,rf,0,0,1,2857
1.0,0.0,0.0,0,82849,1,rf,0,0,1,2857
1.0,0.0,0.0,0,82855,1,rf,0,0,1,2857
1.0,0.0,0.0,0,82877,1,rf,0,0,1,2857
1.0,0.0,0.0,0,82913,1,rf,0,0,1,2857
1.0,0.0,0.0,0,82842,1,rf,0,0,1,2857
1.0,0.0,0.0,0,82840,1,rf,0,0,1,2857
1.0,0.0,0.0,0,82841,1,rf,0,0,1,2857
1.0,0.0,0.0,0,82889,1,rf,0,0,1,2857
1.0,0.0,0.0,0,82900,1,rf,0,0,1,2857
1.0,0.0,0.0,0,82874,1,rf,0,0,1,2857
0.4,0.0,0.6,0,82891,1,rf,0,0,1,2857
1.0,0.0,0.0,0,82880,1,rf,0,0,1,2857
1.0,0.0,0.0,0,82912,1,rf,0,0,1,2857
1.0,0.0,0.0,0,82904,1,rf,0,0,1,2857
1.0,0.0,0.0,0,82888,1,rf,0,0,1,2857
1.0,0.0,0.0,0,82850,1,rf,0,0,1,2857
1.0,0.0,0.0,0,82894,1,rf,0,0,1,2857
1.0,0.0,0.0,0,91506,1,rf,0,0,1,3083
0.7647058823529411,0.0,0.23529411764705882,0,91550,1,rf,0,0,1,3083
1.0,0.0,0.0,0,91503,1,rf,0,0,1,3083
1.0,0.0,0.0,0,91520,1,rf,0,0,1,3083
1.0,0.0,0.0,0,91507,1,rf,0,0,1,3083
0.2,0.0,0.8,0,91512,1,rf,0,0,1,3083
1.0,0.0,0.0,0,91515,1,rf,0,0,1,3083
0.7647058823529411,0.0,0.23529411764705882,0,91552,1,rf,0,0,1,3083
1.0,0.0,0.0,0,91521,1,rf,0,0,1,3083
1.0,0.0,0.0,0,91554,1,rf,0,0,1,3083
1.0,0.0,0.0,0,91516,1,rf,0,0,1,3083
1.0,0.0,0.0,0,91553,1,rf,0,0,1,3083
0.9871794871794872,0.0,0.01282051282051282,0,91505,1,rf,0,0,1,3083
0.9871794871794872,0.0,0.01282051282051282,0,91518,1,rf,0,0,1,3083
1.0,0.0,0.0,0,91490,1,rf,0,0,1,3083
1.0,0.0,0.0,0,91492,1,rf,0,0,1,3083
1.0,0.0,0.0,0,91488,1,rf,0,0,1,3083
1.0,0.0,0.0,0,91536,1,rf,0,0,1,3083
1.0,0.0,0.0,0,91497,1,rf,0,0,1,3083
1.0,0.0,0.0,0,91496,1,rf,0,0,1,3083
1.0,0.0,0.0,0,91557,1,rf,0,0,1,3083
0.6,0.0,0.4,0,91498,1,rf,0,0,1,3083
0.9871794871794872,0.0,0.01282051282051282,0,91504,1,rf,0,0,1,3083
1.0,0.0,0.0,0,91499,1,rf,0,0,1,3083
1.0,0.0,0.0,0,91501,1,rf,0,0,1,3083
1.0,0.0,0.0,0,91545,1,rf,0,0,1,3083
1.0,0.0,0.0,0,91513,1,rf,0,0,1,3083
0.9871794871794872,0.0,0.01282051282051282,0,91491,1,rf,0,0,1,3083
1.0,0.0,0.0,0,91494,1,rf,0,0,1,3083
1.0,0.0,0.0,0,91500,1,rf,0,0,1,3083
1.0,0.0,0.0,0,91522,1,rf,0,0,1,3083
1.0,0.0,0.0,0,91560,1,rf,0,0,1,3083
1.0,0.0,0.0,0,91486,1,rf,0,0,1,3083
1.0,0.0,0.0,0,91484,1,rf,0,0,1,3083
1.0,0.0,0.0,0,91485,1,rf,0,0,1,3083
1.0,0.0,0.0,0,91534,1,rf,0,0,1,3083
0.9871794871794872,0.0,0.01282051282051282,0,91544,1,rf,0,0,1,3083
0.9871794871794872,0.0,0.01282051282051282,0,91519,1,rf,0,0,1,3083
1.0,0.0,0.0,2,91561,1,rf,1,0,1,3083
1.0,0.0,0.0,0,91525,1,rf,0,0,1,3083
1.0,0.0,0.0,0,91559,1,rf,0,0,1,3083
1.0,0.0,0.0,0,91549,1,rf,0,0,1,3083
1.0,0.0,0.0,0,91533,1,rf,0,0,1,3083
1.0,0.0,0.0,0,91495,1,rf,0,0,1,3083
1.0,0.0,0.0,0,91538,1,rf,0,0,1,3083
0.9871794871794872,0.0,0.01282051282051282,0,91555,1,rf,0,0,1,3083
0.9871794871794872,0.0,0.01282051282051282,0,91551,1,rf,0,0,1,3083
