label_0,label_1,truth,application,hire_positive_truth,fold,algorithm,hire_negative_truth,employer_total_tasks_so_far,choicesetId
0.9953738037558232,0.00462619624417685,0,397281,0,9,sahoo,0,6,9552
0.918740143845209,0.081259856154791,0,397331,0,9,sahoo,0,6,9552
0.999922158130115,7.78418698849743e-05,0,397278,0,9,sahoo,0,6,9552
0.999883008387904,0.0001169916120959668,0,397296,0,9,sahoo,0,6,9552
0.9991202545864648,0.0008797454135352094,0,397282,0,9,sahoo,0,6,9552
0.9987708216028772,0.0012291783971227772,0,397288,0,9,sahoo,0,6,9552
0.9989646724101036,0.0010353275898964118,0,397291,0,9,sahoo,0,6,9552
0.9999452042763602,5.4795723639777034e-05,0,397335,0,9,sahoo,0,6,9552
0.9177362982875374,0.08226370171246257,0,397297,0,9,sahoo,0,6,9552
0.9995240832686257,0.00047591673137426167,0,397337,0,9,sahoo,0,6,9552
0.9993757717041526,0.0006242282958473615,0,397292,0,9,sahoo,0,6,9552
0.9996074451504182,0.0003925548495817548,0,397336,0,9,sahoo,0,6,9552
0.999703793501243,0.00029620649875689633,0,397280,0,9,sahoo,0,6,9552
0.9998654145407531,0.00013458545924695543,0,397294,0,9,sahoo,0,6,9552
0.9987998637448753,0.0012001362551247625,0,397264,0,9,sahoo,0,6,9552
0.9163107608468878,0.0836892391531122,0,397266,0,9,sahoo,0,6,9552
0.9989462517267069,0.0010537482732930687,0,397260,0,9,sahoo,0,6,9552
0.9992236644169401,0.000776335583059897,0,397314,0,9,sahoo,0,6,9552
0.9988141929141315,0.0011858070858684203,0,397271,0,9,sahoo,0,6,9552
0.9996787190118679,0.0003212809881321306,0,397270,0,9,sahoo,0,6,9552
0.9988847680564322,0.0011152319435677367,0,397345,0,9,sahoo,0,6,9552
0.9999732829855731,2.671701442690372e-05,0,397272,0,9,sahoo,0,6,9552
0.9181368803469427,0.08186311965305725,0,397279,0,9,sahoo,0,6,9552
0.9181272185209323,0.08187278147906775,0,397273,0,9,sahoo,0,6,9552
0.9268873285768032,0.07311267142319679,0,397275,0,9,sahoo,0,6,9552
0.9191663514108269,0.0808336485891731,0,397325,0,9,sahoo,0,6,9552
0.9217781689273965,0.07822183107260354,0,397289,0,9,sahoo,0,6,9552
0.9993172976908938,0.0006827023091061484,0,397265,0,9,sahoo,0,6,9552
0.9984561583552142,0.0015438416447858235,0,397268,0,9,sahoo,0,6,9552
0.9995968711941035,0.0004031288058965067,0,397274,0,9,sahoo,0,6,9552
0.9992485826892643,0.0007514173107357437,0,397298,0,9,sahoo,0,6,9552
0.9995171960819459,0.0004828039180541146,2,397355,1,9,sahoo,0,6,9552
0.9989764339152089,0.0010235660847911065,0,397258,0,9,sahoo,0,6,9552
0.9241161188653508,0.07588388113464917,0,397256,0,9,sahoo,0,6,9552
0.9982799689877172,0.0017200310122827528,0,397257,0,9,sahoo,0,6,9552
0.9990919973622241,0.0009080026377758954,0,397311,0,9,sahoo,0,6,9552
0.9997367797832181,0.0002632202167819191,0,397324,0,9,sahoo,0,6,9552
0.9995579796005992,0.000442020399400751,0,397295,0,9,sahoo,0,6,9552
0.9998948813982058,0.00010511860179421833,0,397313,0,9,sahoo,0,6,9552
0.99944974777842,0.0005502522215800327,0,397302,0,9,sahoo,0,6,9552
0.9985238597639926,0.00147614023600739,0,397349,0,9,sahoo,0,6,9552
0.9998358237444643,0.00016417625553561338,0,397329,0,9,sahoo,0,6,9552
0.9984041060021572,0.0015958939978428155,0,397310,0,9,sahoo,0,6,9552
0.9403256543937089,0.05967434560629116,0,397269,0,9,sahoo,0,6,9552
0.9372722053464957,0.06272779465350428,0,397316,0,9,sahoo,0,6,9552
0.939662453220994,0.06033754677900604,0,397340,0,9,sahoo,0,6,9552
0.9951604783927812,0.004839521607218748,0,397334,0,9,sahoo,0,6,9552
0.9996676708961661,0.0003323291038338574,0,397330,0,9,sahoo,0,6,9552
0.9997597915287337,0.00024020847126626175,0,397339,0,9,sahoo,0,6,9552
0.999817831672794,0.00018216832720598702,0,397343,0,9,sahoo,0,6,9552
0.999694694730484,0.00030530526951594495,0,397333,0,9,sahoo,0,6,9552
0.9998002857190567,0.0001997142809433891,0,397341,0,9,sahoo,0,6,9552
0.9480509107224282,0.05194908927757181,0,397323,0,9,sahoo,0,6,9552
0.9884602479791184,0.01153975202088164,0,397338,0,9,sahoo,0,6,9552
0.9984739026004389,0.0015260973995610552,0,397346,0,9,sahoo,0,6,9552
0.9987889192750379,0.0012110807249620737,0,397353,0,9,sahoo,0,6,9552
0.999598017443696,0.00040198255630396047,0,397348,0,9,sahoo,0,6,9552
0.9995262651089876,0.0004737348910124017,0,397317,0,9,sahoo,0,6,9552
0.9953738037558232,0.00462619624417685,0,397006,0,9,sahoo,0,3,9543
0.918740143845209,0.081259856154791,0,397056,0,9,sahoo,0,3,9543
0.999922158130115,7.78418698849743e-05,0,397003,0,9,sahoo,0,3,9543
0.999883008387904,0.0001169916120959668,0,397021,0,9,sahoo,0,3,9543
0.9991202545864648,0.0008797454135352094,0,397007,0,9,sahoo,0,3,9543
0.9987708216028772,0.0012291783971227772,0,397013,0,9,sahoo,0,3,9543
0.9989646724101036,0.0010353275898964118,0,397016,0,9,sahoo,0,3,9543
0.9999452042763602,5.4795723639777034e-05,0,397060,0,9,sahoo,0,3,9543
0.9177362982875374,0.08226370171246257,0,397022,0,9,sahoo,0,3,9543
0.9995240832686257,0.00047591673137426167,0,397062,0,9,sahoo,0,3,9543
0.9993757717041526,0.0006242282958473615,0,397017,0,9,sahoo,0,3,9543
0.9996074451504182,0.0003925548495817548,0,397061,0,9,sahoo,0,3,9543
0.999703793501243,0.00029620649875689633,0,397005,0,9,sahoo,0,3,9543
0.9998654145407531,0.00013458545924695543,0,397019,0,9,sahoo,0,3,9543
0.9987998637448753,0.0012001362551247625,0,396989,0,9,sahoo,0,3,9543
0.9163107608468878,0.0836892391531122,0,396991,0,9,sahoo,0,3,9543
0.9989462517267069,0.0010537482732930687,0,396985,0,9,sahoo,0,3,9543
0.9992236644169401,0.000776335583059897,0,397039,0,9,sahoo,0,3,9543
0.9988141929141315,0.0011858070858684203,0,396996,0,9,sahoo,0,3,9543
0.9996787190118679,0.0003212809881321306,0,396995,0,9,sahoo,0,3,9543
0.9988847680564322,0.0011152319435677367,0,397070,0,9,sahoo,0,3,9543
0.9999732829855731,2.671701442690372e-05,0,396997,0,9,sahoo,0,3,9543
0.9181368803469427,0.08186311965305725,0,397004,0,9,sahoo,0,3,9543
0.9181272185209323,0.08187278147906775,0,396998,0,9,sahoo,0,3,9543
0.9268873285768032,0.07311267142319679,0,397000,0,9,sahoo,0,3,9543
0.9191663514108269,0.0808336485891731,0,397050,0,9,sahoo,0,3,9543
0.9217781689273965,0.07822183107260354,0,397014,0,9,sahoo,0,3,9543
0.9993172976908938,0.0006827023091061484,0,396990,0,9,sahoo,0,3,9543
0.9984561583552142,0.0015438416447858235,0,396993,0,9,sahoo,0,3,9543
0.9995968711941035,0.0004031288058965067,0,396999,0,9,sahoo,0,3,9543
0.9992485826892643,0.0007514173107357437,0,397023,0,9,sahoo,0,3,9543
0.9995171960819459,0.0004828039180541146,0,397078,0,9,sahoo,0,3,9543
0.9989764339152089,0.0010235660847911065,0,396983,0,9,sahoo,0,3,9543
0.9241161188653508,0.07588388113464917,0,396981,0,9,sahoo,0,3,9543
0.9982799689877172,0.0017200310122827528,0,396982,0,9,sahoo,0,3,9543
0.9990919973622241,0.0009080026377758954,0,397036,0,9,sahoo,0,3,9543
0.9997367797832181,0.0002632202167819191,0,397049,0,9,sahoo,0,3,9543
0.9995579796005992,0.000442020399400751,0,397020,0,9,sahoo,0,3,9543
0.9998948813982058,0.00010511860179421833,0,397038,0,9,sahoo,0,3,9543
0.99944974777842,0.0005502522215800327,0,397027,0,9,sahoo,0,3,9543
0.9985238597639926,0.00147614023600739,0,397074,0,9,sahoo,0,3,9543
0.9998358237444643,0.00016417625553561338,0,397054,0,9,sahoo,0,3,9543
0.9984041060021572,0.0015958939978428155,0,397035,0,9,sahoo,0,3,9543
0.9403256543937089,0.05967434560629116,0,396994,0,9,sahoo,0,3,9543
0.9372722053464957,0.06272779465350428,0,397041,0,9,sahoo,0,3,9543
0.939662453220994,0.06033754677900604,0,397065,0,9,sahoo,0,3,9543
0.9951604783927812,0.004839521607218748,0,397059,0,9,sahoo,0,3,9543
0.9996676708961661,0.0003323291038338574,0,397055,0,9,sahoo,0,3,9543
0.9997597915287337,0.00024020847126626175,0,397064,0,9,sahoo,0,3,9543
0.999817831672794,0.00018216832720598702,0,397068,0,9,sahoo,0,3,9543
0.999694694730484,0.00030530526951594495,0,397058,0,9,sahoo,0,3,9543
0.9998002857190567,0.0001997142809433891,0,397066,0,9,sahoo,0,3,9543
0.9480509107224282,0.05194908927757181,0,397048,0,9,sahoo,0,3,9543
0.9884602479791184,0.01153975202088164,0,397063,0,9,sahoo,0,3,9543
0.9984739026004389,0.0015260973995610552,0,397071,0,9,sahoo,0,3,9543
0.9987889192750379,0.0012110807249620737,0,397077,0,9,sahoo,0,3,9543
0.999598017443696,0.00040198255630396047,0,397073,0,9,sahoo,0,3,9543
0.9995262651089876,0.0004737348910124017,0,397042,0,9,sahoo,0,3,9543
0.9953738037558232,0.00462619624417685,0,397524,0,9,sahoo,0,47,9556
0.918740143845209,0.081259856154791,0,397573,0,9,sahoo,0,47,9556
0.999922158130115,7.78418698849743e-05,0,397521,0,9,sahoo,0,47,9556
0.999883008387904,0.0001169916120959668,0,397538,0,9,sahoo,0,47,9556
0.9991202545864648,0.0008797454135352094,0,397525,0,9,sahoo,0,47,9556
0.9987708216028772,0.0012291783971227772,0,397530,0,9,sahoo,0,47,9556
0.9989646724101036,0.0010353275898964118,0,397533,0,9,sahoo,0,47,9556
0.9999452042763602,5.4795723639777034e-05,0,397577,0,9,sahoo,0,47,9556
0.9177362982875374,0.08226370171246257,0,397539,0,9,sahoo,0,47,9556
0.9995240832686257,0.00047591673137426167,0,397579,0,9,sahoo,0,47,9556
0.9993757717041526,0.0006242282958473615,0,397534,0,9,sahoo,0,47,9556
0.9996074451504182,0.0003925548495817548,0,397578,0,9,sahoo,0,47,9556
0.999703793501243,0.00029620649875689633,0,397523,0,9,sahoo,0,47,9556
0.9998654145407531,0.00013458545924695543,0,397536,0,9,sahoo,0,47,9556
0.9987998637448753,0.0012001362551247625,0,397507,0,9,sahoo,0,47,9556
0.9163107608468878,0.0836892391531122,0,397509,0,9,sahoo,0,47,9556
0.9989462517267069,0.0010537482732930687,0,397503,0,9,sahoo,0,47,9556
0.9992236644169401,0.000776335583059897,0,397556,0,9,sahoo,0,47,9556
0.9988141929141315,0.0011858070858684203,0,397514,0,9,sahoo,0,47,9556
0.9996787190118679,0.0003212809881321306,0,397513,0,9,sahoo,0,47,9556
0.9988847680564322,0.0011152319435677367,0,397587,0,9,sahoo,0,47,9556
0.9999732829855731,2.671701442690372e-05,0,397515,0,9,sahoo,0,47,9556
0.9181368803469427,0.08186311965305725,0,397522,0,9,sahoo,0,47,9556
0.9181272185209323,0.08187278147906775,0,397516,0,9,sahoo,0,47,9556
0.9268873285768032,0.07311267142319679,0,397518,0,9,sahoo,0,47,9556
0.9191663514108269,0.0808336485891731,0,397567,0,9,sahoo,0,47,9556
0.9217781689273965,0.07822183107260354,0,397531,0,9,sahoo,0,47,9556
0.9993172976908938,0.0006827023091061484,0,397508,0,9,sahoo,0,47,9556
0.9984561583552142,0.0015438416447858235,0,397511,0,9,sahoo,0,47,9556
0.9995968711941035,0.0004031288058965067,0,397517,0,9,sahoo,0,47,9556
0.9992485826892643,0.0007514173107357437,0,397540,0,9,sahoo,0,47,9556
0.9995171960819459,0.0004828039180541146,0,397596,0,9,sahoo,0,47,9556
0.9989764339152089,0.0010235660847911065,0,397501,0,9,sahoo,0,47,9556
0.9241161188653508,0.07588388113464917,0,397499,0,9,sahoo,0,47,9556
0.9982799689877172,0.0017200310122827528,0,397500,0,9,sahoo,0,47,9556
0.9990919973622241,0.0009080026377758954,0,397553,0,9,sahoo,0,47,9556
0.9997367797832181,0.0002632202167819191,0,397566,0,9,sahoo,0,47,9556
0.9995579796005992,0.000442020399400751,0,397537,0,9,sahoo,0,47,9556
0.9998948813982058,0.00010511860179421833,0,397555,0,9,sahoo,0,47,9556
0.99944974777842,0.0005502522215800327,0,397544,0,9,sahoo,0,47,9556
0.9985238597639926,0.00147614023600739,0,397591,0,9,sahoo,0,47,9556
0.9998358237444643,0.00016417625553561338,0,397571,0,9,sahoo,0,47,9556
0.9984041060021572,0.0015958939978428155,0,397552,0,9,sahoo,0,47,9556
0.9403256543937089,0.05967434560629116,0,397512,0,9,sahoo,0,47,9556
0.9372722053464957,0.06272779465350428,0,397558,0,9,sahoo,0,47,9556
0.939662453220994,0.06033754677900604,0,397582,0,9,sahoo,0,47,9556
0.9951604783927812,0.004839521607218748,0,397576,0,9,sahoo,0,47,9556
0.9996676708961661,0.0003323291038338574,0,397572,0,9,sahoo,0,47,9556
0.9997597915287337,0.00024020847126626175,0,397581,0,9,sahoo,0,47,9556
0.999817831672794,0.00018216832720598702,0,397585,0,9,sahoo,0,47,9556
0.999694694730484,0.00030530526951594495,0,397575,0,9,sahoo,0,47,9556
0.9998002857190567,0.0001997142809433891,0,397583,0,9,sahoo,0,47,9556
0.9480509107224282,0.05194908927757181,0,397565,0,9,sahoo,0,47,9556
0.9884602479791184,0.01153975202088164,0,397580,0,9,sahoo,0,47,9556
0.9984739026004389,0.0015260973995610552,0,397588,0,9,sahoo,0,47,9556
0.9987889192750379,0.0012110807249620737,0,397595,0,9,sahoo,0,47,9556
0.999598017443696,0.00040198255630396047,0,397590,0,9,sahoo,0,47,9556
0.9995262651089876,0.0004737348910124017,0,397559,0,9,sahoo,0,47,9556
0.9980503465780176,0.0019496534219823774,0,399628,0,9,sahoo,0,48,9598
0.918740143845209,0.081259856154791,0,399678,0,9,sahoo,0,48,9598
0.999922158130115,7.78418698849743e-05,0,399625,0,9,sahoo,0,48,9598
0.999883008387904,0.0001169916120959668,0,399643,0,9,sahoo,0,48,9598
0.9991202545864648,0.0008797454135352094,0,399629,0,9,sahoo,0,48,9598
0.9987708216028772,0.0012291783971227772,0,399635,0,9,sahoo,0,48,9598
0.9989646724101036,0.0010353275898964118,0,399638,0,9,sahoo,0,48,9598
0.9999452042763602,5.4795723639777034e-05,0,399682,0,9,sahoo,0,48,9598
0.9177362982875374,0.08226370171246257,0,399644,0,9,sahoo,0,48,9598
0.9995240832686257,0.00047591673137426167,0,399684,0,9,sahoo,0,48,9598
0.9993757717041526,0.0006242282958473615,0,399639,0,9,sahoo,0,48,9598
0.9996074451504182,0.0003925548495817548,0,399683,0,9,sahoo,0,48,9598
0.999703793501243,0.00029620649875689633,0,399627,0,9,sahoo,0,48,9598
0.9998654145407531,0.00013458545924695543,0,399641,0,9,sahoo,0,48,9598
0.9987998637448753,0.0012001362551247625,0,399611,0,9,sahoo,0,48,9598
0.9163107608468878,0.0836892391531122,0,399613,0,9,sahoo,0,48,9598
0.9989462517267069,0.0010537482732930687,0,399607,0,9,sahoo,0,48,9598
0.9992236644169401,0.000776335583059897,0,399661,0,9,sahoo,0,48,9598
0.9988141929141315,0.0011858070858684203,0,399618,0,9,sahoo,0,48,9598
0.9996787190118679,0.0003212809881321306,0,399617,0,9,sahoo,0,48,9598
0.9988847680564322,0.0011152319435677367,0,399692,0,9,sahoo,0,48,9598
0.9999732829855731,2.671701442690372e-05,0,399619,0,9,sahoo,0,48,9598
0.9181368803469427,0.08186311965305725,0,399626,0,9,sahoo,0,48,9598
0.9181272185209323,0.08187278147906775,0,399620,0,9,sahoo,0,48,9598
0.9268873285768032,0.07311267142319679,0,399622,0,9,sahoo,0,48,9598
0.9191663514108269,0.0808336485891731,0,399672,0,9,sahoo,0,48,9598
0.9217781689273965,0.07822183107260354,0,399636,0,9,sahoo,0,48,9598
0.9993172976908938,0.0006827023091061484,0,399612,0,9,sahoo,0,48,9598
0.9984561583552142,0.0015438416447858235,0,399615,0,9,sahoo,0,48,9598
0.9995968711941035,0.0004031288058965067,0,399621,0,9,sahoo,0,48,9598
0.9992485826892643,0.0007514173107357437,0,399645,0,9,sahoo,0,48,9598
0.9995171960819459,0.0004828039180541146,0,399700,0,9,sahoo,0,48,9598
0.9989764339152089,0.0010235660847911065,0,399605,0,9,sahoo,0,48,9598
0.9241161188653508,0.07588388113464917,0,399603,0,9,sahoo,0,48,9598
0.9982799689877172,0.0017200310122827528,0,399604,0,9,sahoo,0,48,9598
0.9990919973622241,0.0009080026377758954,0,399658,0,9,sahoo,0,48,9598
0.9997367797832181,0.0002632202167819191,0,399671,0,9,sahoo,0,48,9598
0.9995579796005992,0.000442020399400751,0,399642,0,9,sahoo,0,48,9598
0.9998948813982058,0.00010511860179421833,0,399660,0,9,sahoo,0,48,9598
0.99944974777842,0.0005502522215800327,0,399649,0,9,sahoo,0,48,9598
0.9985238597639926,0.00147614023600739,0,399696,0,9,sahoo,0,48,9598
0.9998358237444643,0.00016417625553561338,0,399676,0,9,sahoo,0,48,9598
0.9984041060021572,0.0015958939978428155,0,399657,0,9,sahoo,0,48,9598
0.9403256543937089,0.05967434560629116,0,399616,0,9,sahoo,0,48,9598
0.9372722053464957,0.06272779465350428,0,399663,0,9,sahoo,0,48,9598
0.939662453220994,0.06033754677900604,0,399687,0,9,sahoo,0,48,9598
0.9951604783927812,0.004839521607218748,0,399681,0,9,sahoo,0,48,9598
0.9996676708961661,0.0003323291038338574,0,399677,0,9,sahoo,0,48,9598
0.9997597915287337,0.00024020847126626175,0,399686,0,9,sahoo,0,48,9598
0.999817831672794,0.00018216832720598702,0,399690,0,9,sahoo,0,48,9598
0.999694694730484,0.00030530526951594495,0,399680,0,9,sahoo,0,48,9598
0.9998002857190567,0.0001997142809433891,0,399688,0,9,sahoo,0,48,9598
0.9480509107224282,0.05194908927757181,0,399670,0,9,sahoo,0,48,9598
0.9884602479791184,0.01153975202088164,0,399685,0,9,sahoo,0,48,9598
0.9984739026004389,0.0015260973995610552,0,399693,0,9,sahoo,0,48,9598
0.9987889192750379,0.0012110807249620737,2,399702,1,9,sahoo,0,48,9598
0.999598017443696,0.00040198255630396047,0,399695,0,9,sahoo,0,48,9598
0.9995262651089876,0.0004737348910124017,0,399664,0,9,sahoo,0,48,9598
0.9980503465780176,0.0019496534219823774,0,400440,0,9,sahoo,0,49,9613
0.918740143845209,0.081259856154791,0,400490,0,9,sahoo,0,49,9613
0.999922158130115,7.78418698849743e-05,0,400437,0,9,sahoo,0,49,9613
0.999883008387904,0.0001169916120959668,0,400455,0,9,sahoo,0,49,9613
0.9991202545864648,0.0008797454135352094,0,400441,0,9,sahoo,0,49,9613
0.9987708216028772,0.0012291783971227772,0,400447,0,9,sahoo,0,49,9613
0.9989646724101036,0.0010353275898964118,0,400450,0,9,sahoo,0,49,9613
0.9999452042763602,5.4795723639777034e-05,0,400494,0,9,sahoo,0,49,9613
0.9177362982875374,0.08226370171246257,0,400456,0,9,sahoo,0,49,9613
0.9995240832686257,0.00047591673137426167,0,400496,0,9,sahoo,0,49,9613
0.9993757717041526,0.0006242282958473615,0,400451,0,9,sahoo,0,49,9613
0.9996074451504182,0.0003925548495817548,0,400495,0,9,sahoo,0,49,9613
0.999703793501243,0.00029620649875689633,0,400439,0,9,sahoo,0,49,9613
0.9998654145407531,0.00013458545924695543,0,400453,0,9,sahoo,0,49,9613
0.9987998637448753,0.0012001362551247625,0,400423,0,9,sahoo,0,49,9613
0.9163107608468878,0.0836892391531122,0,400425,0,9,sahoo,0,49,9613
0.9989462517267069,0.0010537482732930687,0,400419,0,9,sahoo,0,49,9613
0.9992236644169401,0.000776335583059897,0,400473,0,9,sahoo,0,49,9613
0.9988141929141315,0.0011858070858684203,0,400430,0,9,sahoo,0,49,9613
0.9996787190118679,0.0003212809881321306,0,400429,0,9,sahoo,0,49,9613
0.9988847680564322,0.0011152319435677367,0,400504,0,9,sahoo,0,49,9613
0.9999732829855731,2.671701442690372e-05,0,400431,0,9,sahoo,0,49,9613
0.9181368803469427,0.08186311965305725,0,400438,0,9,sahoo,0,49,9613
0.9181272185209323,0.08187278147906775,0,400432,0,9,sahoo,0,49,9613
0.9268873285768032,0.07311267142319679,0,400434,0,9,sahoo,0,49,9613
0.9191663514108269,0.0808336485891731,0,400484,0,9,sahoo,0,49,9613
0.9217781689273965,0.07822183107260354,0,400448,0,9,sahoo,0,49,9613
0.9993172976908938,0.0006827023091061484,0,400424,0,9,sahoo,0,49,9613
0.9984561583552142,0.0015438416447858235,0,400427,0,9,sahoo,0,49,9613
0.9995968711941035,0.0004031288058965067,0,400433,0,9,sahoo,0,49,9613
0.9992485826892643,0.0007514173107357437,0,400457,0,9,sahoo,0,49,9613
0.9995171960819459,0.0004828039180541146,0,400512,0,9,sahoo,0,49,9613
0.9989764339152089,0.0010235660847911065,0,400417,0,9,sahoo,0,49,9613
0.9241161188653508,0.07588388113464917,0,400415,0,9,sahoo,0,49,9613
0.9982799689877172,0.0017200310122827528,0,400416,0,9,sahoo,0,49,9613
0.9990919973622241,0.0009080026377758954,0,400470,0,9,sahoo,0,49,9613
0.9997367797832181,0.0002632202167819191,0,400483,0,9,sahoo,0,49,9613
0.9995579796005992,0.000442020399400751,0,400454,0,9,sahoo,0,49,9613
0.9998948813982058,0.00010511860179421833,0,400472,0,9,sahoo,0,49,9613
0.99944974777842,0.0005502522215800327,0,400461,0,9,sahoo,0,49,9613
0.9985238597639926,0.00147614023600739,0,400508,0,9,sahoo,0,49,9613
0.9998358237444643,0.00016417625553561338,0,400488,0,9,sahoo,0,49,9613
0.9984041060021572,0.0015958939978428155,0,400469,0,9,sahoo,0,49,9613
0.9403256543937089,0.05967434560629116,0,400428,0,9,sahoo,0,49,9613
0.9372722053464957,0.06272779465350428,0,400475,0,9,sahoo,0,49,9613
0.939662453220994,0.06033754677900604,0,400499,0,9,sahoo,0,49,9613
0.9951604783927812,0.004839521607218748,0,400493,0,9,sahoo,0,49,9613
0.9996676708961661,0.0003323291038338574,0,400489,0,9,sahoo,0,49,9613
0.9997597915287337,0.00024020847126626175,0,400498,0,9,sahoo,0,49,9613
0.999817831672794,0.00018216832720598702,0,400502,0,9,sahoo,0,49,9613
0.999694694730484,0.00030530526951594495,0,400492,0,9,sahoo,0,49,9613
0.9998002857190567,0.0001997142809433891,0,400500,0,9,sahoo,0,49,9613
0.9480509107224282,0.05194908927757181,0,400482,0,9,sahoo,0,49,9613
0.9884602479791184,0.01153975202088164,0,400497,0,9,sahoo,0,49,9613
0.9984739026004389,0.0015260973995610552,0,400505,0,9,sahoo,0,49,9613
0.9987889192750379,0.0012110807249620737,0,400511,0,9,sahoo,0,49,9613
0.999598017443696,0.00040198255630396047,0,400507,0,9,sahoo,0,49,9613
0.9995262651089876,0.0004737348910124017,0,400476,0,9,sahoo,0,49,9613
0.9980503465780176,0.0019496534219823774,0,402138,0,9,sahoo,0,50,9652
0.918740143845209,0.081259856154791,0,402187,0,9,sahoo,0,50,9652
0.999922158130115,7.78418698849743e-05,0,402135,0,9,sahoo,0,50,9652
0.999883008387904,0.0001169916120959668,0,402152,0,9,sahoo,0,50,9652
0.9991202545864648,0.0008797454135352094,0,402139,0,9,sahoo,0,50,9652
0.9987708216028772,0.0012291783971227772,0,402145,0,9,sahoo,0,50,9652
0.9989646724101036,0.0010353275898964118,2,402212,1,9,sahoo,0,50,9652
0.9999452042763602,5.4795723639777034e-05,0,402191,0,9,sahoo,0,50,9652
0.9177362982875374,0.08226370171246257,0,402153,0,9,sahoo,0,50,9652
0.9995240832686257,0.00047591673137426167,0,402193,0,9,sahoo,0,50,9652
0.9993757717041526,0.0006242282958473615,0,402148,0,9,sahoo,0,50,9652
0.9996074451504182,0.0003925548495817548,0,402192,0,9,sahoo,0,50,9652
0.999703793501243,0.00029620649875689633,0,402137,0,9,sahoo,0,50,9652
0.9998654145407531,0.00013458545924695543,0,402150,0,9,sahoo,0,50,9652
0.9987998637448753,0.0012001362551247625,0,402121,0,9,sahoo,0,50,9652
0.9163107608468878,0.0836892391531122,0,402123,0,9,sahoo,0,50,9652
0.9989462517267069,0.0010537482732930687,0,402117,0,9,sahoo,0,50,9652
0.9992236644169401,0.000776335583059897,0,402170,0,9,sahoo,0,50,9652
0.9988141929141315,0.0011858070858684203,0,402128,0,9,sahoo,0,50,9652
0.9996787190118679,0.0003212809881321306,0,402127,0,9,sahoo,0,50,9652
0.9988847680564322,0.0011152319435677367,0,402201,0,9,sahoo,0,50,9652
0.9999732829855731,2.671701442690372e-05,0,402129,0,9,sahoo,0,50,9652
0.9181368803469427,0.08186311965305725,0,402136,0,9,sahoo,0,50,9652
0.9181272185209323,0.08187278147906775,0,402130,0,9,sahoo,0,50,9652
0.9268873285768032,0.07311267142319679,0,402132,0,9,sahoo,0,50,9652
0.9191663514108269,0.0808336485891731,0,402181,0,9,sahoo,0,50,9652
0.9217781689273965,0.07822183107260354,0,402146,0,9,sahoo,0,50,9652
0.9993172976908938,0.0006827023091061484,0,402122,0,9,sahoo,0,50,9652
0.9984561583552142,0.0015438416447858235,0,402125,0,9,sahoo,0,50,9652
0.9995968711941035,0.0004031288058965067,0,402131,0,9,sahoo,0,50,9652
0.9992485826892643,0.0007514173107357437,0,402154,0,9,sahoo,0,50,9652
0.9995171960819459,0.0004828039180541146,0,402210,0,9,sahoo,0,50,9652
0.9989764339152089,0.0010235660847911065,0,402115,0,9,sahoo,0,50,9652
0.9241161188653508,0.07588388113464917,0,402113,0,9,sahoo,0,50,9652
0.9982799689877172,0.0017200310122827528,0,402114,0,9,sahoo,0,50,9652
0.9990919973622241,0.0009080026377758954,0,402167,0,9,sahoo,0,50,9652
0.9997367797832181,0.0002632202167819191,0,402180,0,9,sahoo,0,50,9652
0.9995579796005992,0.000442020399400751,0,402151,0,9,sahoo,0,50,9652
0.9998948813982058,0.00010511860179421833,0,402169,0,9,sahoo,0,50,9652
0.99944974777842,0.0005502522215800327,0,402158,0,9,sahoo,0,50,9652
0.9985238597639926,0.00147614023600739,0,402205,0,9,sahoo,0,50,9652
0.9998358237444643,0.00016417625553561338,0,402185,0,9,sahoo,0,50,9652
0.9984041060021572,0.0015958939978428155,0,402166,0,9,sahoo,0,50,9652
0.9403256543937089,0.05967434560629116,0,402126,0,9,sahoo,0,50,9652
0.9372722053464957,0.06272779465350428,0,402172,0,9,sahoo,0,50,9652
0.939662453220994,0.06033754677900604,0,402196,0,9,sahoo,0,50,9652
0.9951604783927812,0.004839521607218748,0,402190,0,9,sahoo,0,50,9652
0.9996676708961661,0.0003323291038338574,0,402186,0,9,sahoo,0,50,9652
0.9997597915287337,0.00024020847126626175,0,402195,0,9,sahoo,0,50,9652
0.999817831672794,0.00018216832720598702,0,402199,0,9,sahoo,0,50,9652
0.999694694730484,0.00030530526951594495,0,402189,0,9,sahoo,0,50,9652
0.9998002857190567,0.0001997142809433891,0,402197,0,9,sahoo,0,50,9652
0.9480509107224282,0.05194908927757181,0,402179,0,9,sahoo,0,50,9652
0.9884602479791184,0.01153975202088164,0,402194,0,9,sahoo,0,50,9652
0.9984739026004389,0.0015260973995610552,0,402202,0,9,sahoo,0,50,9652
0.9987889192750379,0.0012110807249620737,0,402209,0,9,sahoo,0,50,9652
0.999598017443696,0.00040198255630396047,0,402204,0,9,sahoo,0,50,9652
0.9995262651089876,0.0004737348910124017,0,402173,0,9,sahoo,0,50,9652
0.9980503465780176,0.0019496534219823774,0,402266,0,9,sahoo,0,51,9654
0.918740143845209,0.081259856154791,0,402315,0,9,sahoo,0,51,9654
0.999922158130115,7.78418698849743e-05,0,402263,0,9,sahoo,0,51,9654
0.999883008387904,0.0001169916120959668,0,402281,0,9,sahoo,0,51,9654
0.9991202545864648,0.0008797454135352094,0,402267,0,9,sahoo,0,51,9654
0.9987708216028772,0.0012291783971227772,0,402273,0,9,sahoo,0,51,9654
0.9989646724101036,0.0010353275898964118,0,402276,0,9,sahoo,0,51,9654
0.9999452042763602,5.4795723639777034e-05,0,402319,0,9,sahoo,0,51,9654
0.9177362982875374,0.08226370171246257,0,402282,0,9,sahoo,0,51,9654
0.9995240832686257,0.00047591673137426167,0,402321,0,9,sahoo,0,51,9654
0.9993757717041526,0.0006242282958473615,0,402277,0,9,sahoo,0,51,9654
0.9996074451504182,0.0003925548495817548,0,402320,0,9,sahoo,0,51,9654
0.999703793501243,0.00029620649875689633,0,402265,0,9,sahoo,0,51,9654
0.9998654145407531,0.00013458545924695543,0,402279,0,9,sahoo,0,51,9654
0.9987998637448753,0.0012001362551247625,0,402249,0,9,sahoo,0,51,9654
0.9163107608468878,0.0836892391531122,0,402251,0,9,sahoo,0,51,9654
0.9989462517267069,0.0010537482732930687,0,402245,0,9,sahoo,0,51,9654
0.9992236644169401,0.000776335583059897,0,402298,0,9,sahoo,0,51,9654
0.9988141929141315,0.0011858070858684203,0,402256,0,9,sahoo,0,51,9654
0.9996787190118679,0.0003212809881321306,0,402255,0,9,sahoo,0,51,9654
0.9988847680564322,0.0011152319435677367,0,402329,0,9,sahoo,0,51,9654
0.9999732829855731,2.671701442690372e-05,0,402257,0,9,sahoo,0,51,9654
0.9181368803469427,0.08186311965305725,0,402264,0,9,sahoo,0,51,9654
0.9181272185209323,0.08187278147906775,0,402258,0,9,sahoo,0,51,9654
0.9268873285768032,0.07311267142319679,0,402260,0,9,sahoo,0,51,9654
0.9191663514108269,0.0808336485891731,0,402309,0,9,sahoo,0,51,9654
0.9217781689273965,0.07822183107260354,0,402274,0,9,sahoo,0,51,9654
0.9993172976908938,0.0006827023091061484,0,402250,0,9,sahoo,0,51,9654
0.9984561583552142,0.0015438416447858235,0,402253,0,9,sahoo,0,51,9654
0.9995968711941035,0.0004031288058965067,0,402259,0,9,sahoo,0,51,9654
0.9992485826892643,0.0007514173107357437,0,402283,0,9,sahoo,0,51,9654
0.9995171960819459,0.0004828039180541146,0,402338,0,9,sahoo,0,51,9654
0.9989764339152089,0.0010235660847911065,0,402243,0,9,sahoo,0,51,9654
0.9241161188653508,0.07588388113464917,0,402241,0,9,sahoo,0,51,9654
0.9982799689877172,0.0017200310122827528,0,402242,0,9,sahoo,0,51,9654
0.9990919973622241,0.0009080026377758954,2,402340,1,9,sahoo,0,51,9654
0.9997367797832181,0.0002632202167819191,0,402308,0,9,sahoo,0,51,9654
0.9995579796005992,0.000442020399400751,0,402280,0,9,sahoo,0,51,9654
0.9998948813982058,0.00010511860179421833,0,402297,0,9,sahoo,0,51,9654
0.99944974777842,0.0005502522215800327,0,402287,0,9,sahoo,0,51,9654
0.9985238597639926,0.00147614023600739,0,402333,0,9,sahoo,0,51,9654
0.9998358237444643,0.00016417625553561338,0,402313,0,9,sahoo,0,51,9654
0.9984041060021572,0.0015958939978428155,0,402295,0,9,sahoo,0,51,9654
0.9403256543937089,0.05967434560629116,0,402254,0,9,sahoo,0,51,9654
0.9372722053464957,0.06272779465350428,0,402300,0,9,sahoo,0,51,9654
0.939662453220994,0.06033754677900604,0,402324,0,9,sahoo,0,51,9654
0.9951604783927812,0.004839521607218748,0,402318,0,9,sahoo,0,51,9654
0.9996676708961661,0.0003323291038338574,0,402314,0,9,sahoo,0,51,9654
0.9997597915287337,0.00024020847126626175,0,402323,0,9,sahoo,0,51,9654
0.999817831672794,0.00018216832720598702,0,402327,0,9,sahoo,0,51,9654
0.999694694730484,0.00030530526951594495,0,402317,0,9,sahoo,0,51,9654
0.9998002857190567,0.0001997142809433891,0,402325,0,9,sahoo,0,51,9654
0.9480509107224282,0.05194908927757181,0,402307,0,9,sahoo,0,51,9654
0.9884602479791184,0.01153975202088164,0,402322,0,9,sahoo,0,51,9654
0.9984739026004389,0.0015260973995610552,0,402330,0,9,sahoo,0,51,9654
0.9987889192750379,0.0012110807249620737,0,402337,0,9,sahoo,0,51,9654
0.999598017443696,0.00040198255630396047,0,402332,0,9,sahoo,0,51,9654
0.9995262651089876,0.0004737348910124017,0,402301,0,9,sahoo,0,51,9654
0.9980503465780176,0.0019496534219823774,0,402367,0,9,sahoo,0,52,9655
0.918740143845209,0.081259856154791,0,402416,0,9,sahoo,0,52,9655
0.999922158130115,7.78418698849743e-05,0,402364,0,9,sahoo,0,52,9655
0.999883008387904,0.0001169916120959668,0,402382,0,9,sahoo,0,52,9655
0.9991202545864648,0.0008797454135352094,0,402368,0,9,sahoo,0,52,9655
0.9987708216028772,0.0012291783971227772,0,402374,0,9,sahoo,0,52,9655
0.9989646724101036,0.0010353275898964118,0,402377,0,9,sahoo,0,52,9655
0.9999452042763602,5.4795723639777034e-05,0,402420,0,9,sahoo,0,52,9655
0.9177362982875374,0.08226370171246257,0,402383,0,9,sahoo,0,52,9655
0.9995240832686257,0.00047591673137426167,0,402422,0,9,sahoo,0,52,9655
0.9993757717041526,0.0006242282958473615,0,402378,0,9,sahoo,0,52,9655
0.9996074451504182,0.0003925548495817548,0,402421,0,9,sahoo,0,52,9655
0.999703793501243,0.00029620649875689633,0,402366,0,9,sahoo,0,52,9655
0.9998654145407531,0.00013458545924695543,0,402380,0,9,sahoo,0,52,9655
0.9987998637448753,0.0012001362551247625,0,402350,0,9,sahoo,0,52,9655
0.9163107608468878,0.0836892391531122,0,402352,0,9,sahoo,0,52,9655
0.9989462517267069,0.0010537482732930687,0,402346,0,9,sahoo,0,52,9655
0.9992236644169401,0.000776335583059897,0,402400,0,9,sahoo,0,52,9655
0.9988141929141315,0.0011858070858684203,0,402357,0,9,sahoo,0,52,9655
0.9996787190118679,0.0003212809881321306,0,402356,0,9,sahoo,0,52,9655
0.9988847680564322,0.0011152319435677367,0,402430,0,9,sahoo,0,52,9655
0.9999732829855731,2.671701442690372e-05,0,402358,0,9,sahoo,0,52,9655
0.9181368803469427,0.08186311965305725,0,402365,0,9,sahoo,0,52,9655
0.9181272185209323,0.08187278147906775,0,402359,0,9,sahoo,0,52,9655
0.9268873285768032,0.07311267142319679,0,402361,0,9,sahoo,0,52,9655
0.9191663514108269,0.0808336485891731,0,402411,0,9,sahoo,0,52,9655
0.9217781689273965,0.07822183107260354,0,402375,0,9,sahoo,0,52,9655
0.9993172976908938,0.0006827023091061484,0,402351,0,9,sahoo,0,52,9655
0.9984561583552142,0.0015438416447858235,0,402354,0,9,sahoo,0,52,9655
0.9995968711941035,0.0004031288058965067,0,402360,0,9,sahoo,0,52,9655
0.9992485826892643,0.0007514173107357437,0,402384,0,9,sahoo,0,52,9655
0.9995171960819459,0.0004828039180541146,0,402439,0,9,sahoo,0,52,9655
0.9989764339152089,0.0010235660847911065,0,402344,0,9,sahoo,0,52,9655
0.9241161188653508,0.07588388113464917,0,402342,0,9,sahoo,0,52,9655
0.9982799689877172,0.0017200310122827528,0,402343,0,9,sahoo,0,52,9655
0.9990919973622241,0.0009080026377758954,0,402397,0,9,sahoo,0,52,9655
0.9997367797832181,0.0002632202167819191,0,402410,0,9,sahoo,0,52,9655
0.9995579796005992,0.000442020399400751,0,402381,0,9,sahoo,0,52,9655
0.9998948813982058,0.00010511860179421833,0,402399,0,9,sahoo,0,52,9655
0.99944974777842,0.0005502522215800327,0,402388,0,9,sahoo,0,52,9655
0.9985238597639926,0.00147614023600739,0,402434,0,9,sahoo,0,52,9655
0.9998358237444643,0.00016417625553561338,2,402441,1,9,sahoo,0,52,9655
0.9984041060021572,0.0015958939978428155,0,402396,0,9,sahoo,0,52,9655
0.9403256543937089,0.05967434560629116,0,402355,0,9,sahoo,0,52,9655
0.9372722053464957,0.06272779465350428,0,402402,0,9,sahoo,0,52,9655
0.939662453220994,0.06033754677900604,0,402425,0,9,sahoo,0,52,9655
0.9951604783927812,0.004839521607218748,0,402419,0,9,sahoo,0,52,9655
0.9996676708961661,0.0003323291038338574,0,402415,0,9,sahoo,0,52,9655
0.9997597915287337,0.00024020847126626175,0,402424,0,9,sahoo,0,52,9655
0.999817831672794,0.00018216832720598702,0,402428,0,9,sahoo,0,52,9655
0.999694694730484,0.00030530526951594495,0,402418,0,9,sahoo,0,52,9655
0.9998002857190567,0.0001997142809433891,0,402426,0,9,sahoo,0,52,9655
0.9480509107224282,0.05194908927757181,0,402409,0,9,sahoo,0,52,9655
0.9884602479791184,0.01153975202088164,0,402423,0,9,sahoo,0,52,9655
0.9984739026004389,0.0015260973995610552,0,402431,0,9,sahoo,0,52,9655
0.9987889192750379,0.0012110807249620737,0,402438,0,9,sahoo,0,52,9655
0.999598017443696,0.00040198255630396047,0,402433,0,9,sahoo,0,52,9655
0.9995262651089876,0.0004737348910124017,0,402403,0,9,sahoo,0,52,9655
0.9953738037558232,0.00462619624417685,0,403555,0,9,sahoo,0,5,9681
0.918740143845209,0.081259856154791,0,403605,0,9,sahoo,0,5,9681
0.999922158130115,7.78418698849743e-05,0,403552,0,9,sahoo,0,5,9681
0.999883008387904,0.0001169916120959668,0,403570,0,9,sahoo,0,5,9681
0.9991202545864648,0.0008797454135352094,0,403556,0,9,sahoo,0,5,9681
0.9987708216028772,0.0012291783971227772,0,403562,0,9,sahoo,0,5,9681
0.9989646724101036,0.0010353275898964118,0,403565,0,9,sahoo,0,5,9681
0.9999452042763602,5.4795723639777034e-05,0,403609,0,9,sahoo,0,5,9681
0.9177362982875374,0.08226370171246257,0,403571,0,9,sahoo,0,5,9681
0.9995240832686257,0.00047591673137426167,0,403611,0,9,sahoo,0,5,9681
0.9993757717041526,0.0006242282958473615,0,403566,0,9,sahoo,0,5,9681
0.9996074451504182,0.0003925548495817548,0,403610,0,9,sahoo,0,5,9681
0.999703793501243,0.00029620649875689633,0,403554,0,9,sahoo,0,5,9681
0.9998654145407531,0.00013458545924695543,0,403568,0,9,sahoo,0,5,9681
0.9987998637448753,0.0012001362551247625,0,403538,0,9,sahoo,0,5,9681
0.9163107608468878,0.0836892391531122,0,403540,0,9,sahoo,0,5,9681
0.9989462517267069,0.0010537482732930687,0,403534,0,9,sahoo,0,5,9681
0.9992236644169401,0.000776335583059897,0,403588,0,9,sahoo,0,5,9681
0.9988141929141315,0.0011858070858684203,0,403545,0,9,sahoo,0,5,9681
0.9996787190118679,0.0003212809881321306,0,403544,0,9,sahoo,0,5,9681
0.9988847680564322,0.0011152319435677367,0,403619,0,9,sahoo,0,5,9681
0.9999732829855731,2.671701442690372e-05,0,403546,0,9,sahoo,0,5,9681
0.9181368803469427,0.08186311965305725,0,403553,0,9,sahoo,0,5,9681
0.9181272185209323,0.08187278147906775,0,403547,0,9,sahoo,0,5,9681
0.9268873285768032,0.07311267142319679,0,403549,0,9,sahoo,0,5,9681
0.9191663514108269,0.0808336485891731,0,403599,0,9,sahoo,0,5,9681
0.9217781689273965,0.07822183107260354,0,403563,0,9,sahoo,0,5,9681
0.9993172976908938,0.0006827023091061484,0,403539,0,9,sahoo,0,5,9681
0.9984561583552142,0.0015438416447858235,0,403542,0,9,sahoo,0,5,9681
0.9995968711941035,0.0004031288058965067,0,403548,0,9,sahoo,0,5,9681
0.9992485826892643,0.0007514173107357437,0,403572,0,9,sahoo,0,5,9681
0.9995171960819459,0.0004828039180541146,0,403627,0,9,sahoo,0,5,9681
0.9989764339152089,0.0010235660847911065,0,403532,0,9,sahoo,0,5,9681
0.9241161188653508,0.07588388113464917,0,403530,0,9,sahoo,0,5,9681
0.9982799689877172,0.0017200310122827528,0,403531,0,9,sahoo,0,5,9681
0.9990919973622241,0.0009080026377758954,0,403585,0,9,sahoo,0,5,9681
0.9997367797832181,0.0002632202167819191,0,403598,0,9,sahoo,0,5,9681
0.9995579796005992,0.000442020399400751,0,403569,0,9,sahoo,0,5,9681
0.9998948813982058,0.00010511860179421833,0,403587,0,9,sahoo,0,5,9681
0.99944974777842,0.0005502522215800327,0,403576,0,9,sahoo,0,5,9681
0.9985238597639926,0.00147614023600739,0,403623,0,9,sahoo,0,5,9681
0.9998358237444643,0.00016417625553561338,0,403603,0,9,sahoo,0,5,9681
0.9984041060021572,0.0015958939978428155,0,403584,0,9,sahoo,0,5,9681
0.9403256543937089,0.05967434560629116,0,403543,0,9,sahoo,0,5,9681
0.9372722053464957,0.06272779465350428,0,403590,0,9,sahoo,0,5,9681
0.939662453220994,0.06033754677900604,0,403614,0,9,sahoo,0,5,9681
0.9951604783927812,0.004839521607218748,0,403608,0,9,sahoo,0,5,9681
0.9996676708961661,0.0003323291038338574,0,403604,0,9,sahoo,0,5,9681
0.9997597915287337,0.00024020847126626175,0,403613,0,9,sahoo,0,5,9681
0.999817831672794,0.00018216832720598702,0,403617,0,9,sahoo,0,5,9681
0.999694694730484,0.00030530526951594495,0,403607,0,9,sahoo,0,5,9681
0.9998002857190567,0.0001997142809433891,0,403615,0,9,sahoo,0,5,9681
0.9480509107224282,0.05194908927757181,0,403597,0,9,sahoo,0,5,9681
0.9884602479791184,0.01153975202088164,0,403612,0,9,sahoo,0,5,9681
0.9984739026004389,0.0015260973995610552,0,403620,0,9,sahoo,0,5,9681
0.9987889192750379,0.0012110807249620737,0,403626,0,9,sahoo,0,5,9681
0.999598017443696,0.00040198255630396047,0,403622,0,9,sahoo,0,5,9681
0.9995262651089876,0.0004737348910124017,0,403591,0,9,sahoo,0,5,9681
0.9953738037558232,0.00462619624417685,0,397382,0,9,sahoo,0,28,9553
0.918740143845209,0.081259856154791,0,397432,0,9,sahoo,0,28,9553
0.999922158130115,7.78418698849743e-05,0,397379,0,9,sahoo,0,28,9553
0.999883008387904,0.0001169916120959668,0,397397,0,9,sahoo,0,28,9553
0.9991202545864648,0.0008797454135352094,0,397383,0,9,sahoo,0,28,9553
0.9987708216028772,0.0012291783971227772,0,397389,0,9,sahoo,0,28,9553
0.9989646724101036,0.0010353275898964118,0,397392,0,9,sahoo,0,28,9553
0.9999452042763602,5.4795723639777034e-05,0,397436,0,9,sahoo,0,28,9553
0.9177362982875374,0.08226370171246257,0,397398,0,9,sahoo,0,28,9553
0.9995240832686257,0.00047591673137426167,0,397438,0,9,sahoo,0,28,9553
0.9993757717041526,0.0006242282958473615,0,397393,0,9,sahoo,0,28,9553
0.9996074451504182,0.0003925548495817548,0,397437,0,9,sahoo,0,28,9553
0.999703793501243,0.00029620649875689633,0,397381,0,9,sahoo,0,28,9553
0.9998654145407531,0.00013458545924695543,0,397395,0,9,sahoo,0,28,9553
0.9987998637448753,0.0012001362551247625,0,397365,0,9,sahoo,0,28,9553
0.9163107608468878,0.0836892391531122,0,397367,0,9,sahoo,0,28,9553
0.9989462517267069,0.0010537482732930687,0,397361,0,9,sahoo,0,28,9553
0.9992236644169401,0.000776335583059897,0,397415,0,9,sahoo,0,28,9553
0.9988141929141315,0.0011858070858684203,0,397372,0,9,sahoo,0,28,9553
0.9996787190118679,0.0003212809881321306,0,397371,0,9,sahoo,0,28,9553
0.9988847680564322,0.0011152319435677367,0,397445,0,9,sahoo,0,28,9553
0.9999732829855731,2.671701442690372e-05,0,397373,0,9,sahoo,0,28,9553
0.9181368803469427,0.08186311965305725,0,397380,0,9,sahoo,0,28,9553
0.9181272185209323,0.08187278147906775,0,397374,0,9,sahoo,0,28,9553
0.9268873285768032,0.07311267142319679,0,397376,0,9,sahoo,0,28,9553
0.9191663514108269,0.0808336485891731,0,397426,0,9,sahoo,0,28,9553
0.9217781689273965,0.07822183107260354,0,397390,0,9,sahoo,0,28,9553
0.9993172976908938,0.0006827023091061484,0,397366,0,9,sahoo,0,28,9553
0.9984561583552142,0.0015438416447858235,0,397369,0,9,sahoo,0,28,9553
0.9995968711941035,0.0004031288058965067,0,397375,0,9,sahoo,0,28,9553
0.9992485826892643,0.0007514173107357437,0,397399,0,9,sahoo,0,28,9553
0.9995171960819459,0.0004828039180541146,0,397454,0,9,sahoo,0,28,9553
0.9989764339152089,0.0010235660847911065,0,397359,0,9,sahoo,0,28,9553
0.9241161188653508,0.07588388113464917,0,397357,0,9,sahoo,0,28,9553
0.9982799689877172,0.0017200310122827528,0,397358,0,9,sahoo,0,28,9553
0.9990919973622241,0.0009080026377758954,0,397412,0,9,sahoo,0,28,9553
0.9997367797832181,0.0002632202167819191,0,397425,0,9,sahoo,0,28,9553
0.9995579796005992,0.000442020399400751,0,397396,0,9,sahoo,0,28,9553
0.9998948813982058,0.00010511860179421833,0,397414,0,9,sahoo,0,28,9553
0.99944974777842,0.0005502522215800327,0,397403,0,9,sahoo,0,28,9553
0.9985238597639926,0.00147614023600739,0,397449,0,9,sahoo,0,28,9553
0.9998358237444643,0.00016417625553561338,0,397430,0,9,sahoo,0,28,9553
0.9984041060021572,0.0015958939978428155,0,397411,0,9,sahoo,0,28,9553
0.9403256543937089,0.05967434560629116,0,397370,0,9,sahoo,0,28,9553
0.9372722053464957,0.06272779465350428,0,397417,0,9,sahoo,0,28,9553
0.939662453220994,0.06033754677900604,0,397440,0,9,sahoo,0,28,9553
0.9951604783927812,0.004839521607218748,0,397435,0,9,sahoo,0,28,9553
0.9996676708961661,0.0003323291038338574,0,397431,0,9,sahoo,0,28,9553
0.9997597915287337,0.00024020847126626175,0,397439,0,9,sahoo,0,28,9553
0.999817831672794,0.00018216832720598702,0,397443,0,9,sahoo,0,28,9553
0.999694694730484,0.00030530526951594495,0,397434,0,9,sahoo,0,28,9553
0.9998002857190567,0.0001997142809433891,0,397441,0,9,sahoo,0,28,9553
0.9480509107224282,0.05194908927757181,0,397424,0,9,sahoo,0,28,9553
0.9884602479791184,0.01153975202088164,1,397456,0,9,sahoo,1,28,9553
0.9984739026004389,0.0015260973995610552,0,397446,0,9,sahoo,0,28,9553
0.9987889192750379,0.0012110807249620737,0,397453,0,9,sahoo,0,28,9553
0.999598017443696,0.00040198255630396047,0,397448,0,9,sahoo,0,28,9553
0.9995262651089876,0.0004737348910124017,0,397418,0,9,sahoo,0,28,9553
0.9953738037558232,0.00462619624417685,0,396905,0,9,sahoo,0,15,9542
0.918740143845209,0.081259856154791,0,396955,0,9,sahoo,0,15,9542
0.999922158130115,7.78418698849743e-05,0,396902,0,9,sahoo,0,15,9542
0.999883008387904,0.0001169916120959668,0,396920,0,9,sahoo,0,15,9542
0.9991202545864648,0.0008797454135352094,0,396906,0,9,sahoo,0,15,9542
0.9987708216028772,0.0012291783971227772,0,396912,0,9,sahoo,0,15,9542
0.9989646724101036,0.0010353275898964118,0,396915,0,9,sahoo,0,15,9542
0.9999452042763602,5.4795723639777034e-05,0,396959,0,9,sahoo,0,15,9542
0.9177362982875374,0.08226370171246257,0,396921,0,9,sahoo,0,15,9542
0.9995240832686257,0.00047591673137426167,0,396961,0,9,sahoo,0,15,9542
0.9993757717041526,0.0006242282958473615,0,396916,0,9,sahoo,0,15,9542
0.9996074451504182,0.0003925548495817548,0,396960,0,9,sahoo,0,15,9542
0.999703793501243,0.00029620649875689633,0,396904,0,9,sahoo,0,15,9542
0.9998654145407531,0.00013458545924695543,0,396918,0,9,sahoo,0,15,9542
0.9987998637448753,0.0012001362551247625,0,396888,0,9,sahoo,0,15,9542
0.9163107608468878,0.0836892391531122,0,396890,0,9,sahoo,0,15,9542
0.9989462517267069,0.0010537482732930687,0,396884,0,9,sahoo,0,15,9542
0.9992236644169401,0.000776335583059897,0,396938,0,9,sahoo,0,15,9542
0.9988141929141315,0.0011858070858684203,0,396895,0,9,sahoo,0,15,9542
0.9996787190118679,0.0003212809881321306,0,396894,0,9,sahoo,0,15,9542
0.9988847680564322,0.0011152319435677367,0,396968,0,9,sahoo,0,15,9542
0.9999732829855731,2.671701442690372e-05,0,396896,0,9,sahoo,0,15,9542
0.9181368803469427,0.08186311965305725,0,396903,0,9,sahoo,0,15,9542
0.9181272185209323,0.08187278147906775,0,396897,0,9,sahoo,0,15,9542
0.9268873285768032,0.07311267142319679,0,396899,0,9,sahoo,0,15,9542
0.9191663514108269,0.0808336485891731,0,396949,0,9,sahoo,0,15,9542
0.9217781689273965,0.07822183107260354,0,396913,0,9,sahoo,0,15,9542
0.9993172976908938,0.0006827023091061484,0,396889,0,9,sahoo,0,15,9542
0.9984561583552142,0.0015438416447858235,0,396892,0,9,sahoo,0,15,9542
0.9995968711941035,0.0004031288058965067,0,396898,0,9,sahoo,0,15,9542
0.9992485826892643,0.0007514173107357437,0,396922,0,9,sahoo,0,15,9542
0.9995171960819459,0.0004828039180541146,0,396977,0,9,sahoo,0,15,9542
0.9989764339152089,0.0010235660847911065,0,396882,0,9,sahoo,0,15,9542
0.9241161188653508,0.07588388113464917,0,396880,0,9,sahoo,0,15,9542
0.9982799689877172,0.0017200310122827528,0,396881,0,9,sahoo,0,15,9542
0.9990919973622241,0.0009080026377758954,0,396935,0,9,sahoo,0,15,9542
0.9997367797832181,0.0002632202167819191,0,396948,0,9,sahoo,0,15,9542
0.9995579796005992,0.000442020399400751,0,396919,0,9,sahoo,0,15,9542
0.9998948813982058,0.00010511860179421833,0,396937,0,9,sahoo,0,15,9542
0.99944974777842,0.0005502522215800327,0,396926,0,9,sahoo,0,15,9542
0.9985238597639926,0.00147614023600739,0,396972,0,9,sahoo,0,15,9542
0.9998358237444643,0.00016417625553561338,0,396953,0,9,sahoo,0,15,9542
0.9984041060021572,0.0015958939978428155,0,396934,0,9,sahoo,0,15,9542
0.9403256543937089,0.05967434560629116,0,396893,0,9,sahoo,0,15,9542
0.9372722053464957,0.06272779465350428,0,396940,0,9,sahoo,0,15,9542
0.939662453220994,0.06033754677900604,0,396964,0,9,sahoo,0,15,9542
0.9951604783927812,0.004839521607218748,0,396958,0,9,sahoo,0,15,9542
0.9996676708961661,0.0003323291038338574,0,396954,0,9,sahoo,0,15,9542
0.9997597915287337,0.00024020847126626175,0,396963,0,9,sahoo,0,15,9542
0.999817831672794,0.00018216832720598702,0,396966,0,9,sahoo,0,15,9542
0.999694694730484,0.00030530526951594495,0,396957,0,9,sahoo,0,15,9542
0.9998002857190567,0.0001997142809433891,2,396979,1,9,sahoo,0,15,9542
0.9480509107224282,0.05194908927757181,0,396947,0,9,sahoo,0,15,9542
0.9884602479791184,0.01153975202088164,0,396962,0,9,sahoo,0,15,9542
0.9984739026004389,0.0015260973995610552,0,396969,0,9,sahoo,0,15,9542
0.9987889192750379,0.0012110807249620737,0,396976,0,9,sahoo,0,15,9542
0.999598017443696,0.00040198255630396047,0,396971,0,9,sahoo,0,15,9542
0.9995262651089876,0.0004737348910124017,0,396941,0,9,sahoo,0,15,9542
0.9953738037558232,0.00462619624417685,0,396742,0,9,sahoo,0,4,9539
0.918740143845209,0.081259856154791,0,396791,0,9,sahoo,0,4,9539
0.999922158130115,7.78418698849743e-05,0,396739,0,9,sahoo,0,4,9539
0.999883008387904,0.0001169916120959668,0,396757,0,9,sahoo,0,4,9539
0.9991202545864648,0.0008797454135352094,0,396743,0,9,sahoo,0,4,9539
0.9987708216028772,0.0012291783971227772,0,396749,0,9,sahoo,0,4,9539
0.9989646724101036,0.0010353275898964118,0,396752,0,9,sahoo,0,4,9539
0.9999452042763602,5.4795723639777034e-05,0,396795,0,9,sahoo,0,4,9539
0.9177362982875374,0.08226370171246257,0,396758,0,9,sahoo,0,4,9539
0.9995240832686257,0.00047591673137426167,0,396797,0,9,sahoo,0,4,9539
0.9993757717041526,0.0006242282958473615,0,396753,0,9,sahoo,0,4,9539
0.9996074451504182,0.0003925548495817548,0,396796,0,9,sahoo,0,4,9539
0.999703793501243,0.00029620649875689633,0,396741,0,9,sahoo,0,4,9539
0.9998654145407531,0.00013458545924695543,0,396755,0,9,sahoo,0,4,9539
0.9987998637448753,0.0012001362551247625,0,396725,0,9,sahoo,0,4,9539
0.9163107608468878,0.0836892391531122,0,396727,0,9,sahoo,0,4,9539
0.9989462517267069,0.0010537482732930687,0,396721,0,9,sahoo,0,4,9539
0.9992236644169401,0.000776335583059897,0,396774,0,9,sahoo,0,4,9539
0.9988141929141315,0.0011858070858684203,0,396732,0,9,sahoo,0,4,9539
0.9996787190118679,0.0003212809881321306,0,396731,0,9,sahoo,0,4,9539
0.9988847680564322,0.0011152319435677367,0,396805,0,9,sahoo,0,4,9539
0.9999732829855731,2.671701442690372e-05,0,396733,0,9,sahoo,0,4,9539
0.9181368803469427,0.08186311965305725,0,396740,0,9,sahoo,0,4,9539
0.9181272185209323,0.08187278147906775,0,396734,0,9,sahoo,0,4,9539
0.9268873285768032,0.07311267142319679,0,396736,0,9,sahoo,0,4,9539
0.9191663514108269,0.0808336485891731,0,396785,0,9,sahoo,0,4,9539
0.9217781689273965,0.07822183107260354,0,396750,0,9,sahoo,0,4,9539
0.9993172976908938,0.0006827023091061484,0,396726,0,9,sahoo,0,4,9539
0.9984561583552142,0.0015438416447858235,0,396729,0,9,sahoo,0,4,9539
0.9995968711941035,0.0004031288058965067,0,396735,0,9,sahoo,0,4,9539
0.9992485826892643,0.0007514173107357437,0,396759,0,9,sahoo,0,4,9539
0.9995171960819459,0.0004828039180541146,0,396814,0,9,sahoo,0,4,9539
0.9989764339152089,0.0010235660847911065,0,396719,0,9,sahoo,0,4,9539
0.9241161188653508,0.07588388113464917,0,396717,0,9,sahoo,0,4,9539
0.9982799689877172,0.0017200310122827528,0,396718,0,9,sahoo,0,4,9539
0.9990919973622241,0.0009080026377758954,0,396771,0,9,sahoo,0,4,9539
0.9997367797832181,0.0002632202167819191,0,396784,0,9,sahoo,0,4,9539
0.9995579796005992,0.000442020399400751,0,396756,0,9,sahoo,0,4,9539
0.9998948813982058,0.00010511860179421833,0,396773,0,9,sahoo,0,4,9539
0.99944974777842,0.0005502522215800327,0,396763,0,9,sahoo,0,4,9539
0.9985238597639926,0.00147614023600739,0,396809,0,9,sahoo,0,4,9539
0.9998358237444643,0.00016417625553561338,0,396789,0,9,sahoo,0,4,9539
0.9984041060021572,0.0015958939978428155,2,396816,1,9,sahoo,0,4,9539
0.9403256543937089,0.05967434560629116,0,396730,0,9,sahoo,0,4,9539
0.9372722053464957,0.06272779465350428,0,396776,0,9,sahoo,0,4,9539
0.939662453220994,0.06033754677900604,0,396800,0,9,sahoo,0,4,9539
0.9951604783927812,0.004839521607218748,0,396794,0,9,sahoo,0,4,9539
0.9996676708961661,0.0003323291038338574,0,396790,0,9,sahoo,0,4,9539
0.9997597915287337,0.00024020847126626175,0,396799,0,9,sahoo,0,4,9539
0.999817831672794,0.00018216832720598702,0,396803,0,9,sahoo,0,4,9539
0.999694694730484,0.00030530526951594495,0,396793,0,9,sahoo,0,4,9539
0.9998002857190567,0.0001997142809433891,0,396801,0,9,sahoo,0,4,9539
0.9480509107224282,0.05194908927757181,0,396783,0,9,sahoo,0,4,9539
0.9884602479791184,0.01153975202088164,0,396798,0,9,sahoo,0,4,9539
0.9984739026004389,0.0015260973995610552,0,396806,0,9,sahoo,0,4,9539
0.9987889192750379,0.0012110807249620737,0,396813,0,9,sahoo,0,4,9539
0.999598017443696,0.00040198255630396047,0,396808,0,9,sahoo,0,4,9539
0.9995262651089876,0.0004737348910124017,0,396777,0,9,sahoo,0,4,9539
0.9953738037558232,0.00462619624417685,0,395621,0,9,sahoo,0,47,9517
0.918740143845209,0.081259856154791,0,395671,0,9,sahoo,0,47,9517
0.999922158130115,7.78418698849743e-05,0,395619,0,9,sahoo,0,47,9517
0.999883008387904,0.0001169916120959668,0,395636,0,9,sahoo,0,47,9517
0.9991202545864648,0.0008797454135352094,0,395622,0,9,sahoo,0,47,9517
0.9987708216028772,0.0012291783971227772,0,395628,0,9,sahoo,0,47,9517
0.9989646724101036,0.0010353275898964118,0,395631,0,9,sahoo,0,47,9517
0.9999452042763602,5.4795723639777034e-05,0,395675,0,9,sahoo,0,47,9517
0.9177362982875374,0.08226370171246257,0,395637,0,9,sahoo,0,47,9517
0.9995240832686257,0.00047591673137426167,0,395677,0,9,sahoo,0,47,9517
0.9993757717041526,0.0006242282958473615,0,395632,0,9,sahoo,0,47,9517
0.9996074451504182,0.0003925548495817548,0,395676,0,9,sahoo,0,47,9517
0.999703793501243,0.00029620649875689633,2,395696,1,9,sahoo,0,47,9517
0.9998654145407531,0.00013458545924695543,0,395634,0,9,sahoo,0,47,9517
0.9987998637448753,0.0012001362551247625,0,395605,0,9,sahoo,0,47,9517
0.9163107608468878,0.0836892391531122,0,395607,0,9,sahoo,0,47,9517
0.9989462517267069,0.0010537482732930687,0,395601,0,9,sahoo,0,47,9517
0.9992236644169401,0.000776335583059897,0,395654,0,9,sahoo,0,47,9517
0.9988141929141315,0.0011858070858684203,0,395612,0,9,sahoo,0,47,9517
0.9996787190118679,0.0003212809881321306,0,395611,0,9,sahoo,0,47,9517
0.9988847680564322,0.0011152319435677367,0,395685,0,9,sahoo,0,47,9517
0.9999732829855731,2.671701442690372e-05,0,395613,0,9,sahoo,0,47,9517
0.9181368803469427,0.08186311965305725,0,395620,0,9,sahoo,0,47,9517
0.9181272185209323,0.08187278147906775,0,395614,0,9,sahoo,0,47,9517
0.9268873285768032,0.07311267142319679,0,395616,0,9,sahoo,0,47,9517
0.9191663514108269,0.0808336485891731,0,395665,0,9,sahoo,0,47,9517
0.9217781689273965,0.07822183107260354,0,395629,0,9,sahoo,0,47,9517
0.9993172976908938,0.0006827023091061484,0,395606,0,9,sahoo,0,47,9517
0.9984561583552142,0.0015438416447858235,0,395609,0,9,sahoo,0,47,9517
0.9995968711941035,0.0004031288058965067,0,395615,0,9,sahoo,0,47,9517
0.9992485826892643,0.0007514173107357437,0,395638,0,9,sahoo,0,47,9517
0.9995171960819459,0.0004828039180541146,0,395694,0,9,sahoo,0,47,9517
0.9989764339152089,0.0010235660847911065,0,395599,0,9,sahoo,0,47,9517
0.9241161188653508,0.07588388113464917,0,395597,0,9,sahoo,0,47,9517
0.9982799689877172,0.0017200310122827528,0,395598,0,9,sahoo,0,47,9517
0.9990919973622241,0.0009080026377758954,0,395651,0,9,sahoo,0,47,9517
0.9997367797832181,0.0002632202167819191,0,395664,0,9,sahoo,0,47,9517
0.9995579796005992,0.000442020399400751,0,395635,0,9,sahoo,0,47,9517
0.9998948813982058,0.00010511860179421833,0,395653,0,9,sahoo,0,47,9517
0.99944974777842,0.0005502522215800327,0,395642,0,9,sahoo,0,47,9517
0.9985238597639926,0.00147614023600739,0,395689,0,9,sahoo,0,47,9517
0.9998358237444643,0.00016417625553561338,0,395669,0,9,sahoo,0,47,9517
0.9984041060021572,0.0015958939978428155,0,395650,0,9,sahoo,0,47,9517
0.9403256543937089,0.05967434560629116,0,395610,0,9,sahoo,0,47,9517
0.9372722053464957,0.06272779465350428,0,395656,0,9,sahoo,0,47,9517
0.939662453220994,0.06033754677900604,0,395680,0,9,sahoo,0,47,9517
0.9951604783927812,0.004839521607218748,0,395674,0,9,sahoo,0,47,9517
0.9996676708961661,0.0003323291038338574,0,395670,0,9,sahoo,0,47,9517
0.9997597915287337,0.00024020847126626175,0,395679,0,9,sahoo,0,47,9517
0.999817831672794,0.00018216832720598702,0,395683,0,9,sahoo,0,47,9517
0.999694694730484,0.00030530526951594495,0,395673,0,9,sahoo,0,47,9517
0.9998002857190567,0.0001997142809433891,0,395681,0,9,sahoo,0,47,9517
0.9480509107224282,0.05194908927757181,0,395663,0,9,sahoo,0,47,9517
0.9884602479791184,0.01153975202088164,0,395678,0,9,sahoo,0,47,9517
0.9984739026004389,0.0015260973995610552,0,395686,0,9,sahoo,0,47,9517
0.9987889192750379,0.0012110807249620737,0,395693,0,9,sahoo,0,47,9517
0.999598017443696,0.00040198255630396047,0,395688,0,9,sahoo,0,47,9517
0.9995262651089876,0.0004737348910124017,0,395657,0,9,sahoo,0,47,9517
0.9980503465780176,0.0019496534219823774,0,397722,0,9,sahoo,0,48,9559
0.918740143845209,0.081259856154791,0,397772,0,9,sahoo,0,48,9559
0.999922158130115,7.78418698849743e-05,0,397719,0,9,sahoo,0,48,9559
0.999883008387904,0.0001169916120959668,0,397737,0,9,sahoo,0,48,9559
0.9991202545864648,0.0008797454135352094,0,397723,0,9,sahoo,0,48,9559
0.9987708216028772,0.0012291783971227772,0,397729,0,9,sahoo,0,48,9559
0.9989646724101036,0.0010353275898964118,0,397732,0,9,sahoo,0,48,9559
0.9999452042763602,5.4795723639777034e-05,0,397776,0,9,sahoo,0,48,9559
0.9177362982875374,0.08226370171246257,0,397738,0,9,sahoo,0,48,9559
0.9995240832686257,0.00047591673137426167,0,397778,0,9,sahoo,0,48,9559
0.9993757717041526,0.0006242282958473615,0,397733,0,9,sahoo,0,48,9559
0.9996074451504182,0.0003925548495817548,0,397777,0,9,sahoo,0,48,9559
0.999703793501243,0.00029620649875689633,0,397721,0,9,sahoo,0,48,9559
0.9998654145407531,0.00013458545924695543,0,397735,0,9,sahoo,0,48,9559
0.9987998637448753,0.0012001362551247625,0,397706,0,9,sahoo,0,48,9559
0.9163107608468878,0.0836892391531122,0,397708,0,9,sahoo,0,48,9559
0.9989462517267069,0.0010537482732930687,0,397702,0,9,sahoo,0,48,9559
0.9992236644169401,0.000776335583059897,0,397755,0,9,sahoo,0,48,9559
0.9988141929141315,0.0011858070858684203,0,397713,0,9,sahoo,0,48,9559
0.9996787190118679,0.0003212809881321306,0,397712,0,9,sahoo,0,48,9559
0.9988847680564322,0.0011152319435677367,0,397786,0,9,sahoo,0,48,9559
0.9999732829855731,2.671701442690372e-05,0,397714,0,9,sahoo,0,48,9559
0.9181368803469427,0.08186311965305725,0,397720,0,9,sahoo,0,48,9559
0.9181272185209323,0.08187278147906775,0,397715,0,9,sahoo,0,48,9559
0.9268873285768032,0.07311267142319679,0,397717,0,9,sahoo,0,48,9559
0.9191663514108269,0.0808336485891731,0,397766,0,9,sahoo,0,48,9559
0.9217781689273965,0.07822183107260354,0,397730,0,9,sahoo,0,48,9559
0.9993172976908938,0.0006827023091061484,0,397707,0,9,sahoo,0,48,9559
0.9984561583552142,0.0015438416447858235,0,397710,0,9,sahoo,0,48,9559
0.9995968711941035,0.0004031288058965067,0,397716,0,9,sahoo,0,48,9559
0.9992485826892643,0.0007514173107357437,0,397739,0,9,sahoo,0,48,9559
0.9995171960819459,0.0004828039180541146,0,397795,0,9,sahoo,0,48,9559
0.9989764339152089,0.0010235660847911065,0,397700,0,9,sahoo,0,48,9559
0.9241161188653508,0.07588388113464917,0,397698,0,9,sahoo,0,48,9559
0.9982799689877172,0.0017200310122827528,0,397699,0,9,sahoo,0,48,9559
0.9990919973622241,0.0009080026377758954,0,397752,0,9,sahoo,0,48,9559
0.9997367797832181,0.0002632202167819191,0,397765,0,9,sahoo,0,48,9559
0.9995579796005992,0.000442020399400751,0,397736,0,9,sahoo,0,48,9559
0.9998948813982058,0.00010511860179421833,0,397754,0,9,sahoo,0,48,9559
0.99944974777842,0.0005502522215800327,0,397743,0,9,sahoo,0,48,9559
0.9985238597639926,0.00147614023600739,0,397790,0,9,sahoo,0,48,9559
0.9998358237444643,0.00016417625553561338,0,397770,0,9,sahoo,0,48,9559
0.9984041060021572,0.0015958939978428155,0,397751,0,9,sahoo,0,48,9559
0.9403256543937089,0.05967434560629116,0,397711,0,9,sahoo,0,48,9559
0.9372722053464957,0.06272779465350428,0,397757,0,9,sahoo,0,48,9559
0.939662453220994,0.06033754677900604,0,397781,0,9,sahoo,0,48,9559
0.9951604783927812,0.004839521607218748,0,397775,0,9,sahoo,0,48,9559
0.9996676708961661,0.0003323291038338574,0,397771,0,9,sahoo,0,48,9559
0.9997597915287337,0.00024020847126626175,0,397780,0,9,sahoo,0,48,9559
0.999817831672794,0.00018216832720598702,0,397784,0,9,sahoo,0,48,9559
0.999694694730484,0.00030530526951594495,0,397774,0,9,sahoo,0,48,9559
0.9998002857190567,0.0001997142809433891,0,397782,0,9,sahoo,0,48,9559
0.9480509107224282,0.05194908927757181,0,397764,0,9,sahoo,0,48,9559
0.9884602479791184,0.01153975202088164,0,397779,0,9,sahoo,0,48,9559
0.9984739026004389,0.0015260973995610552,0,397787,0,9,sahoo,0,48,9559
0.9987889192750379,0.0012110807249620737,0,397794,0,9,sahoo,0,48,9559
0.999598017443696,0.00040198255630396047,0,397789,0,9,sahoo,0,48,9559
0.9995262651089876,0.0004737348910124017,0,397758,0,9,sahoo,0,48,9559
0.9953738037558232,0.00462619624417685,0,403200,0,9,sahoo,0,8,9675
0.918740143845209,0.081259856154791,0,403250,0,9,sahoo,0,8,9675
0.999922158130115,7.78418698849743e-05,0,403197,0,9,sahoo,0,8,9675
0.999883008387904,0.0001169916120959668,0,403215,0,9,sahoo,0,8,9675
0.9991202545864648,0.0008797454135352094,0,403201,0,9,sahoo,0,8,9675
0.9987708216028772,0.0012291783971227772,0,403207,0,9,sahoo,0,8,9675
0.9989646724101036,0.0010353275898964118,0,403210,0,9,sahoo,0,8,9675
0.9999452042763602,5.4795723639777034e-05,0,403254,0,9,sahoo,0,8,9675
0.9177362982875374,0.08226370171246257,0,403216,0,9,sahoo,0,8,9675
0.9995240832686257,0.00047591673137426167,0,403256,0,9,sahoo,0,8,9675
0.9993757717041526,0.0006242282958473615,0,403211,0,9,sahoo,0,8,9675
0.9996074451504182,0.0003925548495817548,0,403255,0,9,sahoo,0,8,9675
0.999703793501243,0.00029620649875689633,0,403199,0,9,sahoo,0,8,9675
0.9998654145407531,0.00013458545924695543,0,403213,0,9,sahoo,0,8,9675
0.9987998637448753,0.0012001362551247625,0,403183,0,9,sahoo,0,8,9675
0.9163107608468878,0.0836892391531122,0,403185,0,9,sahoo,0,8,9675
0.9989462517267069,0.0010537482732930687,0,403179,0,9,sahoo,0,8,9675
0.9992236644169401,0.000776335583059897,0,403233,0,9,sahoo,0,8,9675
0.9988141929141315,0.0011858070858684203,0,403190,0,9,sahoo,0,8,9675
0.9996787190118679,0.0003212809881321306,0,403189,0,9,sahoo,0,8,9675
0.9988847680564322,0.0011152319435677367,0,403263,0,9,sahoo,0,8,9675
0.9999732829855731,2.671701442690372e-05,0,403191,0,9,sahoo,0,8,9675
0.9181368803469427,0.08186311965305725,0,403198,0,9,sahoo,0,8,9675
0.9181272185209323,0.08187278147906775,0,403192,0,9,sahoo,0,8,9675
0.9268873285768032,0.07311267142319679,0,403194,0,9,sahoo,0,8,9675
0.9191663514108269,0.0808336485891731,0,403244,0,9,sahoo,0,8,9675
0.9217781689273965,0.07822183107260354,0,403208,0,9,sahoo,0,8,9675
0.9993172976908938,0.0006827023091061484,0,403184,0,9,sahoo,0,8,9675
0.9984561583552142,0.0015438416447858235,0,403187,0,9,sahoo,0,8,9675
0.9995968711941035,0.0004031288058965067,0,403193,0,9,sahoo,0,8,9675
0.9992485826892643,0.0007514173107357437,0,403217,0,9,sahoo,0,8,9675
0.9995171960819459,0.0004828039180541146,0,403272,0,9,sahoo,0,8,9675
0.9989764339152089,0.0010235660847911065,0,403177,0,9,sahoo,0,8,9675
0.9241161188653508,0.07588388113464917,0,403175,0,9,sahoo,0,8,9675
0.9982799689877172,0.0017200310122827528,0,403176,0,9,sahoo,0,8,9675
0.9990919973622241,0.0009080026377758954,0,403230,0,9,sahoo,0,8,9675
0.9997367797832181,0.0002632202167819191,0,403243,0,9,sahoo,0,8,9675
0.9995579796005992,0.000442020399400751,0,403214,0,9,sahoo,0,8,9675
0.9998948813982058,0.00010511860179421833,0,403232,0,9,sahoo,0,8,9675
0.99944974777842,0.0005502522215800327,0,403221,0,9,sahoo,0,8,9675
0.9985238597639926,0.00147614023600739,0,403267,0,9,sahoo,0,8,9675
0.9998358237444643,0.00016417625553561338,0,403248,0,9,sahoo,0,8,9675
0.9984041060021572,0.0015958939978428155,0,403229,0,9,sahoo,0,8,9675
0.9403256543937089,0.05967434560629116,0,403188,0,9,sahoo,0,8,9675
0.9372722053464957,0.06272779465350428,0,403235,0,9,sahoo,0,8,9675
0.939662453220994,0.06033754677900604,0,403259,0,9,sahoo,0,8,9675
0.9951604783927812,0.004839521607218748,0,403253,0,9,sahoo,0,8,9675
0.9996676708961661,0.0003323291038338574,0,403249,0,9,sahoo,0,8,9675
0.9997597915287337,0.00024020847126626175,0,403258,0,9,sahoo,0,8,9675
0.999817831672794,0.00018216832720598702,2,403274,1,9,sahoo,0,8,9675
0.999694694730484,0.00030530526951594495,0,403252,0,9,sahoo,0,8,9675
0.9998002857190567,0.0001997142809433891,0,403260,0,9,sahoo,0,8,9675
0.9480509107224282,0.05194908927757181,0,403242,0,9,sahoo,0,8,9675
0.9884602479791184,0.01153975202088164,0,403257,0,9,sahoo,0,8,9675
0.9984739026004389,0.0015260973995610552,0,403264,0,9,sahoo,0,8,9675
0.9987889192750379,0.0012110807249620737,0,403271,0,9,sahoo,0,8,9675
0.999598017443696,0.00040198255630396047,0,403266,0,9,sahoo,0,8,9675
0.9995262651089876,0.0004737348910124017,0,403236,0,9,sahoo,0,8,9675
0.9953738037558232,0.00462619624417685,0,400276,0,9,sahoo,0,5,9611
0.918740143845209,0.081259856154791,0,400326,0,9,sahoo,0,5,9611
0.999922158130115,7.78418698849743e-05,0,400273,0,9,sahoo,0,5,9611
0.999883008387904,0.0001169916120959668,0,400291,0,9,sahoo,0,5,9611
0.9991202545864648,0.0008797454135352094,0,400277,0,9,sahoo,0,5,9611
0.9987708216028772,0.0012291783971227772,0,400283,0,9,sahoo,0,5,9611
0.9989646724101036,0.0010353275898964118,0,400286,0,9,sahoo,0,5,9611
0.9999452042763602,5.4795723639777034e-05,0,400329,0,9,sahoo,0,5,9611
0.9177362982875374,0.08226370171246257,0,400292,0,9,sahoo,0,5,9611
0.9995240832686257,0.00047591673137426167,0,400331,0,9,sahoo,0,5,9611
0.9993757717041526,0.0006242282958473615,0,400287,0,9,sahoo,0,5,9611
0.9996074451504182,0.0003925548495817548,0,400330,0,9,sahoo,0,5,9611
0.999703793501243,0.00029620649875689633,0,400275,0,9,sahoo,0,5,9611
0.9998654145407531,0.00013458545924695543,0,400289,0,9,sahoo,0,5,9611
0.9987998637448753,0.0012001362551247625,0,400259,0,9,sahoo,0,5,9611
0.9163107608468878,0.0836892391531122,0,400261,0,9,sahoo,0,5,9611
0.9989462517267069,0.0010537482732930687,0,400255,0,9,sahoo,0,5,9611
0.9992236644169401,0.000776335583059897,0,400309,0,9,sahoo,0,5,9611
0.9988141929141315,0.0011858070858684203,0,400266,0,9,sahoo,0,5,9611
0.9996787190118679,0.0003212809881321306,0,400265,0,9,sahoo,0,5,9611
0.9988847680564322,0.0011152319435677367,0,400339,0,9,sahoo,0,5,9611
0.9999732829855731,2.671701442690372e-05,0,400267,0,9,sahoo,0,5,9611
0.9181368803469427,0.08186311965305725,0,400274,0,9,sahoo,0,5,9611
0.9181272185209323,0.08187278147906775,0,400268,0,9,sahoo,0,5,9611
0.9268873285768032,0.07311267142319679,0,400270,0,9,sahoo,0,5,9611
0.9191663514108269,0.0808336485891731,0,400320,0,9,sahoo,0,5,9611
0.9217781689273965,0.07822183107260354,0,400284,0,9,sahoo,0,5,9611
0.9993172976908938,0.0006827023091061484,0,400260,0,9,sahoo,0,5,9611
0.9984561583552142,0.0015438416447858235,0,400263,0,9,sahoo,0,5,9611
0.9995968711941035,0.0004031288058965067,0,400269,0,9,sahoo,0,5,9611
0.9992485826892643,0.0007514173107357437,0,400293,0,9,sahoo,0,5,9611
0.9995171960819459,0.0004828039180541146,0,400348,0,9,sahoo,0,5,9611
0.9989764339152089,0.0010235660847911065,0,400253,0,9,sahoo,0,5,9611
0.9241161188653508,0.07588388113464917,0,400251,0,9,sahoo,0,5,9611
0.9982799689877172,0.0017200310122827528,0,400252,0,9,sahoo,0,5,9611
0.9990919973622241,0.0009080026377758954,0,400306,0,9,sahoo,0,5,9611
0.9997367797832181,0.0002632202167819191,0,400319,0,9,sahoo,0,5,9611
0.9995579796005992,0.000442020399400751,0,400290,0,9,sahoo,0,5,9611
0.9998948813982058,0.00010511860179421833,0,400308,0,9,sahoo,0,5,9611
0.99944974777842,0.0005502522215800327,0,400297,0,9,sahoo,0,5,9611
0.9985238597639926,0.00147614023600739,0,400343,0,9,sahoo,0,5,9611
0.9998358237444643,0.00016417625553561338,0,400324,0,9,sahoo,0,5,9611
0.9984041060021572,0.0015958939978428155,0,400305,0,9,sahoo,0,5,9611
0.9403256543937089,0.05967434560629116,0,400264,0,9,sahoo,0,5,9611
0.9372722053464957,0.06272779465350428,0,400311,0,9,sahoo,0,5,9611
0.939662453220994,0.06033754677900604,0,400334,0,9,sahoo,0,5,9611
0.9951604783927812,0.004839521607218748,0,400328,0,9,sahoo,0,5,9611
0.9996676708961661,0.0003323291038338574,0,400325,0,9,sahoo,0,5,9611
0.9997597915287337,0.00024020847126626175,0,400333,0,9,sahoo,0,5,9611
0.999817831672794,0.00018216832720598702,0,400337,0,9,sahoo,0,5,9611
0.999694694730484,0.00030530526951594495,2,400350,1,9,sahoo,0,5,9611
0.9998002857190567,0.0001997142809433891,0,400335,0,9,sahoo,0,5,9611
0.9480509107224282,0.05194908927757181,0,400318,0,9,sahoo,0,5,9611
0.9884602479791184,0.01153975202088164,0,400332,0,9,sahoo,0,5,9611
0.9984739026004389,0.0015260973995610552,0,400340,0,9,sahoo,0,5,9611
0.9987889192750379,0.0012110807249620737,0,400347,0,9,sahoo,0,5,9611
0.999598017443696,0.00040198255630396047,0,400342,0,9,sahoo,0,5,9611
0.9995262651089876,0.0004737348910124017,0,400312,0,9,sahoo,0,5,9611
0.9953738037558232,0.00462619624417685,0,405100,0,9,sahoo,0,11,9716
0.918740143845209,0.081259856154791,0,405149,0,9,sahoo,0,11,9716
0.999922158130115,7.78418698849743e-05,0,405097,0,9,sahoo,0,11,9716
0.999883008387904,0.0001169916120959668,0,405115,0,9,sahoo,0,11,9716
0.9991202545864648,0.0008797454135352094,0,405101,0,9,sahoo,0,11,9716
0.9987708216028772,0.0012291783971227772,0,405107,0,9,sahoo,0,11,9716
0.9989646724101036,0.0010353275898964118,0,405110,0,9,sahoo,0,11,9716
0.9999452042763602,5.4795723639777034e-05,0,405153,0,9,sahoo,0,11,9716
0.9177362982875374,0.08226370171246257,0,405116,0,9,sahoo,0,11,9716
0.9995240832686257,0.00047591673137426167,0,405155,0,9,sahoo,0,11,9716
0.9993757717041526,0.0006242282958473615,0,405111,0,9,sahoo,0,11,9716
0.9996074451504182,0.0003925548495817548,0,405154,0,9,sahoo,0,11,9716
0.999703793501243,0.00029620649875689633,0,405099,0,9,sahoo,0,11,9716
0.9998654145407531,0.00013458545924695543,0,405113,0,9,sahoo,0,11,9716
0.9987998637448753,0.0012001362551247625,0,405083,0,9,sahoo,0,11,9716
0.9163107608468878,0.0836892391531122,0,405085,0,9,sahoo,0,11,9716
0.9989462517267069,0.0010537482732930687,0,405079,0,9,sahoo,0,11,9716
0.9992236644169401,0.000776335583059897,0,405133,0,9,sahoo,0,11,9716
0.9988141929141315,0.0011858070858684203,0,405090,0,9,sahoo,0,11,9716
0.9996787190118679,0.0003212809881321306,0,405089,0,9,sahoo,0,11,9716
0.9988847680564322,0.0011152319435677367,0,405163,0,9,sahoo,0,11,9716
0.9999732829855731,2.671701442690372e-05,0,405091,0,9,sahoo,0,11,9716
0.9181368803469427,0.08186311965305725,0,405098,0,9,sahoo,0,11,9716
0.9181272185209323,0.08187278147906775,0,405092,0,9,sahoo,0,11,9716
0.9268873285768032,0.07311267142319679,0,405094,0,9,sahoo,0,11,9716
0.9191663514108269,0.0808336485891731,0,405143,0,9,sahoo,0,11,9716
0.9217781689273965,0.07822183107260354,0,405108,0,9,sahoo,0,11,9716
0.9993172976908938,0.0006827023091061484,0,405084,0,9,sahoo,0,11,9716
0.9984561583552142,0.0015438416447858235,0,405087,0,9,sahoo,0,11,9716
0.9995968711941035,0.0004031288058965067,0,405093,0,9,sahoo,0,11,9716
0.9992485826892643,0.0007514173107357437,0,405117,0,9,sahoo,0,11,9716
0.9995171960819459,0.0004828039180541146,0,405172,0,9,sahoo,0,11,9716
0.9989764339152089,0.0010235660847911065,0,405077,0,9,sahoo,0,11,9716
0.9241161188653508,0.07588388113464917,0,405075,0,9,sahoo,0,11,9716
0.9982799689877172,0.0017200310122827528,0,405076,0,9,sahoo,0,11,9716
0.9990919973622241,0.0009080026377758954,0,405130,0,9,sahoo,0,11,9716
0.9997367797832181,0.0002632202167819191,0,405142,0,9,sahoo,0,11,9716
0.9995579796005992,0.000442020399400751,0,405114,0,9,sahoo,0,11,9716
0.9998948813982058,0.00010511860179421833,0,405132,0,9,sahoo,0,11,9716
0.99944974777842,0.0005502522215800327,0,405121,0,9,sahoo,0,11,9716
0.9985238597639926,0.00147614023600739,0,405167,0,9,sahoo,0,11,9716
0.9998358237444643,0.00016417625553561338,0,405147,0,9,sahoo,0,11,9716
0.9984041060021572,0.0015958939978428155,0,405129,0,9,sahoo,0,11,9716
0.9403256543937089,0.05967434560629116,0,405088,0,9,sahoo,0,11,9716
0.9372722053464957,0.06272779465350428,2,405174,1,9,sahoo,0,11,9716
0.939662453220994,0.06033754677900604,0,405158,0,9,sahoo,0,11,9716
0.9951604783927812,0.004839521607218748,0,405152,0,9,sahoo,0,11,9716
0.9996676708961661,0.0003323291038338574,0,405148,0,9,sahoo,0,11,9716
0.9997597915287337,0.00024020847126626175,0,405157,0,9,sahoo,0,11,9716
0.999817831672794,0.00018216832720598702,0,405161,0,9,sahoo,0,11,9716
0.999694694730484,0.00030530526951594495,0,405151,0,9,sahoo,0,11,9716
0.9998002857190567,0.0001997142809433891,0,405159,0,9,sahoo,0,11,9716
0.9480509107224282,0.05194908927757181,0,405141,0,9,sahoo,0,11,9716
0.9884602479791184,0.01153975202088164,0,405156,0,9,sahoo,0,11,9716
0.9984739026004389,0.0015260973995610552,0,405164,0,9,sahoo,0,11,9716
0.9987889192750379,0.0012110807249620737,0,405171,0,9,sahoo,0,11,9716
0.999598017443696,0.00040198255630396047,0,405166,0,9,sahoo,0,11,9716
0.9995262651089876,0.0004737348910124017,0,405135,0,9,sahoo,0,11,9716
0.9953738037558232,0.00462619624417685,0,399061,0,9,sahoo,0,4,9587
0.918740143845209,0.081259856154791,0,399111,0,9,sahoo,0,4,9587
0.999922158130115,7.78418698849743e-05,0,399058,0,9,sahoo,0,4,9587
0.999883008387904,0.0001169916120959668,0,399076,0,9,sahoo,0,4,9587
0.9991202545864648,0.0008797454135352094,0,399062,0,9,sahoo,0,4,9587
0.9987708216028772,0.0012291783971227772,0,399068,0,9,sahoo,0,4,9587
0.9989646724101036,0.0010353275898964118,0,399071,0,9,sahoo,0,4,9587
0.9999452042763602,5.4795723639777034e-05,0,399115,0,9,sahoo,0,4,9587
0.9177362982875374,0.08226370171246257,0,399077,0,9,sahoo,0,4,9587
0.9995240832686257,0.00047591673137426167,0,399117,0,9,sahoo,0,4,9587
0.9993757717041526,0.0006242282958473615,0,399072,0,9,sahoo,0,4,9587
0.9996074451504182,0.0003925548495817548,0,399116,0,9,sahoo,0,4,9587
0.999703793501243,0.00029620649875689633,0,399060,0,9,sahoo,0,4,9587
0.9998654145407531,0.00013458545924695543,0,399074,0,9,sahoo,0,4,9587
0.9987998637448753,0.0012001362551247625,0,399045,0,9,sahoo,0,4,9587
0.9163107608468878,0.0836892391531122,0,399047,0,9,sahoo,0,4,9587
0.9989462517267069,0.0010537482732930687,0,399041,0,9,sahoo,0,4,9587
0.9992236644169401,0.000776335583059897,0,399094,0,9,sahoo,0,4,9587
0.9988141929141315,0.0011858070858684203,0,399052,0,9,sahoo,0,4,9587
0.9996787190118679,0.0003212809881321306,0,399051,0,9,sahoo,0,4,9587
0.9988847680564322,0.0011152319435677367,0,399125,0,9,sahoo,0,4,9587
0.9999732829855731,2.671701442690372e-05,2,399136,1,9,sahoo,0,4,9587
0.9181368803469427,0.08186311965305725,0,399059,0,9,sahoo,0,4,9587
0.9181272185209323,0.08187278147906775,0,399053,0,9,sahoo,0,4,9587
0.9268873285768032,0.07311267142319679,0,399055,0,9,sahoo,0,4,9587
0.9191663514108269,0.0808336485891731,0,399105,0,9,sahoo,0,4,9587
0.9217781689273965,0.07822183107260354,0,399069,0,9,sahoo,0,4,9587
0.9993172976908938,0.0006827023091061484,0,399046,0,9,sahoo,0,4,9587
0.9984561583552142,0.0015438416447858235,0,399049,0,9,sahoo,0,4,9587
0.9995968711941035,0.0004031288058965067,0,399054,0,9,sahoo,0,4,9587
0.9992485826892643,0.0007514173107357437,0,399078,0,9,sahoo,0,4,9587
0.9995171960819459,0.0004828039180541146,0,399134,0,9,sahoo,0,4,9587
0.9989764339152089,0.0010235660847911065,0,399039,0,9,sahoo,0,4,9587
0.9241161188653508,0.07588388113464917,0,399037,0,9,sahoo,0,4,9587
0.9982799689877172,0.0017200310122827528,0,399038,0,9,sahoo,0,4,9587
0.9990919973622241,0.0009080026377758954,0,399091,0,9,sahoo,0,4,9587
0.9997367797832181,0.0002632202167819191,0,399104,0,9,sahoo,0,4,9587
0.9995579796005992,0.000442020399400751,0,399075,0,9,sahoo,0,4,9587
0.9998948813982058,0.00010511860179421833,0,399093,0,9,sahoo,0,4,9587
0.99944974777842,0.0005502522215800327,0,399082,0,9,sahoo,0,4,9587
0.9985238597639926,0.00147614023600739,0,399129,0,9,sahoo,0,4,9587
0.9998358237444643,0.00016417625553561338,0,399109,0,9,sahoo,0,4,9587
0.9984041060021572,0.0015958939978428155,0,399090,0,9,sahoo,0,4,9587
0.9403256543937089,0.05967434560629116,0,399050,0,9,sahoo,0,4,9587
0.9372722053464957,0.06272779465350428,0,399096,0,9,sahoo,0,4,9587
0.939662453220994,0.06033754677900604,0,399120,0,9,sahoo,0,4,9587
0.9951604783927812,0.004839521607218748,0,399114,0,9,sahoo,0,4,9587
0.9996676708961661,0.0003323291038338574,0,399110,0,9,sahoo,0,4,9587
0.9997597915287337,0.00024020847126626175,0,399119,0,9,sahoo,0,4,9587
0.999817831672794,0.00018216832720598702,0,399123,0,9,sahoo,0,4,9587
0.999694694730484,0.00030530526951594495,0,399113,0,9,sahoo,0,4,9587
0.9998002857190567,0.0001997142809433891,0,399121,0,9,sahoo,0,4,9587
0.9480509107224282,0.05194908927757181,0,399103,0,9,sahoo,0,4,9587
0.9884602479791184,0.01153975202088164,0,399118,0,9,sahoo,0,4,9587
0.9984739026004389,0.0015260973995610552,0,399126,0,9,sahoo,0,4,9587
0.9987889192750379,0.0012110807249620737,0,399133,0,9,sahoo,0,4,9587
0.999598017443696,0.00040198255630396047,0,399128,0,9,sahoo,0,4,9587
0.9995262651089876,0.0004737348910124017,0,399097,0,9,sahoo,0,4,9587
0.9953738037558232,0.00462619624417685,0,396145,0,9,sahoo,0,3,9529
0.918740143845209,0.081259856154791,0,396195,0,9,sahoo,0,3,9529
0.999922158130115,7.78418698849743e-05,0,396142,0,9,sahoo,0,3,9529
0.999883008387904,0.0001169916120959668,0,396160,0,9,sahoo,0,3,9529
0.9991202545864648,0.0008797454135352094,0,396146,0,9,sahoo,0,3,9529
0.9987708216028772,0.0012291783971227772,0,396152,0,9,sahoo,0,3,9529
0.9989646724101036,0.0010353275898964118,0,396155,0,9,sahoo,0,3,9529
0.9999452042763602,5.4795723639777034e-05,0,396199,0,9,sahoo,0,3,9529
0.9177362982875374,0.08226370171246257,0,396161,0,9,sahoo,0,3,9529
0.9995240832686257,0.00047591673137426167,0,396200,0,9,sahoo,0,3,9529
0.9993757717041526,0.0006242282958473615,0,396156,0,9,sahoo,0,3,9529
0.9996074451504182,0.0003925548495817548,2,396219,1,9,sahoo,0,3,9529
0.999703793501243,0.00029620649875689633,0,396144,0,9,sahoo,0,3,9529
0.9998654145407531,0.00013458545924695543,0,396158,0,9,sahoo,0,3,9529
0.9987998637448753,0.0012001362551247625,0,396128,0,9,sahoo,0,3,9529
0.9163107608468878,0.0836892391531122,0,396130,0,9,sahoo,0,3,9529
0.9989462517267069,0.0010537482732930687,0,396124,0,9,sahoo,0,3,9529
0.9992236644169401,0.000776335583059897,0,396178,0,9,sahoo,0,3,9529
0.9988141929141315,0.0011858070858684203,0,396135,0,9,sahoo,0,3,9529
0.9996787190118679,0.0003212809881321306,0,396134,0,9,sahoo,0,3,9529
0.9988847680564322,0.0011152319435677367,0,396208,0,9,sahoo,0,3,9529
0.9999732829855731,2.671701442690372e-05,0,396136,0,9,sahoo,0,3,9529
0.9181368803469427,0.08186311965305725,0,396143,0,9,sahoo,0,3,9529
0.9181272185209323,0.08187278147906775,0,396137,0,9,sahoo,0,3,9529
0.9268873285768032,0.07311267142319679,0,396139,0,9,sahoo,0,3,9529
0.9191663514108269,0.0808336485891731,0,396189,0,9,sahoo,0,3,9529
0.9217781689273965,0.07822183107260354,0,396153,0,9,sahoo,0,3,9529
0.9993172976908938,0.0006827023091061484,0,396129,0,9,sahoo,0,3,9529
0.9984561583552142,0.0015438416447858235,0,396132,0,9,sahoo,0,3,9529
0.9995968711941035,0.0004031288058965067,0,396138,0,9,sahoo,0,3,9529
0.9992485826892643,0.0007514173107357437,0,396162,0,9,sahoo,0,3,9529
0.9995171960819459,0.0004828039180541146,0,396217,0,9,sahoo,0,3,9529
0.9989764339152089,0.0010235660847911065,0,396122,0,9,sahoo,0,3,9529
0.9241161188653508,0.07588388113464917,0,396120,0,9,sahoo,0,3,9529
0.9982799689877172,0.0017200310122827528,0,396121,0,9,sahoo,0,3,9529
0.9990919973622241,0.0009080026377758954,0,396175,0,9,sahoo,0,3,9529
0.9997367797832181,0.0002632202167819191,0,396188,0,9,sahoo,0,3,9529
0.9995579796005992,0.000442020399400751,0,396159,0,9,sahoo,0,3,9529
0.9998948813982058,0.00010511860179421833,0,396177,0,9,sahoo,0,3,9529
0.99944974777842,0.0005502522215800327,0,396166,0,9,sahoo,0,3,9529
0.9985238597639926,0.00147614023600739,0,396212,0,9,sahoo,0,3,9529
0.9998358237444643,0.00016417625553561338,0,396193,0,9,sahoo,0,3,9529
0.9984041060021572,0.0015958939978428155,0,396174,0,9,sahoo,0,3,9529
0.9403256543937089,0.05967434560629116,0,396133,0,9,sahoo,0,3,9529
0.9372722053464957,0.06272779465350428,0,396180,0,9,sahoo,0,3,9529
0.939662453220994,0.06033754677900604,0,396203,0,9,sahoo,0,3,9529
0.9951604783927812,0.004839521607218748,0,396198,0,9,sahoo,0,3,9529
0.9996676708961661,0.0003323291038338574,0,396194,0,9,sahoo,0,3,9529
0.9997597915287337,0.00024020847126626175,0,396202,0,9,sahoo,0,3,9529
0.999817831672794,0.00018216832720598702,0,396206,0,9,sahoo,0,3,9529
0.999694694730484,0.00030530526951594495,0,396197,0,9,sahoo,0,3,9529
0.9998002857190567,0.0001997142809433891,0,396204,0,9,sahoo,0,3,9529
0.9480509107224282,0.05194908927757181,0,396187,0,9,sahoo,0,3,9529
0.9884602479791184,0.01153975202088164,0,396201,0,9,sahoo,0,3,9529
0.9984739026004389,0.0015260973995610552,0,396209,0,9,sahoo,0,3,9529
0.9987889192750379,0.0012110807249620737,0,396216,0,9,sahoo,0,3,9529
0.999598017443696,0.00040198255630396047,0,396211,0,9,sahoo,0,3,9529
0.9995262651089876,0.0004737348910124017,0,396181,0,9,sahoo,0,3,9529
0.9953738037558232,0.00462619624417685,0,404575,0,9,sahoo,0,4,9705
0.918740143845209,0.081259856154791,0,404625,0,9,sahoo,0,4,9705
0.999922158130115,7.78418698849743e-05,0,404572,0,9,sahoo,0,4,9705
0.999883008387904,0.0001169916120959668,0,404590,0,9,sahoo,0,4,9705
0.9991202545864648,0.0008797454135352094,0,404576,0,9,sahoo,0,4,9705
0.9987708216028772,0.0012291783971227772,0,404582,0,9,sahoo,0,4,9705
0.9989646724101036,0.0010353275898964118,0,404585,0,9,sahoo,0,4,9705
0.9999452042763602,5.4795723639777034e-05,0,404629,0,9,sahoo,0,4,9705
0.9177362982875374,0.08226370171246257,0,404591,0,9,sahoo,0,4,9705
0.9995240832686257,0.00047591673137426167,0,404631,0,9,sahoo,0,4,9705
0.9993757717041526,0.0006242282958473615,0,404586,0,9,sahoo,0,4,9705
0.9996074451504182,0.0003925548495817548,0,404630,0,9,sahoo,0,4,9705
0.999703793501243,0.00029620649875689633,0,404574,0,9,sahoo,0,4,9705
0.9998654145407531,0.00013458545924695543,0,404588,0,9,sahoo,0,4,9705
0.9987998637448753,0.0012001362551247625,0,404558,0,9,sahoo,0,4,9705
0.9163107608468878,0.0836892391531122,0,404560,0,9,sahoo,0,4,9705
0.9989462517267069,0.0010537482732930687,0,404554,0,9,sahoo,0,4,9705
0.9992236644169401,0.000776335583059897,0,404608,0,9,sahoo,0,4,9705
0.9988141929141315,0.0011858070858684203,0,404565,0,9,sahoo,0,4,9705
0.9996787190118679,0.0003212809881321306,0,404564,0,9,sahoo,0,4,9705
0.9988847680564322,0.0011152319435677367,0,404638,0,9,sahoo,0,4,9705
0.9999732829855731,2.671701442690372e-05,0,404566,0,9,sahoo,0,4,9705
0.9181368803469427,0.08186311965305725,0,404573,0,9,sahoo,0,4,9705
0.9181272185209323,0.08187278147906775,0,404567,0,9,sahoo,0,4,9705
0.9268873285768032,0.07311267142319679,0,404569,0,9,sahoo,0,4,9705
0.9191663514108269,0.0808336485891731,0,404619,0,9,sahoo,0,4,9705
0.9217781689273965,0.07822183107260354,0,404583,0,9,sahoo,0,4,9705
0.9993172976908938,0.0006827023091061484,0,404559,0,9,sahoo,0,4,9705
0.9984561583552142,0.0015438416447858235,0,404562,0,9,sahoo,0,4,9705
0.9995968711941035,0.0004031288058965067,0,404568,0,9,sahoo,0,4,9705
0.9992485826892643,0.0007514173107357437,0,404592,0,9,sahoo,0,4,9705
0.9995171960819459,0.0004828039180541146,0,404647,0,9,sahoo,0,4,9705
0.9989764339152089,0.0010235660847911065,0,404552,0,9,sahoo,0,4,9705
0.9241161188653508,0.07588388113464917,0,404550,0,9,sahoo,0,4,9705
0.9982799689877172,0.0017200310122827528,0,404551,0,9,sahoo,0,4,9705
0.9990919973622241,0.0009080026377758954,0,404605,0,9,sahoo,0,4,9705
0.9997367797832181,0.0002632202167819191,0,404618,0,9,sahoo,0,4,9705
0.9995579796005992,0.000442020399400751,0,404589,0,9,sahoo,0,4,9705
0.9998948813982058,0.00010511860179421833,0,404607,0,9,sahoo,0,4,9705
0.99944974777842,0.0005502522215800327,0,404596,0,9,sahoo,0,4,9705
0.9985238597639926,0.00147614023600739,0,404642,0,9,sahoo,0,4,9705
0.9998358237444643,0.00016417625553561338,0,404623,0,9,sahoo,0,4,9705
0.9984041060021572,0.0015958939978428155,0,404604,0,9,sahoo,0,4,9705
0.9403256543937089,0.05967434560629116,0,404563,0,9,sahoo,0,4,9705
0.9372722053464957,0.06272779465350428,0,404610,0,9,sahoo,0,4,9705
0.939662453220994,0.06033754677900604,0,404634,0,9,sahoo,0,4,9705
0.9951604783927812,0.004839521607218748,0,404628,0,9,sahoo,0,4,9705
0.9996676708961661,0.0003323291038338574,0,404624,0,9,sahoo,0,4,9705
0.9997597915287337,0.00024020847126626175,0,404633,0,9,sahoo,0,4,9705
0.999817831672794,0.00018216832720598702,2,404649,1,9,sahoo,0,4,9705
0.999694694730484,0.00030530526951594495,0,404627,0,9,sahoo,0,4,9705
0.9998002857190567,0.0001997142809433891,0,404635,0,9,sahoo,0,4,9705
0.9480509107224282,0.05194908927757181,0,404617,0,9,sahoo,0,4,9705
0.9884602479791184,0.01153975202088164,0,404632,0,9,sahoo,0,4,9705
0.9984739026004389,0.0015260973995610552,0,404639,0,9,sahoo,0,4,9705
0.9987889192750379,0.0012110807249620737,0,404646,0,9,sahoo,0,4,9705
0.999598017443696,0.00040198255630396047,0,404641,0,9,sahoo,0,4,9705
0.9995262651089876,0.0004737348910124017,0,404611,0,9,sahoo,0,4,9705
