0,label_0,label_1,application,task_id,employer_total_tasks_so_far,truth,hire_positive_truth,hire_negative_truth
0.025907495010859663,0.9740925049891404,0.025907495010859663,80779,2806,1,0,0,0
0.02200536983678249,0.9779946301632175,0.02200536983678249,80823,2806,1,0,0,0
0.013897715867573518,0.9861022841324265,0.013897715867573518,80776,2806,1,0,0,0
0.04358988521654967,0.9564101147834503,0.04358988521654967,80793,2806,1,0,0,0
0.027919785332118096,0.9720802146678819,0.027919785332118096,80780,2806,1,0,0,0
0.05017237669457475,0.9498276233054253,0.05017237669457475,80785,2806,1,0,0,0
0.011905809516353446,0.9880941904836466,0.011905809516353446,80788,2806,1,0,0,0
0.0,1.0,0.0,80824,2806,1,0,0,0
0.02069882092256748,0.9793011790774325,0.02069882092256748,80794,2806,1,0,0,0
0.02571096517591627,0.9742890348240837,0.02571096517591627,80826,2806,1,0,0,0
0.016607312806287022,0.983392687193713,0.016607312806287022,80789,2806,1,0,0,0
0.025804541096026628,0.9741954589039734,0.025804541096026628,80825,2806,1,0,0,0
0.013609732871027624,0.9863902671289724,0.013609732871027624,80778,2806,1,0,0,0
0.014637329302268364,0.9853626706977316,0.014637329302268364,80791,2806,1,0,0,0
0.012167952274040002,0.98783204772596,0.012167952274040002,80764,2806,1,0,0,0
0.02379183017559559,0.9762081698244044,0.02379183017559559,80832,2806,1,2,1,0
0.013365869680446897,0.986634130319553,0.013365869680446897,80762,2806,1,0,0,0
0.03961312633856422,0.9603868736614358,0.03961312633856422,80810,2806,1,0,0,0
0.030076047738919365,0.9699239522610806,0.030076047738919365,80770,2806,1,0,0,0
0.026065512466545263,0.9739344875334547,0.026065512466545263,80769,2806,1,0,0,0
0.05644102802469448,0.9435589719753055,0.05644102802469448,80828,2806,1,0,0,0
0.032450860493028505,0.9675491395069715,0.032450860493028505,80771,2806,1,0,0,0
0.029496301791763983,0.970503698208236,0.029496301791763983,80777,2806,1,0,0,0
0.024656174344517272,0.9753438256554827,0.024656174344517272,80772,2806,1,0,0,0
0.01529595138327075,0.9847040486167292,0.01529595138327075,80774,2806,1,0,0,0
0.02347752554096225,0.9765224744590377,0.02347752554096225,80819,2806,1,0,0,0
0.01626508628284769,0.9837349137171523,0.01626508628284769,80786,2806,1,0,0,0
0.01823761036068776,0.9817623896393123,0.01823761036068776,80765,2806,1,0,0,0
0.024384321797753638,0.9756156782022464,0.024384321797753638,80767,2806,1,0,0,0
0.0,1.0,0.0,80773,2806,1,0,0,0
0.00818919214455883,0.9918108078554412,0.00818919214455883,80795,2806,1,0,0,0
0.0028202815337633053,0.9971797184662367,0.0028202815337633053,80831,2806,1,0,0,0
0.006666300753537392,0.9933336992464626,0.006666300753537392,80760,2806,1,0,0,0
0.02314223016558402,0.976857769834416,0.02314223016558402,80758,2806,1,0,0,0
0.006396461125633799,0.9936035388743663,0.006396461125633799,80759,2806,1,0,0,0
0.011494684922440502,0.9885053150775595,0.011494684922440502,80807,2806,1,0,0,0
0.00018577215907018135,0.9998142278409298,0.00018577215907018135,80818,2806,1,0,0,0
0.004187564106963953,0.995812435893036,0.004187564106963953,80792,2806,1,0,0,0
0.024289718076553536,0.9757102819234464,0.024289718076553536,80809,2806,1,0,0,0
0.05560032305956531,0.9443996769404347,0.05560032305956531,80798,2806,1,0,0,0
0.034178066805081585,0.9658219331949184,0.034178066805081585,80830,2806,1,0,0,0
0.0,1.0,0.0,80822,2806,1,0,0,0
0.08673677036994232,0.9132632296300577,0.08673677036994232,80806,2806,1,0,0,0
0.048772367980913806,0.9512276320190862,0.048772367980913806,80768,2806,1,0,0,0
0.021585160202360877,0.9784148397976391,0.021585160202360877,80812,2806,1,0,0,0
0.025907495010859663,0.9740925049891404,0.025907495010859663,81712,2826,2,0,0,0
0.02200536983678249,0.9779946301632175,0.02200536983678249,81756,2826,2,0,0,0
0.013897715867573518,0.9861022841324265,0.013897715867573518,81709,2826,2,0,0,0
0.04358988521654967,0.9564101147834503,0.04358988521654967,81726,2826,2,0,0,0
0.027919785332118096,0.9720802146678819,0.027919785332118096,81713,2826,2,0,0,0
0.05017237669457475,0.9498276233054253,0.05017237669457475,81718,2826,2,0,0,0
0.011905809516353446,0.9880941904836466,0.011905809516353446,81721,2826,2,0,0,0
0.0,1.0,0.0,81757,2826,2,0,0,0
0.02069882092256748,0.9793011790774325,0.02069882092256748,81727,2826,2,0,0,0
0.02571096517591627,0.9742890348240837,0.02571096517591627,81759,2826,2,0,0,0
0.016607312806287022,0.983392687193713,0.016607312806287022,81722,2826,2,0,0,0
0.025804541096026628,0.9741954589039734,0.025804541096026628,81758,2826,2,0,0,0
0.013609732871027624,0.9863902671289724,0.013609732871027624,81711,2826,2,0,0,0
0.014637329302268364,0.9853626706977316,0.014637329302268364,81724,2826,2,0,0,0
0.012167952274040002,0.98783204772596,0.012167952274040002,81697,2826,2,0,0,0
0.02379183017559559,0.9762081698244044,0.02379183017559559,81699,2826,2,0,0,0
0.013365869680446897,0.986634130319553,0.013365869680446897,81695,2826,2,0,0,0
0.03961312633856422,0.9603868736614358,0.03961312633856422,81743,2826,2,0,0,0
0.030076047738919365,0.9699239522610806,0.030076047738919365,81704,2826,2,0,0,0
0.026065512466545263,0.9739344875334547,0.026065512466545263,81703,2826,2,0,0,0
0.05644102802469448,0.9435589719753055,0.05644102802469448,81761,2826,2,0,0,0
0.032450860493028505,0.9675491395069715,0.032450860493028505,81765,2826,2,1,0,1
0.029496301791763983,0.970503698208236,0.029496301791763983,81710,2826,2,0,0,0
0.024656174344517272,0.9753438256554827,0.024656174344517272,81705,2826,2,0,0,0
0.01529595138327075,0.9847040486167292,0.01529595138327075,81707,2826,2,0,0,0
0.02347752554096225,0.9765224744590377,0.02347752554096225,81752,2826,2,0,0,0
0.01626508628284769,0.9837349137171523,0.01626508628284769,81719,2826,2,0,0,0
0.01823761036068776,0.9817623896393123,0.01823761036068776,81698,2826,2,0,0,0
0.024384321797753638,0.9756156782022464,0.024384321797753638,81701,2826,2,0,0,0
0.0,1.0,0.0,81706,2826,2,0,0,0
0.00818919214455883,0.9918108078554412,0.00818919214455883,81728,2826,2,0,0,0
0.0028202815337633053,0.9971797184662367,0.0028202815337633053,81764,2826,2,0,0,0
0.006666300753537392,0.9933336992464626,0.006666300753537392,81693,2826,2,0,0,0
0.02314223016558402,0.976857769834416,0.02314223016558402,81691,2826,2,0,0,0
0.006396461125633799,0.9936035388743663,0.006396461125633799,81692,2826,2,0,0,0
0.011494684922440502,0.9885053150775595,0.011494684922440502,81740,2826,2,0,0,0
0.00018577215907018135,0.9998142278409298,0.00018577215907018135,81751,2826,2,0,0,0
0.004187564106963953,0.995812435893036,0.004187564106963953,81725,2826,2,0,0,0
0.024289718076553536,0.9757102819234464,0.024289718076553536,81742,2826,2,0,0,0
0.05560032305956531,0.9443996769404347,0.05560032305956531,81731,2826,2,0,0,0
0.034178066805081585,0.9658219331949184,0.034178066805081585,81763,2826,2,0,0,0
0.0,1.0,0.0,81755,2826,2,0,0,0
0.08673677036994232,0.9132632296300577,0.08673677036994232,81739,2826,2,0,0,0
0.048772367980913806,0.9512276320190862,0.048772367980913806,81702,2826,2,0,0,0
0.021585160202360877,0.9784148397976391,0.021585160202360877,81745,2826,2,0,0,0
0.025907495010859663,0.9740925049891404,0.025907495010859663,84152,2890,3,2,1,0
0.02200536983678249,0.9779946301632175,0.02200536983678249,84143,2890,3,0,0,0
0.013897715867573518,0.9861022841324265,0.013897715867573518,84097,2890,3,0,0,0
0.04358988521654967,0.9564101147834503,0.04358988521654967,84113,2890,3,0,0,0
0.027919785332118096,0.9720802146678819,0.027919785332118096,84100,2890,3,0,0,0
0.05017237669457475,0.9498276233054253,0.05017237669457475,84105,2890,3,0,0,0
0.011905809516353446,0.9880941904836466,0.011905809516353446,84108,2890,3,0,0,0
0.0,1.0,0.0,84144,2890,3,0,0,0
0.02069882092256748,0.9793011790774325,0.02069882092256748,84114,2890,3,0,0,0
0.02571096517591627,0.9742890348240837,0.02571096517591627,84146,2890,3,0,0,0
0.016607312806287022,0.983392687193713,0.016607312806287022,84109,2890,3,0,0,0
0.025804541096026628,0.9741954589039734,0.025804541096026628,84145,2890,3,0,0,0
0.013609732871027624,0.9863902671289724,0.013609732871027624,84099,2890,3,0,0,0
0.014637329302268364,0.9853626706977316,0.014637329302268364,84111,2890,3,0,0,0
0.012167952274040002,0.98783204772596,0.012167952274040002,84084,2890,3,0,0,0
0.02379183017559559,0.9762081698244044,0.02379183017559559,84086,2890,3,0,0,0
0.013365869680446897,0.986634130319553,0.013365869680446897,84082,2890,3,0,0,0
0.03961312633856422,0.9603868736614358,0.03961312633856422,84130,2890,3,0,0,0
0.030076047738919365,0.9699239522610806,0.030076047738919365,84091,2890,3,0,0,0
0.026065512466545263,0.9739344875334547,0.026065512466545263,84090,2890,3,0,0,0
0.05644102802469448,0.9435589719753055,0.05644102802469448,84148,2890,3,0,0,0
0.032450860493028505,0.9675491395069715,0.032450860493028505,84092,2890,3,0,0,0
0.029496301791763983,0.970503698208236,0.029496301791763983,84098,2890,3,0,0,0
0.024656174344517272,0.9753438256554827,0.024656174344517272,84093,2890,3,0,0,0
0.01529595138327075,0.9847040486167292,0.01529595138327075,84095,2890,3,0,0,0
0.02347752554096225,0.9765224744590377,0.02347752554096225,84139,2890,3,0,0,0
0.01626508628284769,0.9837349137171523,0.01626508628284769,84106,2890,3,0,0,0
0.01823761036068776,0.9817623896393123,0.01823761036068776,84085,2890,3,0,0,0
0.024384321797753638,0.9756156782022464,0.024384321797753638,84088,2890,3,0,0,0
0.0,1.0,0.0,84094,2890,3,0,0,0
0.00818919214455883,0.9918108078554412,0.00818919214455883,84115,2890,3,0,0,0
0.0028202815337633053,0.9971797184662367,0.0028202815337633053,84151,2890,3,0,0,0
0.006666300753537392,0.9933336992464626,0.006666300753537392,84080,2890,3,0,0,0
0.02314223016558402,0.976857769834416,0.02314223016558402,84078,2890,3,0,0,0
0.006396461125633799,0.9936035388743663,0.006396461125633799,84079,2890,3,0,0,0
0.011494684922440502,0.9885053150775595,0.011494684922440502,84127,2890,3,0,0,0
0.00018577215907018135,0.9998142278409298,0.00018577215907018135,84138,2890,3,0,0,0
0.004187564106963953,0.995812435893036,0.004187564106963953,84112,2890,3,0,0,0
0.024289718076553536,0.9757102819234464,0.024289718076553536,84129,2890,3,0,0,0
0.05560032305956531,0.9443996769404347,0.05560032305956531,84118,2890,3,0,0,0
0.034178066805081585,0.9658219331949184,0.034178066805081585,84150,2890,3,0,0,0
0.0,1.0,0.0,84142,2890,3,0,0,0
0.08673677036994232,0.9132632296300577,0.08673677036994232,84126,2890,3,0,0,0
0.048772367980913806,0.9512276320190862,0.048772367980913806,84089,2890,3,0,0,0
0.021585160202360877,0.9784148397976391,0.021585160202360877,84132,2890,3,0,0,0
0.025907495010859663,0.9740925049891404,0.025907495010859663,86671,2958,4,0,0,0
0.02200536983678249,0.9779946301632175,0.02200536983678249,86714,2958,4,0,0,0
0.013897715867573518,0.9861022841324265,0.013897715867573518,86668,2958,4,0,0,0
0.04358988521654967,0.9564101147834503,0.04358988521654967,86684,2958,4,0,0,0
0.027919785332118096,0.9720802146678819,0.027919785332118096,86672,2958,4,0,0,0
0.05017237669457475,0.9498276233054253,0.05017237669457475,86676,2958,4,0,0,0
0.011905809516353446,0.9880941904836466,0.011905809516353446,86679,2958,4,0,0,0
0.0,1.0,0.0,86715,2958,4,0,0,0
0.02069882092256748,0.9793011790774325,0.02069882092256748,86685,2958,4,0,0,0
0.02571096517591627,0.9742890348240837,0.02571096517591627,86717,2958,4,0,0,0
0.016607312806287022,0.983392687193713,0.016607312806287022,86680,2958,4,0,0,0
0.025804541096026628,0.9741954589039734,0.025804541096026628,86716,2958,4,0,0,0
0.013609732871027624,0.9863902671289724,0.013609732871027624,86670,2958,4,0,0,0
0.014637329302268364,0.9853626706977316,0.014637329302268364,86682,2958,4,0,0,0
0.012167952274040002,0.98783204772596,0.012167952274040002,86655,2958,4,0,0,0
0.02379183017559559,0.9762081698244044,0.02379183017559559,86657,2958,4,0,0,0
0.013365869680446897,0.986634130319553,0.013365869680446897,86653,2958,4,0,0,0
0.03961312633856422,0.9603868736614358,0.03961312633856422,86701,2958,4,0,0,0
0.030076047738919365,0.9699239522610806,0.030076047738919365,86662,2958,4,0,0,0
0.026065512466545263,0.9739344875334547,0.026065512466545263,86661,2958,4,0,0,0
0.05644102802469448,0.9435589719753055,0.05644102802469448,86719,2958,4,0,0,0
0.032450860493028505,0.9675491395069715,0.032450860493028505,86663,2958,4,0,0,0
0.029496301791763983,0.970503698208236,0.029496301791763983,86669,2958,4,0,0,0
0.024656174344517272,0.9753438256554827,0.024656174344517272,86664,2958,4,0,0,0
0.01529595138327075,0.9847040486167292,0.01529595138327075,86666,2958,4,0,0,0
0.02347752554096225,0.9765224744590377,0.02347752554096225,86710,2958,4,0,0,0
0.01626508628284769,0.9837349137171523,0.01626508628284769,86677,2958,4,0,0,0
0.01823761036068776,0.9817623896393123,0.01823761036068776,86656,2958,4,0,0,0
0.024384321797753638,0.9756156782022464,0.024384321797753638,86659,2958,4,0,0,0
0.0,1.0,0.0,86665,2958,4,0,0,0
0.00818919214455883,0.9918108078554412,0.00818919214455883,86686,2958,4,0,0,0
0.0028202815337633053,0.9971797184662367,0.0028202815337633053,86722,2958,4,0,0,0
0.006666300753537392,0.9933336992464626,0.006666300753537392,86651,2958,4,0,0,0
0.02314223016558402,0.976857769834416,0.02314223016558402,86649,2958,4,0,0,0
0.006396461125633799,0.9936035388743663,0.006396461125633799,86650,2958,4,0,0,0
0.011494684922440502,0.9885053150775595,0.011494684922440502,86698,2958,4,0,0,0
0.00018577215907018135,0.9998142278409298,0.00018577215907018135,86709,2958,4,0,0,0
0.004187564106963953,0.995812435893036,0.004187564106963953,86683,2958,4,0,0,0
0.024289718076553536,0.9757102819234464,0.024289718076553536,86700,2958,4,0,0,0
0.05560032305956531,0.9443996769404347,0.05560032305956531,86689,2958,4,0,0,0
0.034178066805081585,0.9658219331949184,0.034178066805081585,86721,2958,4,0,0,0
0.0,1.0,0.0,86713,2958,4,0,0,0
0.08673677036994232,0.9132632296300577,0.08673677036994232,86697,2958,4,0,0,0
0.048772367980913806,0.9512276320190862,0.048772367980913806,86660,2958,4,0,0,0
0.021585160202360877,0.9784148397976391,0.021585160202360877,86703,2958,4,0,0,0
0.025907495010859663,0.9740925049891404,0.025907495010859663,81637,2825,1,0,0,0
0.02200536983678249,0.9779946301632175,0.02200536983678249,81681,2825,1,0,0,0
0.013897715867573518,0.9861022841324265,0.013897715867573518,81634,2825,1,0,0,0
0.04358988521654967,0.9564101147834503,0.04358988521654967,81651,2825,1,0,0,0
0.027919785332118096,0.9720802146678819,0.027919785332118096,81638,2825,1,0,0,0
0.05017237669457475,0.9498276233054253,0.05017237669457475,81643,2825,1,0,0,0
0.011905809516353446,0.9880941904836466,0.011905809516353446,81646,2825,1,0,0,0
0.0,1.0,0.0,81682,2825,1,0,0,0
0.02069882092256748,0.9793011790774325,0.02069882092256748,81652,2825,1,0,0,0
0.02571096517591627,0.9742890348240837,0.02571096517591627,81684,2825,1,0,0,0
0.016607312806287022,0.983392687193713,0.016607312806287022,81647,2825,1,0,0,0
0.025804541096026628,0.9741954589039734,0.025804541096026628,81683,2825,1,0,0,0
0.013609732871027624,0.9863902671289724,0.013609732871027624,81636,2825,1,0,0,0
0.014637329302268364,0.9853626706977316,0.014637329302268364,81649,2825,1,0,0,0
0.012167952274040002,0.98783204772596,0.012167952274040002,81622,2825,1,0,0,0
0.02379183017559559,0.9762081698244044,0.02379183017559559,81624,2825,1,0,0,0
0.013365869680446897,0.986634130319553,0.013365869680446897,81620,2825,1,0,0,0
0.03961312633856422,0.9603868736614358,0.03961312633856422,81668,2825,1,0,0,0
0.030076047738919365,0.9699239522610806,0.030076047738919365,81628,2825,1,0,0,0
0.026065512466545263,0.9739344875334547,0.026065512466545263,81627,2825,1,0,0,0
0.05644102802469448,0.9435589719753055,0.05644102802469448,81686,2825,1,0,0,0
0.032450860493028505,0.9675491395069715,0.032450860493028505,81629,2825,1,0,0,0
0.029496301791763983,0.970503698208236,0.029496301791763983,81635,2825,1,0,0,0
0.024656174344517272,0.9753438256554827,0.024656174344517272,81630,2825,1,0,0,0
0.01529595138327075,0.9847040486167292,0.01529595138327075,81632,2825,1,0,0,0
0.02347752554096225,0.9765224744590377,0.02347752554096225,81677,2825,1,0,0,0
0.01626508628284769,0.9837349137171523,0.01626508628284769,81644,2825,1,0,0,0
0.01823761036068776,0.9817623896393123,0.01823761036068776,81623,2825,1,0,0,0
0.024384321797753638,0.9756156782022464,0.024384321797753638,81690,2825,1,1,0,1
0.0,1.0,0.0,81631,2825,1,0,0,0
0.00818919214455883,0.9918108078554412,0.00818919214455883,81653,2825,1,0,0,0
0.0028202815337633053,0.9971797184662367,0.0028202815337633053,81689,2825,1,0,0,0
0.006666300753537392,0.9933336992464626,0.006666300753537392,81618,2825,1,0,0,0
0.02314223016558402,0.976857769834416,0.02314223016558402,81616,2825,1,0,0,0
0.006396461125633799,0.9936035388743663,0.006396461125633799,81617,2825,1,0,0,0
0.011494684922440502,0.9885053150775595,0.011494684922440502,81665,2825,1,0,0,0
0.00018577215907018135,0.9998142278409298,0.00018577215907018135,81676,2825,1,0,0,0
0.004187564106963953,0.995812435893036,0.004187564106963953,81650,2825,1,0,0,0
0.024289718076553536,0.9757102819234464,0.024289718076553536,81667,2825,1,0,0,0
0.05560032305956531,0.9443996769404347,0.05560032305956531,81656,2825,1,0,0,0
0.034178066805081585,0.9658219331949184,0.034178066805081585,81688,2825,1,0,0,0
0.0,1.0,0.0,81680,2825,1,0,0,0
0.08673677036994232,0.9132632296300577,0.08673677036994232,81664,2825,1,0,0,0
0.048772367980913806,0.9512276320190862,0.048772367980913806,81626,2825,1,0,0,0
0.021585160202360877,0.9784148397976391,0.021585160202360877,81670,2825,1,0,0,0
0.0,1.0,0.0,84387,2896,12,0,0,0
0.00045179171725058444,0.9995482082827494,0.00045179171725058444,84430,2896,12,0,0,0
0.0,1.0,0.0,84384,2896,12,0,0,0
0.06643411922820036,0.9335658807717997,0.06643411922820036,84400,2896,12,0,0,0
0.01776159716713136,0.9822384028328687,0.01776159716713136,84388,2896,12,0,0,0
0.0316096347109417,0.9683903652890583,0.0316096347109417,84392,2896,12,0,0,0
0.00573888409901812,0.9942611159009819,0.00573888409901812,84395,2896,12,0,0,0
0.0,1.0,0.0,84431,2896,12,0,0,0
0.009233505878481454,0.9907664941215185,0.009233505878481454,84401,2896,12,0,0,0
0.026716357445255974,0.973283642554744,0.026716357445255974,84433,2896,12,0,0,0
0.014198421311910639,0.9858015786880894,0.014198421311910639,84396,2896,12,0,0,0
0.0,1.0,0.0,84432,2896,12,0,0,0
0.0013573987077445445,0.9986426012922555,0.0013573987077445445,84386,2896,12,0,0,0
0.02906317963481783,0.9709368203651821,0.02906317963481783,84398,2896,12,0,0,0
0.00945638522473758,0.9905436147752624,0.00945638522473758,84371,2896,12,0,0,0
0.0,1.0,0.0,84373,2896,12,0,0,0
0.0,1.0,0.0,84369,2896,12,0,0,0
0.04047935723300991,0.9595206427669901,0.04047935723300991,84417,2896,12,0,0,0
0.0013623707130133497,0.9986376292869866,0.0013623707130133497,84378,2896,12,0,0,0
0.0,1.0,0.0,84377,2896,12,0,0,0
0.0240947509429828,0.9759052490570173,0.0240947509429828,84435,2896,12,0,0,0
0.00463473727478594,0.9953652627252141,0.00463473727478594,84379,2896,12,0,0,0
0.012223307522787837,0.9877766924772121,0.012223307522787837,84385,2896,12,0,0,0
0.01856015293850214,0.9814398470614979,0.01856015293850214,84380,2896,12,0,0,0
0.011348701947178462,0.9886512980528216,0.011348701947178462,84382,2896,12,0,0,0
0.0,1.0,0.0,84426,2896,12,0,0,0
0.0,1.0,0.0,84393,2896,12,0,0,0
0.011258141700984412,0.9887418582990156,0.011258141700984412,84372,2896,12,0,0,0
0.010474304936956468,0.9895256950630436,0.010474304936956468,84375,2896,12,0,0,0
0.0,1.0,0.0,84381,2896,12,0,0,0
0.0,1.0,0.0,84402,2896,12,0,0,0
0.003055889540861983,0.996944110459138,0.003055889540861983,84438,2896,12,0,0,0
0.004391473402426169,0.9956085265975738,0.004391473402426169,84367,2896,12,0,0,0
0.0018270082763066076,0.9981729917236934,0.0018270082763066076,84365,2896,12,0,0,0
0.0,1.0,0.0,84366,2896,12,0,0,0
0.0,1.0,0.0,84414,2896,12,0,0,0
0.0,1.0,0.0,84425,2896,12,0,0,0
0.0,1.0,0.0,84399,2896,12,0,0,0
0.06809798882450825,0.9319020111754918,0.06809798882450825,84416,2896,12,0,0,0
0.0025743636536506367,0.9974256363463494,0.0025743636536506367,84405,2896,12,0,0,0
0.02040988604623088,0.9795901139537692,0.02040988604623088,84437,2896,12,0,0,0
0.0,1.0,0.0,84429,2896,12,0,0,0
0.08138776034726249,0.9186122396527375,0.08138776034726249,84413,2896,12,0,0,0
0.038309869480932957,0.961690130519067,0.038309869480932957,84376,2896,12,0,0,0
0.005516146371247581,0.9944838536287525,0.005516146371247581,84419,2896,12,0,0,0
0.0,1.0,0.0,78370,2741,3,0,0,0
0.04857295749840372,0.9514270425015963,0.04857295749840372,78413,2741,3,0,0,0
0.0,1.0,0.0,78367,2741,3,0,0,0
0.0559379510466059,0.9440620489533941,0.0559379510466059,78384,2741,3,0,0,0
0.031146817009039325,0.9688531829909607,0.031146817009039325,78371,2741,3,0,0,0
0.06173071815826618,0.9382692818417339,0.06173071815826618,78376,2741,3,0,0,0
0.0,1.0,0.0,78379,2741,3,0,0,0
0.036431595540983915,0.963568404459016,0.036431595540983915,78414,2741,3,0,0,0
0.0,1.0,0.0,78385,2741,3,0,0,0
0.009859703779921687,0.9901402962200783,0.009859703779921687,78416,2741,3,0,0,0
0.0,1.0,0.0,78380,2741,3,0,0,0
0.13690180981315367,0.8630981901868463,0.13690180981315367,78415,2741,3,0,0,0
0.00036225510048274595,0.9996377448995173,0.00036225510048274595,78369,2741,3,0,0,0
0.02315779043713383,0.9768422095628662,0.02315779043713383,78382,2741,3,0,0,0
0.03901179480458762,0.9609882051954124,0.03901179480458762,78355,2741,3,0,0,0
0.0,1.0,0.0,78422,2741,3,2,1,0
0.0,1.0,0.0,78353,2741,3,0,0,0
0.06369406615946117,0.9363059338405388,0.06369406615946117,78401,2741,3,0,0,0
0.06535609516471222,0.9346439048352878,0.06535609516471222,78361,2741,3,0,0,0
0.061618751098578714,0.9383812489014213,0.061618751098578714,78360,2741,3,0,0,0
0.08845001205279825,0.9115499879472018,0.08845001205279825,78418,2741,3,0,0,0
0.0,1.0,0.0,78362,2741,3,0,0,0
0.10645103754429984,0.8935489624557001,0.10645103754429984,78368,2741,3,0,0,0
0.042671251220641235,0.9573287487793588,0.042671251220641235,78363,2741,3,0,0,0
0.03598948144403161,0.9640105185559684,0.03598948144403161,78365,2741,3,0,0,0
0.0,1.0,0.0,78410,2741,3,0,0,0
0.09417210725337906,0.9058278927466209,0.09417210725337906,78377,2741,3,0,0,0
0.0,1.0,0.0,78356,2741,3,0,0,0
0.0439744462373024,0.9560255537626976,0.0439744462373024,78358,2741,3,0,0,0
0.0,1.0,0.0,78364,2741,3,0,0,0
0.0,1.0,0.0,78386,2741,3,0,0,0
0.0,1.0,0.0,78421,2741,3,0,0,0
0.0,1.0,0.0,78351,2741,3,0,0,0
0.00569463066186128,0.9943053693381387,0.00569463066186128,78349,2741,3,0,0,0
0.06293231851271726,0.9370676814872827,0.06293231851271726,78350,2741,3,0,0,0
0.06365314823049577,0.9363468517695043,0.06365314823049577,78398,2741,3,0,0,0
0.0,1.0,0.0,78409,2741,3,0,0,0
0.005313553764931259,0.9946864462350687,0.005313553764931259,78383,2741,3,0,0,0
0.09917797253607269,0.9008220274639274,0.09917797253607269,78400,2741,3,0,0,0
0.0822026085185256,0.9177973914814744,0.0822026085185256,78389,2741,3,0,0,0
0.07568880957659856,0.9243111904234015,0.07568880957659856,78420,2741,3,0,0,0
0.03672508252793724,0.9632749174720627,0.03672508252793724,78412,2741,3,0,0,0
0.12516043271619376,0.8748395672838063,0.12516043271619376,78397,2741,3,0,0,0
0.12543973150168247,0.8745602684983176,0.12543973150168247,78359,2741,3,0,0,0
0.01768724243144995,0.9823127575685501,0.01768724243144995,78403,2741,3,0,0,0
0.0,1.0,0.0,83489,2872,2,0,0,0
0.0048355685833145375,0.9951644314166854,0.0048355685833145375,83533,2872,2,0,0,0
0.052199838210615176,0.9478001617893849,0.052199838210615176,83486,2872,2,0,0,0
0.0,1.0,0.0,83503,2872,2,0,0,0
0.0,1.0,0.0,83490,2872,2,0,0,0
0.023867811105670392,0.9761321888943296,0.023867811105670392,83495,2872,2,0,0,0
0.0,1.0,0.0,83498,2872,2,0,0,0
0.01606547241611555,0.9839345275838844,0.01606547241611555,83534,2872,2,0,0,0
0.0,1.0,0.0,83504,2872,2,0,0,0
0.005647083245312469,0.9943529167546875,0.005647083245312469,83536,2872,2,0,0,0
0.0,1.0,0.0,83499,2872,2,0,0,0
0.036266444726176364,0.9637335552738236,0.036266444726176364,83535,2872,2,0,0,0
0.0,1.0,0.0,83488,2872,2,0,0,0
0.0,1.0,0.0,83501,2872,2,0,0,0
0.0,1.0,0.0,83474,2872,2,0,0,0
0.0,1.0,0.0,83476,2872,2,0,0,0
0.0,1.0,0.0,83472,2872,2,0,0,0
0.047932144172075974,0.9520678558279241,0.047932144172075974,83520,2872,2,0,0,0
0.0,1.0,0.0,83480,2872,2,0,0,0
0.03793010454046469,0.9620698954595353,0.03793010454046469,83542,2872,2,2,1,0
0.04754927237099704,0.952450727629003,0.04754927237099704,83538,2872,2,0,0,0
0.0,1.0,0.0,83481,2872,2,0,0,0
0.05493299061151668,0.9450670093884833,0.05493299061151668,83487,2872,2,0,0,0
0.03874229155953377,0.9612577084404662,0.03874229155953377,83482,2872,2,0,0,0
0.0,1.0,0.0,83484,2872,2,0,0,0
0.0,1.0,0.0,83529,2872,2,0,0,0
0.03566843498185732,0.9643315650181427,0.03566843498185732,83496,2872,2,0,0,0
0.10690195396951628,0.8930980460304837,0.10690195396951628,83475,2872,2,0,0,0
0.041850203909232137,0.9581497960907679,0.041850203909232137,83478,2872,2,0,0,0
0.0,1.0,0.0,83483,2872,2,0,0,0
0.05835513407437661,0.9416448659256234,0.05835513407437661,83505,2872,2,0,0,0
0.0364157467097351,0.9635842532902649,0.0364157467097351,83541,2872,2,0,0,0
0.0,1.0,0.0,83470,2872,2,0,0,0
0.05066732584003415,0.9493326741599658,0.05066732584003415,83468,2872,2,0,0,0
0.0,1.0,0.0,83469,2872,2,0,0,0
0.005004565448093828,0.9949954345519062,0.005004565448093828,83517,2872,2,0,0,0
0.0,1.0,0.0,83528,2872,2,0,0,0
0.0,1.0,0.0,83502,2872,2,0,0,0
0.04492093114664986,0.9550790688533501,0.04492093114664986,83519,2872,2,0,0,0
0.0689780404703513,0.9310219595296487,0.0689780404703513,83508,2872,2,0,0,0
0.0,1.0,0.0,83540,2872,2,0,0,0
0.08818667941522618,0.9118133205847738,0.08818667941522618,83532,2872,2,0,0,0
0.0,1.0,0.0,83516,2872,2,0,0,0
0.0,1.0,0.0,83479,2872,2,0,0,0
0.0,1.0,0.0,83522,2872,2,0,0,0
0.0,1.0,0.0,75942,2670,2,0,0,0
0.0,1.0,0.0,75983,2670,2,0,0,0
0.02324574339615671,0.9767542566038433,0.02324574339615671,75939,2670,2,0,0,0
0.0,1.0,0.0,75955,2670,2,0,0,0
0.0026118418496600786,0.9973881581503399,0.0026118418496600786,75992,2670,2,1,0,1
0.0,1.0,0.0,75947,2670,2,0,0,0
0.03491487446979257,0.9650851255302074,0.03491487446979257,75950,2670,2,0,0,0
0.0,1.0,0.0,75984,2670,2,0,0,0
0.0,1.0,0.0,75956,2670,2,0,0,0
0.1168815905541956,0.8831184094458044,0.1168815905541956,75986,2670,2,0,0,0
0.029339517810627342,0.9706604821893726,0.029339517810627342,75951,2670,2,0,0,0
0.0023940342638883484,0.9976059657361116,0.0023940342638883484,75985,2670,2,0,0,0
0.0,1.0,0.0,75941,2670,2,0,0,0
0.0,1.0,0.0,75953,2670,2,0,0,0
0.0,1.0,0.0,75926,2670,2,0,0,0
0.10039536712597054,0.8996046328740295,0.10039536712597054,75928,2670,2,0,0,0
0.0,1.0,0.0,75924,2670,2,0,0,0
0.05589061015828898,0.944109389841711,0.05589061015828898,75972,2670,2,0,0,0
0.048035703645302505,0.9519642963546975,0.048035703645302505,75933,2670,2,0,0,0
0.0,1.0,0.0,75932,2670,2,0,0,0
0.11440127239646623,0.8855987276035338,0.11440127239646623,75988,2670,2,0,0,0
0.0321468781546137,0.9678531218453863,0.0321468781546137,75934,2670,2,0,0,0
0.03959011974873858,0.9604098802512614,0.03959011974873858,75940,2670,2,0,0,0
0.0,1.0,0.0,75935,2670,2,0,0,0
0.016827102687015136,0.9831728973129849,0.016827102687015136,75937,2670,2,0,0,0
0.0,1.0,0.0,75980,2670,2,0,0,0
0.0,1.0,0.0,75948,2670,2,0,0,0
0.0,1.0,0.0,75927,2670,2,0,0,0
0.017033453065901306,0.9829665469340987,0.017033453065901306,75930,2670,2,0,0,0
0.0,1.0,0.0,75936,2670,2,0,0,0
0.043234569987215275,0.9567654300127847,0.043234569987215275,75957,2670,2,0,0,0
0.049556707195804836,0.9504432928041952,0.049556707195804836,75991,2670,2,0,0,0
0.005407110262040882,0.9945928897379591,0.005407110262040882,75922,2670,2,0,0,0
0.0,1.0,0.0,75920,2670,2,0,0,0
0.0,1.0,0.0,75921,2670,2,0,0,0
0.0,1.0,0.0,75969,2670,2,0,0,0
0.03516407329185599,0.964835926708144,0.03516407329185599,75979,2670,2,0,0,0
0.08671997604113642,0.9132800239588635,0.08671997604113642,75954,2670,2,0,0,0
0.14377038625002939,0.8562296137499706,0.14377038625002939,75971,2670,2,0,0,0
0.006403705229313175,0.9935962947706868,0.006403705229313175,75960,2670,2,0,0,0
0.0,1.0,0.0,75990,2670,2,0,0,0
0.0,1.0,0.0,75982,2670,2,0,0,0
0.0326493192038748,0.9673506807961252,0.0326493192038748,75968,2670,2,0,0,0
0.0,1.0,0.0,75931,2670,2,0,0,0
0.02646302789515652,0.9735369721048435,0.02646302789515652,77253,2712,7,0,0,0
0.01899917888378914,0.9810008211162109,0.01899917888378914,77296,2712,7,0,0,0
0.028579872791921743,0.9714201272080782,0.028579872791921743,77250,2712,7,0,0,0
0.003682994623822676,0.9963170053761773,0.003682994623822676,77267,2712,7,0,0,0
0.0015734830228061412,0.9984265169771939,0.0015734830228061412,77254,2712,7,0,0,0
0.03723760287293177,0.9627623971270682,0.03723760287293177,77259,2712,7,0,0,0
0.007641843178643535,0.9923581568213564,0.007641843178643535,77262,2712,7,0,0,0
0.0,1.0,0.0,77297,2712,7,0,0,0
0.010602791422487389,0.9893972085775126,0.010602791422487389,77268,2712,7,0,0,0
0.003847486872857492,0.9961525131271425,0.003847486872857492,77298,2712,7,0,0,0
0.0,1.0,0.0,77263,2712,7,0,0,0
0.0,1.0,0.0,77304,2712,7,2,1,0
0.0,1.0,0.0,77252,2712,7,0,0,0
0.0,1.0,0.0,77265,2712,7,0,0,0
0.0,1.0,0.0,77237,2712,7,0,0,0
0.00900653237379484,0.9909934676262051,0.00900653237379484,77239,2712,7,0,0,0
0.02648537228774099,0.973514627712259,0.02648537228774099,77235,2712,7,0,0,0
0.000875192465592662,0.9991248075344074,0.000875192465592662,77284,2712,7,0,0,0
0.011996763025065443,0.9880032369749345,0.011996763025065443,77244,2712,7,0,0,0
0.022452706880204835,0.9775472931197952,0.022452706880204835,77243,2712,7,0,0,0
0.19752899554726944,0.8024710044527306,0.19752899554726944,77300,2712,7,0,0,0
0.0,1.0,0.0,77245,2712,7,0,0,0
0.04615102715636233,0.9538489728436377,0.04615102715636233,77251,2712,7,0,0,0
0.041880640634169415,0.9581193593658306,0.041880640634169415,77246,2712,7,0,0,0
0.0,1.0,0.0,77248,2712,7,0,0,0
0.0477753162232572,0.9522246837767427,0.0477753162232572,77293,2712,7,0,0,0
0.02233506494451839,0.9776649350554816,0.02233506494451839,77260,2712,7,0,0,0
0.0,1.0,0.0,77238,2712,7,0,0,0
0.0031813585266000106,0.9968186414733999,0.0031813585266000106,77241,2712,7,0,0,0
0.026865139423344682,0.9731348605766553,0.026865139423344682,77247,2712,7,0,0,0
0.0,1.0,0.0,77269,2712,7,0,0,0
0.013263782321355442,0.9867362176786446,0.013263782321355442,77303,2712,7,0,0,0
0.0,1.0,0.0,77233,2712,7,0,0,0
0.0,1.0,0.0,77231,2712,7,0,0,0
0.0151327359648998,0.9848672640351002,0.0151327359648998,77232,2712,7,0,0,0
0.03466689898532417,0.9653331010146758,0.03466689898532417,77281,2712,7,0,0,0
0.0,1.0,0.0,77292,2712,7,0,0,0
0.0,1.0,0.0,77266,2712,7,0,0,0
0.0,1.0,0.0,77283,2712,7,0,0,0
0.0,1.0,0.0,77272,2712,7,0,0,0
0.04432907199260776,0.9556709280073923,0.04432907199260776,77302,2712,7,0,0,0
0.0,1.0,0.0,77295,2712,7,0,0,0
0.10979089398141477,0.8902091060185853,0.10979089398141477,77280,2712,7,0,0,0
0.06431449384469463,0.9356855061553053,0.06431449384469463,77242,2712,7,0,0,0
0.006210573691522647,0.9937894263084773,0.006210573691522647,77286,2712,7,0,0,0
0.06325635791884675,0.9367436420811532,0.06325635791884675,79138,2758,4,0,0,0
0.0,1.0,0.0,79181,2758,4,0,0,0
0.002672063763438687,0.9973279362365614,0.002672063763438687,79135,2758,4,0,0,0
0.018869368356749558,0.9811306316432504,0.018869368356749558,79152,2758,4,0,0,0
0.0,1.0,0.0,79139,2758,4,0,0,0
0.0033954917432546597,0.9966045082567453,0.0033954917432546597,79144,2758,4,0,0,0
0.0,1.0,0.0,79147,2758,4,0,0,0
0.010637177198403895,0.9893628228015962,0.010637177198403895,79182,2758,4,0,0,0
0.03410765858209304,0.9658923414179069,0.03410765858209304,79153,2758,4,0,0,0
0.016421618704863777,0.9835783812951362,0.016421618704863777,79184,2758,4,0,0,0
0.0,1.0,0.0,79148,2758,4,0,0,0
0.0,1.0,0.0,79183,2758,4,0,0,0
0.07342543929748757,0.9265745607025124,0.07342543929748757,79137,2758,4,0,0,0
0.0,1.0,0.0,79150,2758,4,0,0,0
0.04224563632732604,0.957754363672674,0.04224563632732604,79123,2758,4,0,0,0
0.031142948779682555,0.9688570512203174,0.031142948779682555,79125,2758,4,0,0,0
0.03058122463495879,0.9694187753650412,0.03058122463495879,79121,2758,4,0,0,0
0.0,1.0,0.0,79169,2758,4,0,0,0
0.011150866482986143,0.9888491335170139,0.011150866482986143,79129,2758,4,0,0,0
0.011202786995557809,0.9887972130044422,0.011202786995557809,79128,2758,4,0,0,0
0.0,1.0,0.0,79186,2758,4,0,0,0
0.03564877613342661,0.9643512238665733,0.03564877613342661,79130,2758,4,0,0,0
0.017210865875066525,0.9827891341249335,0.017210865875066525,79136,2758,4,0,0,0
0.03056830528010549,0.9694316947198945,0.03056830528010549,79131,2758,4,0,0,0
0.0046511952952683466,0.9953488047047316,0.0046511952952683466,79133,2758,4,0,0,0
0.02793908229166557,0.9720609177083345,0.02793908229166557,79178,2758,4,0,0,0
0.0,1.0,0.0,79145,2758,4,0,0,0
0.008522039477453365,0.9914779605225467,0.008522039477453365,79124,2758,4,0,0,0
0.0582802878203809,0.9417197121796191,0.0582802878203809,79127,2758,4,0,0,0
0.0,1.0,0.0,79132,2758,4,0,0,0
0.016250862777898827,0.9837491372221012,0.016250862777898827,79154,2758,4,0,0,0
0.013178883997436346,0.9868211160025636,0.013178883997436346,79189,2758,4,0,0,0
0.05134564063145592,0.948654359368544,0.05134564063145592,79119,2758,4,0,0,0
0.028470023671742353,0.9715299763282577,0.028470023671742353,79117,2758,4,0,0,0
0.0,1.0,0.0,79118,2758,4,0,0,0
0.0,1.0,0.0,79166,2758,4,0,0,0
0.0,1.0,0.0,79177,2758,4,0,0,0
0.0,1.0,0.0,79151,2758,4,0,0,0
0.02852190464815352,0.9714780953518465,0.02852190464815352,79168,2758,4,0,0,0
0.0585595579539791,0.941440442046021,0.0585595579539791,79157,2758,4,0,0,0
0.10696477090711848,0.8930352290928816,0.10696477090711848,79188,2758,4,0,0,0
0.0,1.0,0.0,79180,2758,4,0,0,0
0.02422217957947912,0.9757778204205209,0.02422217957947912,79165,2758,4,0,0,0
0.17358803214250745,0.8264119678574926,0.17358803214250745,79190,2758,4,2,1,0
0.0068341872818740625,0.993165812718126,0.0068341872818740625,79171,2758,4,0,0,0
0.06325635791884675,0.9367436420811532,0.06325635791884675,79242,2760,5,0,0,0
0.0,1.0,0.0,79284,2760,5,0,0,0
0.002672063763438687,0.9973279362365614,0.002672063763438687,79239,2760,5,0,0,0
0.018869368356749558,0.9811306316432504,0.018869368356749558,79256,2760,5,0,0,0
0.0,1.0,0.0,79243,2760,5,0,0,0
0.0033954917432546597,0.9966045082567453,0.0033954917432546597,79248,2760,5,0,0,0
0.0,1.0,0.0,79251,2760,5,0,0,0
0.010637177198403895,0.9893628228015962,0.010637177198403895,79285,2760,5,0,0,0
0.03410765858209304,0.9658923414179069,0.03410765858209304,79257,2760,5,0,0,0
0.016421618704863777,0.9835783812951362,0.016421618704863777,79287,2760,5,0,0,0
0.0,1.0,0.0,79252,2760,5,0,0,0
0.0,1.0,0.0,79286,2760,5,0,0,0
0.07342543929748757,0.9265745607025124,0.07342543929748757,79241,2760,5,0,0,0
0.0,1.0,0.0,79254,2760,5,0,0,0
0.04224563632732604,0.957754363672674,0.04224563632732604,79226,2760,5,0,0,0
0.031142948779682555,0.9688570512203174,0.031142948779682555,79228,2760,5,0,0,0
0.03058122463495879,0.9694187753650412,0.03058122463495879,79224,2760,5,0,0,0
0.0,1.0,0.0,79272,2760,5,0,0,0
0.011150866482986143,0.9888491335170139,0.011150866482986143,79233,2760,5,0,0,0
0.011202786995557809,0.9887972130044422,0.011202786995557809,79232,2760,5,0,0,0
0.0,1.0,0.0,79289,2760,5,0,0,0
0.03564877613342661,0.9643512238665733,0.03564877613342661,79234,2760,5,0,0,0
0.017210865875066525,0.9827891341249335,0.017210865875066525,79240,2760,5,0,0,0
0.03056830528010549,0.9694316947198945,0.03056830528010549,79235,2760,5,0,0,0
0.0046511952952683466,0.9953488047047316,0.0046511952952683466,79237,2760,5,0,0,0
0.02793908229166557,0.9720609177083345,0.02793908229166557,79281,2760,5,0,0,0
0.0,1.0,0.0,79249,2760,5,0,0,0
0.008522039477453365,0.9914779605225467,0.008522039477453365,79227,2760,5,0,0,0
0.0582802878203809,0.9417197121796191,0.0582802878203809,79230,2760,5,0,0,0
0.0,1.0,0.0,79236,2760,5,0,0,0
0.016250862777898827,0.9837491372221012,0.016250862777898827,79258,2760,5,0,0,0
0.013178883997436346,0.9868211160025636,0.013178883997436346,79292,2760,5,0,0,0
0.05134564063145592,0.948654359368544,0.05134564063145592,79222,2760,5,0,0,0
0.028470023671742353,0.9715299763282577,0.028470023671742353,79220,2760,5,0,0,0
0.0,1.0,0.0,79221,2760,5,0,0,0
0.0,1.0,0.0,79269,2760,5,0,0,0
0.0,1.0,0.0,79280,2760,5,0,0,0
0.0,1.0,0.0,79255,2760,5,0,0,0
0.02852190464815352,0.9714780953518465,0.02852190464815352,79271,2760,5,0,0,0
0.0585595579539791,0.941440442046021,0.0585595579539791,79261,2760,5,0,0,0
0.10696477090711848,0.8930352290928816,0.10696477090711848,79291,2760,5,0,0,0
0.0,1.0,0.0,79283,2760,5,0,0,0
0.02422217957947912,0.9757778204205209,0.02422217957947912,79268,2760,5,0,0,0
0.17358803214250745,0.8264119678574926,0.17358803214250745,79231,2760,5,0,0,0
0.0068341872818740625,0.993165812718126,0.0068341872818740625,79274,2760,5,0,0,0
0.06325635791884675,0.9367436420811532,0.06325635791884675,83120,2865,6,0,0,0
0.0,1.0,0.0,83163,2865,6,0,0,0
0.002672063763438687,0.9973279362365614,0.002672063763438687,83117,2865,6,0,0,0
0.018869368356749558,0.9811306316432504,0.018869368356749558,83134,2865,6,0,0,0
0.0,1.0,0.0,83121,2865,6,0,0,0
0.0033954917432546597,0.9966045082567453,0.0033954917432546597,83126,2865,6,0,0,0
0.0,1.0,0.0,83129,2865,6,0,0,0
0.010637177198403895,0.9893628228015962,0.010637177198403895,83164,2865,6,0,0,0
0.03410765858209304,0.9658923414179069,0.03410765858209304,83135,2865,6,0,0,0
0.016421618704863777,0.9835783812951362,0.016421618704863777,83166,2865,6,0,0,0
0.0,1.0,0.0,83130,2865,6,0,0,0
0.0,1.0,0.0,83165,2865,6,0,0,0
0.07342543929748757,0.9265745607025124,0.07342543929748757,83119,2865,6,0,0,0
0.0,1.0,0.0,83132,2865,6,0,0,0
0.04224563632732604,0.957754363672674,0.04224563632732604,83104,2865,6,0,0,0
0.031142948779682555,0.9688570512203174,0.031142948779682555,83106,2865,6,0,0,0
0.03058122463495879,0.9694187753650412,0.03058122463495879,83102,2865,6,0,0,0
0.0,1.0,0.0,83150,2865,6,0,0,0
0.011150866482986143,0.9888491335170139,0.011150866482986143,83111,2865,6,0,0,0
0.011202786995557809,0.9887972130044422,0.011202786995557809,83110,2865,6,0,0,0
0.0,1.0,0.0,83168,2865,6,0,0,0
0.03564877613342661,0.9643512238665733,0.03564877613342661,83112,2865,6,0,0,0
0.017210865875066525,0.9827891341249335,0.017210865875066525,83118,2865,6,0,0,0
0.03056830528010549,0.9694316947198945,0.03056830528010549,83113,2865,6,0,0,0
0.0046511952952683466,0.9953488047047316,0.0046511952952683466,83115,2865,6,0,0,0
0.02793908229166557,0.9720609177083345,0.02793908229166557,83159,2865,6,0,0,0
0.0,1.0,0.0,83127,2865,6,0,0,0
0.008522039477453365,0.9914779605225467,0.008522039477453365,83105,2865,6,0,0,0
0.0582802878203809,0.9417197121796191,0.0582802878203809,83108,2865,6,0,0,0
0.0,1.0,0.0,83114,2865,6,0,0,0
0.016250862777898827,0.9837491372221012,0.016250862777898827,83136,2865,6,0,0,0
0.013178883997436346,0.9868211160025636,0.013178883997436346,83171,2865,6,0,0,0
0.05134564063145592,0.948654359368544,0.05134564063145592,83100,2865,6,0,0,0
0.028470023671742353,0.9715299763282577,0.028470023671742353,83098,2865,6,0,0,0
0.0,1.0,0.0,83099,2865,6,0,0,0
0.0,1.0,0.0,83172,2865,6,2,1,0
0.0,1.0,0.0,83158,2865,6,0,0,0
0.0,1.0,0.0,83133,2865,6,0,0,0
0.02852190464815352,0.9714780953518465,0.02852190464815352,83149,2865,6,0,0,0
0.0585595579539791,0.941440442046021,0.0585595579539791,83139,2865,6,0,0,0
0.10696477090711848,0.8930352290928816,0.10696477090711848,83170,2865,6,0,0,0
0.0,1.0,0.0,83162,2865,6,0,0,0
0.02422217957947912,0.9757778204205209,0.02422217957947912,83147,2865,6,0,0,0
0.17358803214250745,0.8264119678574926,0.17358803214250745,83109,2865,6,0,0,0
0.0068341872818740625,0.993165812718126,0.0068341872818740625,83152,2865,6,0,0,0
0.025907495010859663,0.9740925049891404,0.025907495010859663,89172,3025,1,0,0,0
0.02200536983678249,0.9779946301632175,0.02200536983678249,89216,3025,1,0,0,0
0.013897715867573518,0.9861022841324265,0.013897715867573518,89169,3025,1,0,0,0
0.04358988521654967,0.9564101147834503,0.04358988521654967,89186,3025,1,0,0,0
0.027919785332118096,0.9720802146678819,0.027919785332118096,89173,3025,1,0,0,0
0.05017237669457475,0.9498276233054253,0.05017237669457475,89178,3025,1,0,0,0
0.011905809516353446,0.9880941904836466,0.011905809516353446,89181,3025,1,0,0,0
0.0,1.0,0.0,89218,3025,1,0,0,0
0.02069882092256748,0.9793011790774325,0.02069882092256748,89187,3025,1,0,0,0
0.02571096517591627,0.9742890348240837,0.02571096517591627,89220,3025,1,0,0,0
0.016607312806287022,0.983392687193713,0.016607312806287022,89182,3025,1,0,0,0
0.025804541096026628,0.9741954589039734,0.025804541096026628,89219,3025,1,0,0,0
0.013609732871027624,0.9863902671289724,0.013609732871027624,89171,3025,1,0,0,0
0.014637329302268364,0.9853626706977316,0.014637329302268364,89184,3025,1,0,0,0
0.012167952274040002,0.98783204772596,0.012167952274040002,89156,3025,1,0,0,0
0.02379183017559559,0.9762081698244044,0.02379183017559559,89158,3025,1,0,0,0
0.013365869680446897,0.986634130319553,0.013365869680446897,89154,3025,1,0,0,0
0.03961312633856422,0.9603868736614358,0.03961312633856422,89203,3025,1,0,0,0
0.030076047738919365,0.9699239522610806,0.030076047738919365,89163,3025,1,0,0,0
0.026065512466545263,0.9739344875334547,0.026065512466545263,89162,3025,1,0,0,0
0.05644102802469448,0.9435589719753055,0.05644102802469448,89223,3025,1,0,0,0
0.032450860493028505,0.9675491395069715,0.032450860493028505,89164,3025,1,0,0,0
0.029496301791763983,0.970503698208236,0.029496301791763983,89170,3025,1,0,0,0
0.024656174344517272,0.9753438256554827,0.024656174344517272,89165,3025,1,0,0,0
0.01529595138327075,0.9847040486167292,0.01529595138327075,89167,3025,1,0,0,0
0.02347752554096225,0.9765224744590377,0.02347752554096225,89212,3025,1,0,0,0
0.01626508628284769,0.9837349137171523,0.01626508628284769,89179,3025,1,0,0,0
0.01823761036068776,0.9817623896393123,0.01823761036068776,89157,3025,1,0,0,0
0.024384321797753638,0.9756156782022464,0.024384321797753638,89160,3025,1,0,0,0
0.0,1.0,0.0,89166,3025,1,0,0,0
0.00818919214455883,0.9918108078554412,0.00818919214455883,89188,3025,1,0,0,0
0.0028202815337633053,0.9971797184662367,0.0028202815337633053,89226,3025,1,0,0,0
0.006666300753537392,0.9933336992464626,0.006666300753537392,89152,3025,1,0,0,0
0.02314223016558402,0.976857769834416,0.02314223016558402,89150,3025,1,0,0,0
0.006396461125633799,0.9936035388743663,0.006396461125633799,89151,3025,1,0,0,0
0.011494684922440502,0.9885053150775595,0.011494684922440502,89200,3025,1,0,0,0
0.00018577215907018135,0.9998142278409298,0.00018577215907018135,89211,3025,1,0,0,0
0.004187564106963953,0.995812435893036,0.004187564106963953,89185,3025,1,0,0,0
0.024289718076553536,0.9757102819234464,0.024289718076553536,89202,3025,1,0,0,0
0.05560032305956531,0.9443996769404347,0.05560032305956531,89191,3025,1,0,0,0
0.034178066805081585,0.9658219331949184,0.034178066805081585,89225,3025,1,0,0,0
0.0,1.0,0.0,89215,3025,1,0,0,0
0.08673677036994232,0.9132632296300577,0.08673677036994232,89199,3025,1,0,0,0
0.048772367980913806,0.9512276320190862,0.048772367980913806,89161,3025,1,0,0,0
0.021585160202360877,0.9784148397976391,0.021585160202360877,89205,3025,1,0,0,0
0.021585160202360877,0.9784148397976391,0.021585160202360877,89221,3025,1,0,0,0
0.021585160202360877,0.9784148397976391,0.021585160202360877,89217,3025,1,0,0,0
0.025907495010859663,0.9740925049891404,0.025907495010859663,84806,2905,1,0,0,0
0.02200536983678249,0.9779946301632175,0.02200536983678249,84850,2905,1,0,0,0
0.013897715867573518,0.9861022841324265,0.013897715867573518,84803,2905,1,0,0,0
0.04358988521654967,0.9564101147834503,0.04358988521654967,84820,2905,1,0,0,0
0.027919785332118096,0.9720802146678819,0.027919785332118096,84807,2905,1,0,0,0
0.05017237669457475,0.9498276233054253,0.05017237669457475,84812,2905,1,0,0,0
0.011905809516353446,0.9880941904836466,0.011905809516353446,84815,2905,1,0,0,0
0.0,1.0,0.0,84851,2905,1,0,0,0
0.02069882092256748,0.9793011790774325,0.02069882092256748,84821,2905,1,0,0,0
0.02571096517591627,0.9742890348240837,0.02571096517591627,84853,2905,1,0,0,0
0.016607312806287022,0.983392687193713,0.016607312806287022,84816,2905,1,0,0,0
0.025804541096026628,0.9741954589039734,0.025804541096026628,84852,2905,1,0,0,0
0.013609732871027624,0.9863902671289724,0.013609732871027624,84805,2905,1,0,0,0
0.014637329302268364,0.9853626706977316,0.014637329302268364,84818,2905,1,0,0,0
0.012167952274040002,0.98783204772596,0.012167952274040002,84791,2905,1,0,0,0
0.02379183017559559,0.9762081698244044,0.02379183017559559,84793,2905,1,0,0,0
0.013365869680446897,0.986634130319553,0.013365869680446897,84789,2905,1,0,0,0
0.03961312633856422,0.9603868736614358,0.03961312633856422,84837,2905,1,0,0,0
0.030076047738919365,0.9699239522610806,0.030076047738919365,84798,2905,1,0,0,0
0.026065512466545263,0.9739344875334547,0.026065512466545263,84797,2905,1,0,0,0
0.05644102802469448,0.9435589719753055,0.05644102802469448,84855,2905,1,0,0,0
0.032450860493028505,0.9675491395069715,0.032450860493028505,84799,2905,1,0,0,0
0.029496301791763983,0.970503698208236,0.029496301791763983,84804,2905,1,0,0,0
0.024656174344517272,0.9753438256554827,0.024656174344517272,84800,2905,1,0,0,0
0.01529595138327075,0.9847040486167292,0.01529595138327075,84802,2905,1,0,0,0
0.02347752554096225,0.9765224744590377,0.02347752554096225,84846,2905,1,0,0,0
0.01626508628284769,0.9837349137171523,0.01626508628284769,84813,2905,1,0,0,0
0.01823761036068776,0.9817623896393123,0.01823761036068776,84792,2905,1,0,0,0
0.024384321797753638,0.9756156782022464,0.024384321797753638,84795,2905,1,0,0,0
0.0,1.0,0.0,84801,2905,1,0,0,0
0.00818919214455883,0.9918108078554412,0.00818919214455883,84822,2905,1,0,0,0
0.0028202815337633053,0.9971797184662367,0.0028202815337633053,84858,2905,1,0,0,0
0.006666300753537392,0.9933336992464626,0.006666300753537392,84787,2905,1,0,0,0
0.02314223016558402,0.976857769834416,0.02314223016558402,84785,2905,1,0,0,0
0.006396461125633799,0.9936035388743663,0.006396461125633799,84786,2905,1,0,0,0
0.011494684922440502,0.9885053150775595,0.011494684922440502,84834,2905,1,0,0,0
0.00018577215907018135,0.9998142278409298,0.00018577215907018135,84845,2905,1,0,0,0
0.004187564106963953,0.995812435893036,0.004187564106963953,84819,2905,1,0,0,0
0.024289718076553536,0.9757102819234464,0.024289718076553536,84836,2905,1,0,0,0
0.05560032305956531,0.9443996769404347,0.05560032305956531,84825,2905,1,0,0,0
0.034178066805081585,0.9658219331949184,0.034178066805081585,84857,2905,1,0,0,0
0.0,1.0,0.0,84849,2905,1,0,0,0
0.08673677036994232,0.9132632296300577,0.08673677036994232,84833,2905,1,0,0,0
0.048772367980913806,0.9512276320190862,0.048772367980913806,84796,2905,1,0,0,0
0.021585160202360877,0.9784148397976391,0.021585160202360877,84839,2905,1,0,0,0
0.06044907936436829,0.9395509206356317,0.06044907936436829,78137,2733,3,0,0,0
0.028542727977950103,0.9714572720220499,0.028542727977950103,78179,2733,3,0,0,0
0.06965908162199803,0.9303409183780019,0.06965908162199803,78134,2733,3,0,0,0
0.0,1.0,0.0,78150,2733,3,0,0,0
0.0,1.0,0.0,78138,2733,3,0,0,0
0.0732076278761356,0.9267923721238644,0.0732076278761356,78142,2733,3,0,0,0
0.04754249024518437,0.9524575097548156,0.04754249024518437,78145,2733,3,0,0,0
0.0,1.0,0.0,78180,2733,3,0,0,0
0.030888777152072607,0.9691112228479274,0.030888777152072607,78151,2733,3,0,0,0
0.0,1.0,0.0,78182,2733,3,0,0,0
0.0,1.0,0.0,78146,2733,3,0,0,0
0.05339283379693657,0.9466071662030634,0.05339283379693657,78181,2733,3,0,0,0
0.0,1.0,0.0,78136,2733,3,0,0,0
0.014171634087734163,0.9858283659122659,0.014171634087734163,78148,2733,3,0,0,0
0.0,1.0,0.0,78121,2733,3,0,0,0
0.009819359814642653,0.9901806401853573,0.009819359814642653,78123,2733,3,0,0,0
0.07158437751841942,0.9284156224815806,0.07158437751841942,78119,2733,3,0,0,0
0.061080617318546984,0.938919382681453,0.061080617318546984,78167,2733,3,0,0,0
0.0787360595941028,0.9212639404058972,0.0787360595941028,78128,2733,3,0,0,0
0.07020261324853148,0.9297973867514685,0.07020261324853148,78127,2733,3,0,0,0
0.2671930258130329,0.7328069741869672,0.2671930258130329,78184,2733,3,0,0,0
0.058809434453516246,0.9411905655464837,0.058809434453516246,78129,2733,3,0,0,0
0.0858379222210206,0.9141620777789794,0.0858379222210206,78135,2733,3,0,0,0
0.02504562024205459,0.9749543797579454,0.02504562024205459,78130,2733,3,0,0,0
0.02328886635075754,0.9767111336492424,0.02328886635075754,78132,2733,3,0,0,0
0.014837689171409263,0.9851623108285907,0.014837689171409263,78176,2733,3,0,0,0
0.07787603001589527,0.9221239699841047,0.07787603001589527,78143,2733,3,0,0,0
0.037120285178815396,0.9628797148211846,0.037120285178815396,78122,2733,3,0,0,0
0.0,1.0,0.0,78125,2733,3,0,0,0
0.0,1.0,0.0,78131,2733,3,0,0,0
0.0,1.0,0.0,78152,2733,3,0,0,0
0.004437765273411585,0.9955622347265884,0.004437765273411585,78187,2733,3,0,0,0
0.0,1.0,0.0,78117,2733,3,0,0,0
0.06978442982681989,0.9302155701731801,0.06978442982681989,78115,2733,3,0,0,0
0.0,1.0,0.0,78116,2733,3,0,0,0
0.014224808831511239,0.9857751911684888,0.014224808831511239,78164,2733,3,0,0,0
0.025828109427105835,0.9741718905728942,0.025828109427105835,78175,2733,3,0,0,0
0.10018754137260531,0.8998124586273947,0.10018754137260531,78149,2733,3,0,0,0
0.13742699309145928,0.8625730069085407,0.13742699309145928,78166,2733,3,0,0,0
0.1143201022726404,0.8856798977273596,0.1143201022726404,78155,2733,3,0,0,0
0.0,1.0,0.0,78186,2733,3,0,0,0
0.05759854421383062,0.9424014557861694,0.05759854421383062,78178,2733,3,0,0,0
0.0,1.0,0.0,78163,2733,3,0,0,0
0.0,1.0,0.0,78126,2733,3,0,0,0
0.009475685134217936,0.9905243148657821,0.009475685134217936,78169,2733,3,0,0,0
0.06044907936436829,0.9395509206356317,0.06044907936436829,92492,3109,4,0,0,0
0.028542727977950103,0.9714572720220499,0.028542727977950103,92547,3109,4,2,1,0
0.06965908162199803,0.9303409183780019,0.06965908162199803,92489,3109,4,0,0,0
0.0,1.0,0.0,92506,3109,4,0,0,0
0.0,1.0,0.0,92493,3109,4,0,0,0
0.0732076278761356,0.9267923721238644,0.0732076278761356,92498,3109,4,0,0,0
0.04754249024518437,0.9524575097548156,0.04754249024518437,92501,3109,4,0,0,0
0.0,1.0,0.0,92538,3109,4,0,0,0
0.030888777152072607,0.9691112228479274,0.030888777152072607,92507,3109,4,0,0,0
0.0,1.0,0.0,92540,3109,4,0,0,0
0.0,1.0,0.0,92502,3109,4,0,0,0
0.05339283379693657,0.9466071662030634,0.05339283379693657,92539,3109,4,0,0,0
0.0,1.0,0.0,92491,3109,4,0,0,0
0.014171634087734163,0.9858283659122659,0.014171634087734163,92504,3109,4,0,0,0
0.0,1.0,0.0,92476,3109,4,0,0,0
0.009819359814642653,0.9901806401853573,0.009819359814642653,92478,3109,4,0,0,0
0.07158437751841942,0.9284156224815806,0.07158437751841942,92474,3109,4,0,0,0
0.061080617318546984,0.938919382681453,0.061080617318546984,92523,3109,4,0,0,0
0.0787360595941028,0.9212639404058972,0.0787360595941028,92483,3109,4,0,0,0
0.07020261324853148,0.9297973867514685,0.07020261324853148,92482,3109,4,0,0,0
0.2671930258130329,0.7328069741869672,0.2671930258130329,92543,3109,4,0,0,0
0.058809434453516246,0.9411905655464837,0.058809434453516246,92484,3109,4,0,0,0
0.0858379222210206,0.9141620777789794,0.0858379222210206,92490,3109,4,0,0,0
0.02504562024205459,0.9749543797579454,0.02504562024205459,92485,3109,4,0,0,0
0.02328886635075754,0.9767111336492424,0.02328886635075754,92487,3109,4,0,0,0
0.014837689171409263,0.9851623108285907,0.014837689171409263,92532,3109,4,0,0,0
0.07787603001589527,0.9221239699841047,0.07787603001589527,92499,3109,4,0,0,0
0.037120285178815396,0.9628797148211846,0.037120285178815396,92477,3109,4,0,0,0
0.0,1.0,0.0,92480,3109,4,0,0,0
0.0,1.0,0.0,92486,3109,4,0,0,0
0.0,1.0,0.0,92508,3109,4,0,0,0
0.004437765273411585,0.9955622347265884,0.004437765273411585,92546,3109,4,0,0,0
0.0,1.0,0.0,92472,3109,4,0,0,0
0.06978442982681989,0.9302155701731801,0.06978442982681989,92470,3109,4,0,0,0
0.0,1.0,0.0,92471,3109,4,0,0,0
0.014224808831511239,0.9857751911684888,0.014224808831511239,92520,3109,4,0,0,0
0.025828109427105835,0.9741718905728942,0.025828109427105835,92531,3109,4,0,0,0
0.10018754137260531,0.8998124586273947,0.10018754137260531,92505,3109,4,0,0,0
0.13742699309145928,0.8625730069085407,0.13742699309145928,92522,3109,4,0,0,0
0.1143201022726404,0.8856798977273596,0.1143201022726404,92511,3109,4,0,0,0
0.0,1.0,0.0,92545,3109,4,0,0,0
0.05759854421383062,0.9424014557861694,0.05759854421383062,92536,3109,4,0,0,0
0.0,1.0,0.0,92519,3109,4,0,0,0
0.0,1.0,0.0,92481,3109,4,0,0,0
0.009475685134217936,0.9905243148657821,0.009475685134217936,92525,3109,4,0,0,0
0.009475685134217936,0.9905243148657821,0.009475685134217936,92541,3109,4,0,0,0
0.009475685134217936,0.9905243148657821,0.009475685134217936,92537,3109,4,0,0,0
0.01717925853958809,0.9828207414604119,0.01717925853958809,80378,2794,2,0,0,0
0.0005583144716814065,0.9994416855283186,0.0005583144716814065,80421,2794,2,0,0,0
0.09871626826870945,0.9012837317312905,0.09871626826870945,80375,2794,2,0,0,0
0.05668580284474496,0.943314197155255,0.05668580284474496,80392,2794,2,0,0,0
0.0,1.0,0.0,80379,2794,2,0,0,0
0.024438161553066308,0.9755618384469337,0.024438161553066308,80384,2794,2,0,0,0
0.009092821503170145,0.9909071784968299,0.009092821503170145,80387,2794,2,0,0,0
0.05063185416221502,0.949368145837785,0.05063185416221502,80422,2794,2,0,0,0
0.0,1.0,0.0,80430,2794,2,1,0,1
0.22183971229463761,0.7781602877053624,0.22183971229463761,80424,2794,2,0,0,0
0.0,1.0,0.0,80388,2794,2,0,0,0
0.0,1.0,0.0,80423,2794,2,0,0,0
0.0,1.0,0.0,80377,2794,2,0,0,0
0.007790088271207477,0.9922099117287925,0.007790088271207477,80390,2794,2,0,0,0
0.0,1.0,0.0,80362,2794,2,0,0,0
0.04558683834062828,0.9544131616593717,0.04558683834062828,80364,2794,2,0,0,0
0.02207951287993054,0.9779204871200695,0.02207951287993054,80360,2794,2,0,0,0
0.01890504529609417,0.9810949547039058,0.01890504529609417,80408,2794,2,0,0,0
0.0,1.0,0.0,80369,2794,2,0,0,0
0.14555937437551306,0.854440625624487,0.14555937437551306,80368,2794,2,0,0,0
0.021536008497241133,0.9784639915027589,0.021536008497241133,80426,2794,2,0,0,0
0.0573278222767562,0.9426721777232439,0.0573278222767562,80370,2794,2,0,0,0
0.04364907998241516,0.9563509200175848,0.04364907998241516,80376,2794,2,0,0,0
0.018524232494985554,0.9814757675050144,0.018524232494985554,80371,2794,2,0,0,0
0.0,1.0,0.0,80373,2794,2,0,0,0
0.01243107014342576,0.9875689298565742,0.01243107014342576,80417,2794,2,0,0,0
0.0,1.0,0.0,80385,2794,2,0,0,0
0.09024621943401323,0.9097537805659868,0.09024621943401323,80363,2794,2,0,0,0
0.008956939803213,0.991043060196787,0.008956939803213,80366,2794,2,0,0,0
0.05902432698407653,0.9409756730159234,0.05902432698407653,80372,2794,2,0,0,0
0.0,1.0,0.0,80393,2794,2,0,0,0
0.0,1.0,0.0,80429,2794,2,0,0,0
0.06303195284876253,0.9369680471512375,0.06303195284876253,80358,2794,2,0,0,0
0.0,1.0,0.0,80356,2794,2,0,0,0
0.0,1.0,0.0,80357,2794,2,0,0,0
0.0,1.0,0.0,80405,2794,2,0,0,0
0.09426986179740096,0.9057301382025991,0.09426986179740096,80416,2794,2,0,0,0
0.13631586766856912,0.8636841323314308,0.13631586766856912,80391,2794,2,0,0,0
0.04149115995214675,0.9585088400478532,0.04149115995214675,80407,2794,2,0,0,0
0.006382867821994528,0.9936171321780055,0.006382867821994528,80396,2794,2,0,0,0
0.0,1.0,0.0,80428,2794,2,0,0,0
0.021881950835504035,0.978118049164496,0.021881950835504035,80420,2794,2,0,0,0
0.11689603676471239,0.8831039632352876,0.11689603676471239,80404,2794,2,0,0,0
0.10452410285114133,0.8954758971488587,0.10452410285114133,80367,2794,2,0,0,0
0.024205714547833764,0.9757942854521663,0.024205714547833764,80410,2794,2,0,0,0
0.045263447669049696,0.9547365523309503,0.045263447669049696,92336,3106,4,0,0,0
0.09243080411540382,0.9075691958845962,0.09243080411540382,92381,3106,4,0,0,0
0.015327463001928686,0.9846725369980713,0.015327463001928686,92334,3106,4,0,0,0
0.0679412802709967,0.9320587197290033,0.0679412802709967,92350,3106,4,0,0,0
0.10173079975321905,0.8982692002467809,0.10173079975321905,92337,3106,4,0,0,0
0.014994418753689523,0.9850055812463104,0.014994418753689523,92342,3106,4,0,0,0
0.0020825445467765637,0.9979174554532234,0.0020825445467765637,92345,3106,4,0,0,0
0.0,1.0,0.0,92383,3106,4,0,0,0
0.0492232131217209,0.950776786878279,0.0492232131217209,92351,3106,4,0,0,0
0.07522332168678143,0.9247766783132185,0.07522332168678143,92385,3106,4,0,0,0
0.0019492132632783245,0.9980507867367217,0.0019492132632783245,92346,3106,4,0,0,0
0.14306241144713772,0.8569375885528623,0.14306241144713772,92384,3106,4,0,0,0
0.12885837084429763,0.8711416291557024,0.12885837084429763,92335,3106,4,0,0,0
0.017799274382166323,0.9822007256178337,0.017799274382166323,92348,3106,4,0,0,0
0.0,1.0,0.0,92321,3106,4,0,0,0
0.037524381827583615,0.9624756181724163,0.037524381827583615,92323,3106,4,0,0,0
0.0,1.0,0.0,92319,3106,4,0,0,0
0.015363567118970654,0.9846364328810293,0.015363567118970654,92367,3106,4,0,0,0
0.0,1.0,0.0,92328,3106,4,0,0,0
0.08604639118370139,0.9139536088162986,0.08604639118370139,92327,3106,4,0,0,0
0.0352471893351156,0.9647528106648844,0.0352471893351156,92388,3106,4,0,0,0
0.0012668404490137758,0.9987331595509862,0.0012668404490137758,92329,3106,4,0,0,0
0.045869056736584375,0.9541309432634156,0.045869056736584375,92392,3106,4,2,1,0
0.0,1.0,0.0,92330,3106,4,0,0,0
0.012342806603580385,0.9876571933964197,0.012342806603580385,92332,3106,4,0,0,0
0.03452054931443467,0.9654794506855653,0.03452054931443467,92376,3106,4,0,0,0
0.0,1.0,0.0,92343,3106,4,0,0,0
0.05237495946679487,0.9476250405332052,0.05237495946679487,92322,3106,4,0,0,0
0.07591112120063406,0.924088878799366,0.07591112120063406,92325,3106,4,0,0,0
0.03733232798650998,0.96266767201349,0.03733232798650998,92331,3106,4,0,0,0
0.024804781869261185,0.9751952181307388,0.024804781869261185,92352,3106,4,0,0,0
0.0,1.0,0.0,92391,3106,4,0,0,0
0.03574969818629792,0.9642503018137021,0.03574969818629792,92317,3106,4,0,0,0
0.0,1.0,0.0,92315,3106,4,0,0,0
0.0,1.0,0.0,92316,3106,4,0,0,0
0.0,1.0,0.0,92364,3106,4,0,0,0
0.01659192490238455,0.9834080750976154,0.01659192490238455,92375,3106,4,0,0,0
0.04386809861235447,0.9561319013876455,0.04386809861235447,92349,3106,4,0,0,0
0.0,1.0,0.0,92366,3106,4,0,0,0
0.03524499665339398,0.964755003346606,0.03524499665339398,92355,3106,4,0,0,0
0.010681446222429683,0.9893185537775703,0.010681446222429683,92390,3106,4,0,0,0
0.03987698969112701,0.960123010308873,0.03987698969112701,92380,3106,4,0,0,0
0.1696536908072724,0.8303463091927276,0.1696536908072724,92363,3106,4,0,0,0
0.11356246398107438,0.8864375360189256,0.11356246398107438,92326,3106,4,0,0,0
0.02936557588377397,0.970634424116226,0.02936557588377397,92369,3106,4,0,0,0
0.02936557588377397,0.970634424116226,0.02936557588377397,92386,3106,4,0,0,0
0.02936557588377397,0.970634424116226,0.02936557588377397,92382,3106,4,0,0,0
0.045263447669049696,0.9547365523309503,0.045263447669049696,93640,3142,5,0,0,0
0.09243080411540382,0.9075691958845962,0.09243080411540382,93684,3142,5,0,0,0
0.015327463001928686,0.9846725369980713,0.015327463001928686,93637,3142,5,0,0,0
0.0679412802709967,0.9320587197290033,0.0679412802709967,93654,3142,5,0,0,0
0.10173079975321905,0.8982692002467809,0.10173079975321905,93641,3142,5,0,0,0
0.014994418753689523,0.9850055812463104,0.014994418753689523,93646,3142,5,0,0,0
0.0020825445467765637,0.9979174554532234,0.0020825445467765637,93649,3142,5,0,0,0
0.0,1.0,0.0,93686,3142,5,0,0,0
0.0492232131217209,0.950776786878279,0.0492232131217209,93655,3142,5,0,0,0
0.07522332168678143,0.9247766783132185,0.07522332168678143,93688,3142,5,0,0,0
0.0019492132632783245,0.9980507867367217,0.0019492132632783245,93650,3142,5,0,0,0
0.14306241144713772,0.8569375885528623,0.14306241144713772,93687,3142,5,0,0,0
0.12885837084429763,0.8711416291557024,0.12885837084429763,93639,3142,5,0,0,0
0.017799274382166323,0.9822007256178337,0.017799274382166323,93652,3142,5,0,0,0
0.0,1.0,0.0,93624,3142,5,0,0,0
0.037524381827583615,0.9624756181724163,0.037524381827583615,93626,3142,5,0,0,0
0.0,1.0,0.0,93622,3142,5,0,0,0
0.015363567118970654,0.9846364328810293,0.015363567118970654,93671,3142,5,0,0,0
0.0,1.0,0.0,93631,3142,5,0,0,0
0.08604639118370139,0.9139536088162986,0.08604639118370139,93630,3142,5,0,0,0
0.0352471893351156,0.9647528106648844,0.0352471893351156,93691,3142,5,0,0,0
0.0012668404490137758,0.9987331595509862,0.0012668404490137758,93632,3142,5,0,0,0
0.045869056736584375,0.9541309432634156,0.045869056736584375,93638,3142,5,0,0,0
0.0,1.0,0.0,93633,3142,5,0,0,0
0.012342806603580385,0.9876571933964197,0.012342806603580385,93635,3142,5,0,0,0
0.03452054931443467,0.9654794506855653,0.03452054931443467,93679,3142,5,0,0,0
0.0,1.0,0.0,93647,3142,5,0,0,0
0.05237495946679487,0.9476250405332052,0.05237495946679487,93625,3142,5,0,0,0
0.07591112120063406,0.924088878799366,0.07591112120063406,93628,3142,5,0,0,0
0.03733232798650998,0.96266767201349,0.03733232798650998,93634,3142,5,0,0,0
0.024804781869261185,0.9751952181307388,0.024804781869261185,93656,3142,5,0,0,0
0.0,1.0,0.0,93694,3142,5,0,0,0
0.03574969818629792,0.9642503018137021,0.03574969818629792,93620,3142,5,0,0,0
0.0,1.0,0.0,93618,3142,5,0,0,0
0.0,1.0,0.0,93619,3142,5,0,0,0
0.0,1.0,0.0,93668,3142,5,0,0,0
0.01659192490238455,0.9834080750976154,0.01659192490238455,93678,3142,5,0,0,0
0.04386809861235447,0.9561319013876455,0.04386809861235447,93653,3142,5,0,0,0
0.0,1.0,0.0,93670,3142,5,0,0,0
0.03524499665339398,0.964755003346606,0.03524499665339398,93659,3142,5,0,0,0
0.010681446222429683,0.9893185537775703,0.010681446222429683,93693,3142,5,0,0,0
0.03987698969112701,0.960123010308873,0.03987698969112701,93683,3142,5,0,0,0
0.1696536908072724,0.8303463091927276,0.1696536908072724,93667,3142,5,0,0,0
0.11356246398107438,0.8864375360189256,0.11356246398107438,93629,3142,5,0,0,0
0.02936557588377397,0.970634424116226,0.02936557588377397,93673,3142,5,0,0,0
0.02936557588377397,0.970634424116226,0.02936557588377397,93689,3142,5,0,0,0
0.02936557588377397,0.970634424116226,0.02936557588377397,93685,3142,5,0,0,0
0.031673103015531334,0.9683268969844687,0.031673103015531334,76475,2689,7,0,0,0
0.0,1.0,0.0,76517,2689,7,0,0,0
0.0,1.0,0.0,76472,2689,7,0,0,0
0.029205454866347264,0.9707945451336527,0.029205454866347264,76489,2689,7,0,0,0
0.015192369704556542,0.9848076302954435,0.015192369704556542,76476,2689,7,0,0,0
0.05362620958551441,0.9463737904144855,0.05362620958551441,76481,2689,7,0,0,0
0.014417183853518208,0.9855828161464818,0.014417183853518208,76484,2689,7,0,0,0
0.0,1.0,0.0,76518,2689,7,0,0,0
0.0002944801247947437,0.9997055198752053,0.0002944801247947437,76490,2689,7,0,0,0
0.015592143060555843,0.9844078569394441,0.015592143060555843,76520,2689,7,0,0,0
0.0,1.0,0.0,76485,2689,7,0,0,0
0.02304877762253557,0.9769512223774645,0.02304877762253557,76519,2689,7,0,0,0
0.0,1.0,0.0,76474,2689,7,0,0,0
0.006124904794636595,0.9938750952053634,0.006124904794636595,76487,2689,7,0,0,0
0.0,1.0,0.0,76459,2689,7,0,0,0
0.0,1.0,0.0,76461,2689,7,0,0,0
0.0,1.0,0.0,76457,2689,7,0,0,0
0.00953155210459852,0.9904684478954014,0.00953155210459852,76506,2689,7,0,0,0
0.026488188939609428,0.9735118110603905,0.026488188939609428,76466,2689,7,0,0,0
0.0007754716455910336,0.999224528354409,0.0007754716455910336,76465,2689,7,0,0,0
0.0,1.0,0.0,76522,2689,7,0,0,0
0.014474461902125379,0.9855255380978746,0.014474461902125379,76467,2689,7,0,0,0
0.018992425182953673,0.9810075748170464,0.018992425182953673,76473,2689,7,0,0,0
0.0,1.0,0.0,76468,2689,7,0,0,0
0.021513966833831166,0.9784860331661689,0.021513966833831166,76470,2689,7,0,0,0
0.0,1.0,0.0,76514,2689,7,0,0,0
0.011804856958322757,0.9881951430416772,0.011804856958322757,76482,2689,7,0,0,0
0.007572515995758682,0.9924274840042413,0.007572515995758682,76460,2689,7,0,0,0
0.019247532565350806,0.9807524674346492,0.019247532565350806,76463,2689,7,0,0,0
0.0,1.0,0.0,76469,2689,7,0,0,0
0.0,1.0,0.0,76491,2689,7,0,0,0
0.0,1.0,0.0,76525,2689,7,0,0,0
0.018280729727525927,0.9817192702724741,0.018280729727525927,76455,2689,7,0,0,0
0.002819009953291554,0.9971809900467085,0.002819009953291554,76453,2689,7,0,0,0
0.017983532699147597,0.9820164673008525,0.017983532699147597,76454,2689,7,0,0,0
0.0,1.0,0.0,76503,2689,7,0,0,0
0.0,1.0,0.0,76513,2689,7,0,0,0
0.0,1.0,0.0,76488,2689,7,0,0,0
0.004390508747997438,0.9956094912520026,0.004390508747997438,76505,2689,7,0,0,0
0.08408479760502433,0.9159152023949757,0.08408479760502433,76494,2689,7,0,0,0
0.01242933603204267,0.9875706639679573,0.01242933603204267,76524,2689,7,0,0,0
0.0,1.0,0.0,76516,2689,7,0,0,0
0.04550890974899886,0.9544910902510011,0.04550890974899886,76502,2689,7,0,0,0
0.054516886266735655,0.9454831137332643,0.054516886266735655,76464,2689,7,0,0,0
0.010073180037882521,0.9899268199621175,0.010073180037882521,76526,2689,7,2,1,0
0.031673103015531334,0.9683268969844687,0.031673103015531334,81238,2818,8,0,0,0
0.0,1.0,0.0,81282,2818,8,0,0,0
0.0,1.0,0.0,81291,2818,8,2,1,0
0.029205454866347264,0.9707945451336527,0.029205454866347264,81252,2818,8,0,0,0
0.015192369704556542,0.9848076302954435,0.015192369704556542,81239,2818,8,0,0,0
0.05362620958551441,0.9463737904144855,0.05362620958551441,81244,2818,8,0,0,0
0.014417183853518208,0.9855828161464818,0.014417183853518208,81247,2818,8,0,0,0
0.0,1.0,0.0,81283,2818,8,0,0,0
0.0002944801247947437,0.9997055198752053,0.0002944801247947437,81253,2818,8,0,0,0
0.015592143060555843,0.9844078569394441,0.015592143060555843,81285,2818,8,0,0,0
0.0,1.0,0.0,81248,2818,8,0,0,0
0.02304877762253557,0.9769512223774645,0.02304877762253557,81284,2818,8,0,0,0
0.0,1.0,0.0,81237,2818,8,0,0,0
0.006124904794636595,0.9938750952053634,0.006124904794636595,81250,2818,8,0,0,0
0.0,1.0,0.0,81223,2818,8,0,0,0
0.0,1.0,0.0,81225,2818,8,0,0,0
0.0,1.0,0.0,81221,2818,8,0,0,0
0.00953155210459852,0.9904684478954014,0.00953155210459852,81269,2818,8,0,0,0
0.026488188939609428,0.9735118110603905,0.026488188939609428,81230,2818,8,0,0,0
0.0007754716455910336,0.999224528354409,0.0007754716455910336,81229,2818,8,0,0,0
0.0,1.0,0.0,81287,2818,8,0,0,0
0.014474461902125379,0.9855255380978746,0.014474461902125379,81231,2818,8,0,0,0
0.018992425182953673,0.9810075748170464,0.018992425182953673,81236,2818,8,0,0,0
0.0,1.0,0.0,81232,2818,8,0,0,0
0.021513966833831166,0.9784860331661689,0.021513966833831166,81234,2818,8,0,0,0
0.0,1.0,0.0,81278,2818,8,0,0,0
0.011804856958322757,0.9881951430416772,0.011804856958322757,81245,2818,8,0,0,0
0.007572515995758682,0.9924274840042413,0.007572515995758682,81224,2818,8,0,0,0
0.019247532565350806,0.9807524674346492,0.019247532565350806,81227,2818,8,0,0,0
0.0,1.0,0.0,81233,2818,8,0,0,0
0.0,1.0,0.0,81254,2818,8,0,0,0
0.0,1.0,0.0,81290,2818,8,0,0,0
0.018280729727525927,0.9817192702724741,0.018280729727525927,81219,2818,8,0,0,0
0.002819009953291554,0.9971809900467085,0.002819009953291554,81217,2818,8,0,0,0
0.017983532699147597,0.9820164673008525,0.017983532699147597,81218,2818,8,0,0,0
0.0,1.0,0.0,81266,2818,8,0,0,0
0.0,1.0,0.0,81277,2818,8,0,0,0
0.0,1.0,0.0,81251,2818,8,0,0,0
0.004390508747997438,0.9956094912520026,0.004390508747997438,81268,2818,8,0,0,0
0.08408479760502433,0.9159152023949757,0.08408479760502433,81257,2818,8,0,0,0
0.01242933603204267,0.9875706639679573,0.01242933603204267,81289,2818,8,0,0,0
0.0,1.0,0.0,81281,2818,8,0,0,0
0.04550890974899886,0.9544910902510011,0.04550890974899886,81265,2818,8,0,0,0
0.054516886266735655,0.9454831137332643,0.054516886266735655,81228,2818,8,0,0,0
0.010073180037882521,0.9899268199621175,0.010073180037882521,81271,2818,8,0,0,0
0.031673103015531334,0.9683268969844687,0.031673103015531334,81389,2820,9,0,0,0
0.0,1.0,0.0,81433,2820,9,0,0,0
0.0,1.0,0.0,81386,2820,9,0,0,0
0.029205454866347264,0.9707945451336527,0.029205454866347264,81403,2820,9,0,0,0
0.015192369704556542,0.9848076302954435,0.015192369704556542,81390,2820,9,0,0,0
0.05362620958551441,0.9463737904144855,0.05362620958551441,81395,2820,9,0,0,0
0.014417183853518208,0.9855828161464818,0.014417183853518208,81398,2820,9,0,0,0
0.0,1.0,0.0,81434,2820,9,0,0,0
0.0002944801247947437,0.9997055198752053,0.0002944801247947437,81404,2820,9,0,0,0
0.015592143060555843,0.9844078569394441,0.015592143060555843,81435,2820,9,0,0,0
0.0,1.0,0.0,81399,2820,9,0,0,0
0.02304877762253557,0.9769512223774645,0.02304877762253557,81441,2820,9,1,0,1
0.0,1.0,0.0,81388,2820,9,0,0,0
0.006124904794636595,0.9938750952053634,0.006124904794636595,81401,2820,9,0,0,0
0.0,1.0,0.0,81373,2820,9,0,0,0
0.0,1.0,0.0,81375,2820,9,0,0,0
0.0,1.0,0.0,81371,2820,9,0,0,0
0.00953155210459852,0.9904684478954014,0.00953155210459852,81420,2820,9,0,0,0
0.026488188939609428,0.9735118110603905,0.026488188939609428,81380,2820,9,0,0,0
0.0007754716455910336,0.999224528354409,0.0007754716455910336,81379,2820,9,0,0,0
0.0,1.0,0.0,81437,2820,9,0,0,0
0.014474461902125379,0.9855255380978746,0.014474461902125379,81381,2820,9,0,0,0
0.018992425182953673,0.9810075748170464,0.018992425182953673,81387,2820,9,0,0,0
0.0,1.0,0.0,81382,2820,9,0,0,0
0.021513966833831166,0.9784860331661689,0.021513966833831166,81384,2820,9,0,0,0
0.0,1.0,0.0,81429,2820,9,0,0,0
0.011804856958322757,0.9881951430416772,0.011804856958322757,81396,2820,9,0,0,0
0.007572515995758682,0.9924274840042413,0.007572515995758682,81374,2820,9,0,0,0
0.019247532565350806,0.9807524674346492,0.019247532565350806,81377,2820,9,0,0,0
0.0,1.0,0.0,81383,2820,9,0,0,0
0.0,1.0,0.0,81405,2820,9,0,0,0
0.0,1.0,0.0,81440,2820,9,0,0,0
0.018280729727525927,0.9817192702724741,0.018280729727525927,81369,2820,9,0,0,0
0.002819009953291554,0.9971809900467085,0.002819009953291554,81367,2820,9,0,0,0
0.017983532699147597,0.9820164673008525,0.017983532699147597,81368,2820,9,0,0,0
0.0,1.0,0.0,81417,2820,9,0,0,0
0.0,1.0,0.0,81428,2820,9,0,0,0
0.0,1.0,0.0,81402,2820,9,0,0,0
0.004390508747997438,0.9956094912520026,0.004390508747997438,81419,2820,9,0,0,0
0.08408479760502433,0.9159152023949757,0.08408479760502433,81408,2820,9,0,0,0
0.01242933603204267,0.9875706639679573,0.01242933603204267,81439,2820,9,0,0,0
0.0,1.0,0.0,81432,2820,9,0,0,0
0.04550890974899886,0.9544910902510011,0.04550890974899886,81416,2820,9,0,0,0
0.054516886266735655,0.9454831137332643,0.054516886266735655,81378,2820,9,0,0,0
0.010073180037882521,0.9899268199621175,0.010073180037882521,81422,2820,9,0,0,0
0.019369203761700125,0.9806307962382999,0.019369203761700125,88099,3000,3,0,0,0
0.018096596734873648,0.9819034032651264,0.018096596734873648,88143,3000,3,0,0,0
0.0,1.0,0.0,88096,3000,3,0,0,0
0.1142612377848211,0.8857387622151789,0.1142612377848211,88113,3000,3,0,0,0
0.027508447968564997,0.972491552031435,0.027508447968564997,88100,3000,3,0,0,0
0.03541784227652524,0.9645821577234748,0.03541784227652524,88105,3000,3,0,0,0
0.07078062756110864,0.9292193724388913,0.07078062756110864,88108,3000,3,0,0,0
0.0,1.0,0.0,88144,3000,3,0,0,0
0.0,1.0,0.0,88114,3000,3,0,0,0
0.05186676060102085,0.9481332393989792,0.05186676060102085,88146,3000,3,0,0,0
0.0,1.0,0.0,88109,3000,3,0,0,0
0.04999326325740093,0.9500067367425991,0.04999326325740093,88145,3000,3,0,0,0
0.08858416537017888,0.9114158346298211,0.08858416537017888,88098,3000,3,0,0,0
0.0,1.0,0.0,88111,3000,3,0,0,0
0.0,1.0,0.0,88084,3000,3,0,0,0
0.09339822830519565,0.9066017716948044,0.09339822830519565,88086,3000,3,0,0,0
0.0007197647603461449,0.9992802352396538,0.0007197647603461449,88082,3000,3,0,0,0
0.14530563122884677,0.8546943687711532,0.14530563122884677,88130,3000,3,0,0,0
0.06047633269098943,0.9395236673090106,0.06047633269098943,88091,3000,3,0,0,0
0.017523125619407373,0.9824768743805926,0.017523125619407373,88090,3000,3,0,0,0
0.10853414023363381,0.8914658597663662,0.10853414023363381,88148,3000,3,0,0,0
0.0,1.0,0.0,88152,3000,3,1,0,1
0.0,1.0,0.0,88097,3000,3,0,0,0
0.08426222419957624,0.9157377758004237,0.08426222419957624,88092,3000,3,0,0,0
0.005238340074779309,0.9947616599252207,0.005238340074779309,88094,3000,3,0,0,0
0.0,1.0,0.0,88139,3000,3,0,0,0
0.004558160118981025,0.995441839881019,0.004558160118981025,88106,3000,3,0,0,0
0.024558264161097625,0.9754417358389024,0.024558264161097625,88085,3000,3,0,0,0
0.03616546714877184,0.9638345328512281,0.03616546714877184,88088,3000,3,0,0,0
0.0,1.0,0.0,88093,3000,3,0,0,0
0.03962510030110539,0.9603748996988946,0.03962510030110539,88115,3000,3,0,0,0
0.0,1.0,0.0,88151,3000,3,0,0,0
0.03290336221414074,0.9670966377858593,0.03290336221414074,88080,3000,3,0,0,0
0.0168218830535604,0.9831781169464396,0.0168218830535604,88078,3000,3,0,0,0
0.08139475551033341,0.9186052444896666,0.08139475551033341,88079,3000,3,0,0,0
0.09726185319361447,0.9027381468063855,0.09726185319361447,88127,3000,3,0,0,0
0.0,1.0,0.0,88138,3000,3,0,0,0
0.03654342269997537,0.9634565773000247,0.03654342269997537,88112,3000,3,0,0,0
0.060408209848213795,0.9395917901517862,0.060408209848213795,88129,3000,3,0,0,0
0.04180123233685029,0.9581987676631497,0.04180123233685029,88118,3000,3,0,0,0
0.01432261128584409,0.9856773887141559,0.01432261128584409,88150,3000,3,0,0,0
0.04186660571092134,0.9581333942890786,0.04186660571092134,88142,3000,3,0,0,0
0.11210120207256212,0.8878987979274379,0.11210120207256212,88126,3000,3,0,0,0
0.12514345460605242,0.8748565453939476,0.12514345460605242,88089,3000,3,0,0,0
0.02811768414198987,0.9718823158580101,0.02811768414198987,88132,3000,3,0,0,0
0.025907495010859663,0.9740925049891404,0.025907495010859663,95956,3199,1,0,0,0
0.02200536983678249,0.9779946301632175,0.02200536983678249,96001,3199,1,0,0,0
0.013897715867573518,0.9861022841324265,0.013897715867573518,95953,3199,1,0,0,0
0.04358988521654967,0.9564101147834503,0.04358988521654967,95970,3199,1,0,0,0
0.027919785332118096,0.9720802146678819,0.027919785332118096,95957,3199,1,0,0,0
0.05017237669457475,0.9498276233054253,0.05017237669457475,95962,3199,1,0,0,0
0.011905809516353446,0.9880941904836466,0.011905809516353446,95965,3199,1,0,0,0
0.0,1.0,0.0,96003,3199,1,0,0,0
0.02069882092256748,0.9793011790774325,0.02069882092256748,95971,3199,1,0,0,0
0.02571096517591627,0.9742890348240837,0.02571096517591627,96004,3199,1,0,0,0
0.016607312806287022,0.983392687193713,0.016607312806287022,95966,3199,1,0,0,0
0.025804541096026628,0.9741954589039734,0.025804541096026628,96011,3199,1,2,1,0
0.013609732871027624,0.9863902671289724,0.013609732871027624,95955,3199,1,0,0,0
0.014637329302268364,0.9853626706977316,0.014637329302268364,95968,3199,1,0,0,0
0.012167952274040002,0.98783204772596,0.012167952274040002,95940,3199,1,0,0,0
0.02379183017559559,0.9762081698244044,0.02379183017559559,95942,3199,1,0,0,0
0.013365869680446897,0.986634130319553,0.013365869680446897,95938,3199,1,0,0,0
0.03961312633856422,0.9603868736614358,0.03961312633856422,95987,3199,1,0,0,0
0.030076047738919365,0.9699239522610806,0.030076047738919365,95947,3199,1,0,0,0
0.026065512466545263,0.9739344875334547,0.026065512466545263,95946,3199,1,0,0,0
0.05644102802469448,0.9435589719753055,0.05644102802469448,96007,3199,1,0,0,0
0.032450860493028505,0.9675491395069715,0.032450860493028505,95948,3199,1,0,0,0
0.029496301791763983,0.970503698208236,0.029496301791763983,95954,3199,1,0,0,0
0.024656174344517272,0.9753438256554827,0.024656174344517272,95949,3199,1,0,0,0
0.01529595138327075,0.9847040486167292,0.01529595138327075,95951,3199,1,0,0,0
0.02347752554096225,0.9765224744590377,0.02347752554096225,95996,3199,1,0,0,0
0.01626508628284769,0.9837349137171523,0.01626508628284769,95963,3199,1,0,0,0
0.01823761036068776,0.9817623896393123,0.01823761036068776,95941,3199,1,0,0,0
0.024384321797753638,0.9756156782022464,0.024384321797753638,95944,3199,1,0,0,0
0.0,1.0,0.0,95950,3199,1,0,0,0
0.00818919214455883,0.9918108078554412,0.00818919214455883,95972,3199,1,0,0,0
0.0028202815337633053,0.9971797184662367,0.0028202815337633053,96010,3199,1,0,0,0
0.006666300753537392,0.9933336992464626,0.006666300753537392,95936,3199,1,0,0,0
0.02314223016558402,0.976857769834416,0.02314223016558402,95934,3199,1,0,0,0
0.006396461125633799,0.9936035388743663,0.006396461125633799,95935,3199,1,0,0,0
0.011494684922440502,0.9885053150775595,0.011494684922440502,95984,3199,1,0,0,0
0.00018577215907018135,0.9998142278409298,0.00018577215907018135,95995,3199,1,0,0,0
0.004187564106963953,0.995812435893036,0.004187564106963953,95969,3199,1,0,0,0
0.024289718076553536,0.9757102819234464,0.024289718076553536,95986,3199,1,0,0,0
0.05560032305956531,0.9443996769404347,0.05560032305956531,95975,3199,1,0,0,0
0.034178066805081585,0.9658219331949184,0.034178066805081585,96009,3199,1,0,0,0
0.0,1.0,0.0,96000,3199,1,0,0,0
0.08673677036994232,0.9132632296300577,0.08673677036994232,95983,3199,1,0,0,0
0.048772367980913806,0.9512276320190862,0.048772367980913806,95945,3199,1,0,0,0
0.021585160202360877,0.9784148397976391,0.021585160202360877,95989,3199,1,0,0,0
0.021585160202360877,0.9784148397976391,0.021585160202360877,96005,3199,1,0,0,0
0.021585160202360877,0.9784148397976391,0.021585160202360877,96002,3199,1,0,0,0
0.025907495010859663,0.9740925049891404,0.025907495010859663,90694,3064,1,0,0,0
0.02200536983678249,0.9779946301632175,0.02200536983678249,90739,3064,1,0,0,0
0.013897715867573518,0.9861022841324265,0.013897715867573518,90691,3064,1,0,0,0
0.04358988521654967,0.9564101147834503,0.04358988521654967,90708,3064,1,0,0,0
0.027919785332118096,0.9720802146678819,0.027919785332118096,90695,3064,1,0,0,0
0.05017237669457475,0.9498276233054253,0.05017237669457475,90700,3064,1,0,0,0
0.011905809516353446,0.9880941904836466,0.011905809516353446,90703,3064,1,0,0,0
0.0,1.0,0.0,90740,3064,1,0,0,0
0.02069882092256748,0.9793011790774325,0.02069882092256748,90709,3064,1,0,0,0
0.02571096517591627,0.9742890348240837,0.02571096517591627,90742,3064,1,0,0,0
0.016607312806287022,0.983392687193713,0.016607312806287022,90704,3064,1,0,0,0
0.025804541096026628,0.9741954589039734,0.025804541096026628,90741,3064,1,0,0,0
0.013609732871027624,0.9863902671289724,0.013609732871027624,90693,3064,1,0,0,0
0.014637329302268364,0.9853626706977316,0.014637329302268364,90706,3064,1,0,0,0
0.012167952274040002,0.98783204772596,0.012167952274040002,90678,3064,1,0,0,0
0.02379183017559559,0.9762081698244044,0.02379183017559559,90680,3064,1,0,0,0
0.013365869680446897,0.986634130319553,0.013365869680446897,90676,3064,1,0,0,0
0.03961312633856422,0.9603868736614358,0.03961312633856422,90725,3064,1,0,0,0
0.030076047738919365,0.9699239522610806,0.030076047738919365,90685,3064,1,0,0,0
0.026065512466545263,0.9739344875334547,0.026065512466545263,90684,3064,1,0,0,0
0.05644102802469448,0.9435589719753055,0.05644102802469448,90745,3064,1,0,0,0
0.032450860493028505,0.9675491395069715,0.032450860493028505,90686,3064,1,0,0,0
0.029496301791763983,0.970503698208236,0.029496301791763983,90692,3064,1,0,0,0
0.024656174344517272,0.9753438256554827,0.024656174344517272,90687,3064,1,0,0,0
0.01529595138327075,0.9847040486167292,0.01529595138327075,90689,3064,1,0,0,0
0.02347752554096225,0.9765224744590377,0.02347752554096225,90734,3064,1,0,0,0
0.01626508628284769,0.9837349137171523,0.01626508628284769,90701,3064,1,0,0,0
0.01823761036068776,0.9817623896393123,0.01823761036068776,90679,3064,1,0,0,0
0.024384321797753638,0.9756156782022464,0.024384321797753638,90682,3064,1,0,0,0
0.0,1.0,0.0,90688,3064,1,0,0,0
0.00818919214455883,0.9918108078554412,0.00818919214455883,90710,3064,1,0,0,0
0.0028202815337633053,0.9971797184662367,0.0028202815337633053,90748,3064,1,0,0,0
0.006666300753537392,0.9933336992464626,0.006666300753537392,90674,3064,1,0,0,0
0.02314223016558402,0.976857769834416,0.02314223016558402,90672,3064,1,0,0,0
0.006396461125633799,0.9936035388743663,0.006396461125633799,90673,3064,1,0,0,0
0.011494684922440502,0.9885053150775595,0.011494684922440502,90722,3064,1,0,0,0
0.00018577215907018135,0.9998142278409298,0.00018577215907018135,90733,3064,1,0,0,0
0.004187564106963953,0.995812435893036,0.004187564106963953,90707,3064,1,0,0,0
0.024289718076553536,0.9757102819234464,0.024289718076553536,90724,3064,1,0,0,0
0.05560032305956531,0.9443996769404347,0.05560032305956531,90713,3064,1,0,0,0
0.034178066805081585,0.9658219331949184,0.034178066805081585,90747,3064,1,0,0,0
0.0,1.0,0.0,90738,3064,1,0,0,0
0.08673677036994232,0.9132632296300577,0.08673677036994232,90721,3064,1,0,0,0
0.048772367980913806,0.9512276320190862,0.048772367980913806,90683,3064,1,0,0,0
0.021585160202360877,0.9784148397976391,0.021585160202360877,90727,3064,1,0,0,0
0.021585160202360877,0.9784148397976391,0.021585160202360877,90743,3064,1,0,0,0
0.021585160202360877,0.9784148397976391,0.021585160202360877,90749,3064,1,2,1,0
0.0034273914224668724,0.9965726085775332,0.0034273914224668724,94297,3156,3,0,0,0
0.0,1.0,0.0,94341,3156,3,0,0,0
0.0,1.0,0.0,94294,3156,3,0,0,0
0.05534913821537052,0.9446508617846294,0.05534913821537052,94311,3156,3,0,0,0
0.0,1.0,0.0,94298,3156,3,0,0,0
0.06171691412887907,0.938283085871121,0.06171691412887907,94303,3156,3,0,0,0
0.015991313012407284,0.9840086869875927,0.015991313012407284,94306,3156,3,0,0,0
0.0,1.0,0.0,94343,3156,3,0,0,0
0.0,1.0,0.0,94312,3156,3,0,0,0
0.01700033204158719,0.9829996679584128,0.01700033204158719,94345,3156,3,0,0,0
0.018537629939921942,0.9814623700600781,0.018537629939921942,94307,3156,3,0,0,0
0.0,1.0,0.0,94344,3156,3,0,0,0
0.010053655027028523,0.9899463449729715,0.010053655027028523,94296,3156,3,0,0,0
0.0,1.0,0.0,94309,3156,3,0,0,0
0.03062432145354151,0.9693756785464585,0.03062432145354151,94281,3156,3,0,0,0
0.05778585528645631,0.9422141447135437,0.05778585528645631,94283,3156,3,0,0,0
0.11852981225066195,0.881470187749338,0.11852981225066195,94279,3156,3,0,0,0
0.0186059169922912,0.9813940830077088,0.0186059169922912,94327,3156,3,0,0,0
0.025204782029308363,0.9747952179706917,0.025204782029308363,94288,3156,3,0,0,0
0.007880049442105103,0.9921199505578949,0.007880049442105103,94287,3156,3,0,0,0
0.047425692744917994,0.952574307255082,0.047425692744917994,94348,3156,3,0,0,0
0.051564104597105136,0.9484358954028949,0.051564104597105136,94289,3156,3,0,0,0
0.0,1.0,0.0,94295,3156,3,0,0,0
0.03471502559054594,0.965284974409454,0.03471502559054594,94290,3156,3,0,0,0
0.0,1.0,0.0,94292,3156,3,0,0,0
0.14495147352048632,0.8550485264795137,0.14495147352048632,94336,3156,3,0,0,0
0.02256045960939827,0.9774395403906018,0.02256045960939827,94304,3156,3,0,0,0
0.04381649794846741,0.9561835020515326,0.04381649794846741,94282,3156,3,0,0,0
0.05656926433875379,0.9434307356612462,0.05656926433875379,94285,3156,3,0,0,0
0.0,1.0,0.0,94291,3156,3,0,0,0
0.054017882943663914,0.9459821170563361,0.054017882943663914,94313,3156,3,0,0,0
0.0,1.0,0.0,94351,3156,3,0,0,0
0.017678896582551593,0.9823211034174484,0.017678896582551593,94277,3156,3,0,0,0
0.06720575791527963,0.9327942420847204,0.06720575791527963,94275,3156,3,0,0,0
0.0,1.0,0.0,94276,3156,3,0,0,0
0.0,1.0,0.0,94324,3156,3,0,0,0
0.0,1.0,0.0,94335,3156,3,0,0,0
0.0,1.0,0.0,94310,3156,3,0,0,0
0.037870839024242806,0.9621291609757572,0.037870839024242806,94326,3156,3,0,0,0
0.04200847072857869,0.9579915292714213,0.04200847072857869,94316,3156,3,0,0,0
0.0,1.0,0.0,94350,3156,3,0,0,0
0.0,1.0,0.0,94340,3156,3,0,0,0
0.1351675492856878,0.8648324507143121,0.1351675492856878,94323,3156,3,0,0,0
0.0,1.0,0.0,94286,3156,3,0,0,0
0.021745399143788802,0.9782546008562112,0.021745399143788802,94329,3156,3,0,0,0
0.021745399143788802,0.9782546008562112,0.021745399143788802,94346,3156,3,0,0,0
0.021745399143788802,0.9782546008562112,0.021745399143788802,94342,3156,3,0,0,0
0.036226792086666966,0.963773207913333,0.036226792086666966,79036,2756,2,0,0,0
0.04131948475353748,0.9586805152464625,0.04131948475353748,79078,2756,2,0,0,0
0.0,1.0,0.0,79033,2756,2,0,0,0
0.13194161921728062,0.8680583807827194,0.13194161921728062,79049,2756,2,0,0,0
0.0,1.0,0.0,79037,2756,2,0,0,0
0.0,1.0,0.0,79041,2756,2,0,0,0
0.017423202321072823,0.9825767976789271,0.017423202321072823,79044,2756,2,0,0,0
0.07935065716248058,0.9206493428375194,0.07935065716248058,79079,2756,2,0,0,0
0.010787140352909775,0.9892128596470903,0.010787140352909775,79050,2756,2,0,0,0
0.03931189272352974,0.9606881072764702,0.03931189272352974,79081,2756,2,0,0,0
0.061030050810568,0.938969949189432,0.061030050810568,79045,2756,2,0,0,0
0.05527078316221058,0.9447292168377894,0.05527078316221058,79080,2756,2,0,0,0
0.026059894197055244,0.9739401058029448,0.026059894197055244,79035,2756,2,0,0,0
0.0,1.0,0.0,79047,2756,2,0,0,0
0.046144541732840605,0.9538554582671595,0.046144541732840605,79020,2756,2,0,0,0
0.030582226034156067,0.9694177739658439,0.030582226034156067,79022,2756,2,0,0,0
0.010373877097167899,0.9896261229028321,0.010373877097167899,79018,2756,2,0,0,0
0.0,1.0,0.0,79066,2756,2,0,0,0
0.14441126594465015,0.8555887340553499,0.14441126594465015,79027,2756,2,0,0,0
0.07662392461013369,0.9233760753898663,0.07662392461013369,79026,2756,2,0,0,0
0.16513169045989962,0.8348683095401004,0.16513169045989962,79083,2756,2,0,0,0
0.024957309833719545,0.9750426901662804,0.024957309833719545,79028,2756,2,0,0,0
0.11755669815636229,0.8824433018436377,0.11755669815636229,79034,2756,2,0,0,0
0.0064955476440769835,0.993504452355923,0.0064955476440769835,79029,2756,2,0,0,0
0.0,1.0,0.0,79031,2756,2,0,0,0
0.11202503263939889,0.8879749673606011,0.11202503263939889,79075,2756,2,0,0,0
0.03695365562101538,0.9630463443789846,0.03695365562101538,79042,2756,2,0,0,0
0.0,1.0,0.0,79021,2756,2,0,0,0
0.00029601793272824445,0.9997039820672717,0.00029601793272824445,79024,2756,2,0,0,0
0.15244460662691453,0.8475553933730855,0.15244460662691453,79030,2756,2,0,0,0
0.0,1.0,0.0,79051,2756,2,0,0,0
0.0,1.0,0.0,79086,2756,2,0,0,0
0.045582671760932836,0.9544173282390671,0.045582671760932836,79016,2756,2,0,0,0
0.018866925654016528,0.9811330743459835,0.018866925654016528,79014,2756,2,0,0,0
0.034749189399237615,0.9652508106007623,0.034749189399237615,79015,2756,2,0,0,0
0.08684344792048018,0.9131565520795198,0.08684344792048018,79063,2756,2,0,0,0
0.0706080075095411,0.9293919924904589,0.0706080075095411,79074,2756,2,0,0,0
0.08288543240331211,0.9171145675966879,0.08288543240331211,79048,2756,2,0,0,0
0.0,1.0,0.0,79065,2756,2,0,0,0
0.07514067456110146,0.9248593254388986,0.07514067456110146,79054,2756,2,0,0,0
0.08810402967507208,0.9118959703249279,0.08810402967507208,79085,2756,2,0,0,0
0.0,1.0,0.0,79077,2756,2,0,0,0
0.006792026499007148,0.9932079735009929,0.006792026499007148,79062,2756,2,0,0,0
0.048595786796212764,0.9514042132037872,0.048595786796212764,79025,2756,2,0,0,0
0.038947070026833036,0.9610529299731669,0.038947070026833036,79068,2756,2,0,0,0
0.017694832090992346,0.9823051679090077,0.017694832090992346,76239,2682,25,0,0,0
0.010970688424440114,0.9890293115755598,0.010970688424440114,76280,2682,25,0,0,0
0.009442937474685635,0.9905570625253144,0.009442937474685635,76236,2682,25,0,0,0
0.024977037480516925,0.9750229625194831,0.024977037480516925,76253,2682,25,0,0,0
0.035340273733422835,0.9646597262665771,0.035340273733422835,76240,2682,25,0,0,0
0.06877768473887313,0.9312223152611269,0.06877768473887313,76245,2682,25,0,0,0
0.015276819392881759,0.9847231806071183,0.015276819392881759,76248,2682,25,0,0,0
0.0,1.0,0.0,76281,2682,25,0,0,0
0.010797438446319862,0.9892025615536801,0.010797438446319862,76254,2682,25,0,0,0
0.009526821492318985,0.990473178507681,0.009526821492318985,76283,2682,25,0,0,0
0.00901427679840043,0.9909857232015996,0.00901427679840043,76249,2682,25,0,0,0
0.006901391965809831,0.9930986080341901,0.006901391965809831,76282,2682,25,0,0,0
0.0012799379341413009,0.9987200620658587,0.0012799379341413009,76238,2682,25,0,0,0
0.007493612733522526,0.9925063872664774,0.007493612733522526,76251,2682,25,0,0,0
0.0036788705688120763,0.9963211294311879,0.0036788705688120763,76223,2682,25,0,0,0
0.010130281816194728,0.9898697181838053,0.010130281816194728,76225,2682,25,0,0,0
0.010105595732920554,0.9898944042670794,0.010105595732920554,76221,2682,25,0,0,0
0.021351735650806624,0.9786482643491934,0.021351735650806624,76269,2682,25,0,0,0
0.06834453394581375,0.9316554660541863,0.06834453394581375,76230,2682,25,0,0,0
0.04104565551600213,0.9589543444839979,0.04104565551600213,76229,2682,25,0,0,0
0.06276471769207244,0.9372352823079275,0.06276471769207244,76285,2682,25,0,0,0
0.026661975274868074,0.973338024725132,0.026661975274868074,76231,2682,25,0,0,0
0.023842096184129365,0.9761579038158706,0.023842096184129365,76237,2682,25,0,0,0
0.023928978420208143,0.9760710215797919,0.023928978420208143,76232,2682,25,0,0,0
0.06093595880706914,0.9390640411929309,0.06093595880706914,76234,2682,25,0,0,0
0.07897455257857672,0.9210254474214232,0.07897455257857672,76277,2682,25,0,0,0
0.01741036630868222,0.9825896336913178,0.01741036630868222,76246,2682,25,0,0,0
0.023530245811693093,0.976469754188307,0.023530245811693093,76224,2682,25,0,0,0
0.08492437548766384,0.9150756245123361,0.08492437548766384,76227,2682,25,0,0,0
0.0,1.0,0.0,76233,2682,25,0,0,0
0.005855928911169578,0.9941440710888304,0.005855928911169578,76255,2682,25,0,0,0
0.010177882196497184,0.9898221178035028,0.010177882196497184,76288,2682,25,0,0,0
0.0,1.0,0.0,76219,2682,25,0,0,0
0.009950353879485552,0.9900496461205145,0.009950353879485552,76217,2682,25,0,0,0
0.011334814309490144,0.9886651856905099,0.011334814309490144,76218,2682,25,0,0,0
0.013649149385454033,0.986350850614546,0.013649149385454033,76267,2682,25,0,0,0
0.0,1.0,0.0,76276,2682,25,0,0,0
0.0,1.0,0.0,76252,2682,25,0,0,0
0.03310700589643782,0.9668929941035622,0.03310700589643782,76268,2682,25,0,0,0
0.08544186419498714,0.9145581358050129,0.08544186419498714,76258,2682,25,0,0,0
0.05603114136949064,0.9439688586305094,0.05603114136949064,76287,2682,25,0,0,0
0.0,1.0,0.0,76279,2682,25,0,0,0
0.10536833013137209,0.8946316698686279,0.10536833013137209,76266,2682,25,0,0,0
0.0843031266152784,0.9156968733847216,0.0843031266152784,76228,2682,25,0,0,0
0.013997594201880188,0.9860024057981198,0.013997594201880188,75653,2663,8,0,0,0
0.023483184872383767,0.9765168151276162,0.023483184872383767,75695,2663,8,0,0,0
0.012275393524148033,0.9877246064758519,0.012275393524148033,75651,2663,8,0,0,0
0.09083084133704507,0.9091691586629549,0.09083084133704507,75667,2663,8,0,0,0
0.01744025864071856,0.9825597413592815,0.01744025864071856,75654,2663,8,0,0,0
0.08615413769036512,0.9138458623096348,0.08615413769036512,75659,2663,8,0,0,0
0.0,1.0,0.0,75662,2663,8,0,0,0
0.0029780335520062703,0.9970219664479937,0.0029780335520062703,75696,2663,8,0,0,0
0.012838060940952658,0.9871619390590474,0.012838060940952658,75668,2663,8,0,0,0
0.024138056509422263,0.9758619434905778,0.024138056509422263,75698,2663,8,0,0,0
0.0011602450507005105,0.9988397549492994,0.0011602450507005105,75663,2663,8,0,0,0
0.0,1.0,0.0,75697,2663,8,0,0,0
0.003458782520979739,0.9965412174790202,0.003458782520979739,75704,2663,8,2,1,0
0.0,1.0,0.0,75665,2663,8,0,0,0
0.07487940947700263,0.9251205905229973,0.07487940947700263,75638,2663,8,0,0,0
0.012265414916178191,0.9877345850838218,0.012265414916178191,75640,2663,8,0,0,0
0.0,1.0,0.0,75636,2663,8,0,0,0
0.04062617394196012,0.9593738260580399,0.04062617394196012,75684,2663,8,0,0,0
0.027706269058460166,0.9722937309415398,0.027706269058460166,75645,2663,8,0,0,0
0.0,1.0,0.0,75644,2663,8,0,0,0
0.0548345664043045,0.9451654335956955,0.0548345664043045,75700,2663,8,0,0,0
0.014828421021733464,0.9851715789782666,0.014828421021733464,75646,2663,8,0,0,0
0.09322029479448186,0.9067797052055181,0.09322029479448186,75652,2663,8,0,0,0
0.0,1.0,0.0,75647,2663,8,0,0,0
0.0,1.0,0.0,75649,2663,8,0,0,0
0.021761794975432992,0.978238205024567,0.021761794975432992,75692,2663,8,0,0,0
0.015823862464780392,0.9841761375352196,0.015823862464780392,75660,2663,8,0,0,0
0.01903846263436757,0.9809615373656324,0.01903846263436757,75639,2663,8,0,0,0
0.022371403215212454,0.9776285967847875,0.022371403215212454,75642,2663,8,0,0,0
0.05118022149031133,0.9488197785096887,0.05118022149031133,75648,2663,8,0,0,0
0.0020609679282529367,0.9979390320717471,0.0020609679282529367,75669,2663,8,0,0,0
0.03649859104904505,0.9635014089509549,0.03649859104904505,75703,2663,8,0,0,0
0.01041128804507915,0.9895887119549208,0.01041128804507915,75634,2663,8,0,0,0
0.0,1.0,0.0,75632,2663,8,0,0,0
0.007673118324719667,0.9923268816752804,0.007673118324719667,75633,2663,8,0,0,0
0.006766774031431087,0.9932332259685689,0.006766774031431087,75681,2663,8,0,0,0
0.017934092156236713,0.9820659078437632,0.017934092156236713,75691,2663,8,0,0,0
0.015047188035602687,0.9849528119643973,0.015047188035602687,75666,2663,8,0,0,0
0.04330789359475545,0.9566921064052445,0.04330789359475545,75683,2663,8,0,0,0
0.0,1.0,0.0,75672,2663,8,0,0,0
0.0,1.0,0.0,75702,2663,8,0,0,0
0.0,1.0,0.0,75694,2663,8,0,0,0
0.11085870089077834,0.8891412991092217,0.11085870089077834,75680,2663,8,0,0,0
0.1359822224758615,0.8640177775241384,0.1359822224758615,75643,2663,8,0,0,0
0.025907495010859663,0.9740925049891404,0.025907495010859663,82861,2857,1,0,0,0
0.02200536983678249,0.9779946301632175,0.02200536983678249,82905,2857,1,0,0,0
0.013897715867573518,0.9861022841324265,0.013897715867573518,82858,2857,1,0,0,0
0.04358988521654967,0.9564101147834503,0.04358988521654967,82875,2857,1,0,0,0
0.027919785332118096,0.9720802146678819,0.027919785332118096,82862,2857,1,0,0,0
0.05017237669457475,0.9498276233054253,0.05017237669457475,82867,2857,1,0,0,0
0.011905809516353446,0.9880941904836466,0.011905809516353446,82870,2857,1,0,0,0
0.0,1.0,0.0,82906,2857,1,0,0,0
0.02069882092256748,0.9793011790774325,0.02069882092256748,82876,2857,1,0,0,0
0.02571096517591627,0.9742890348240837,0.02571096517591627,82908,2857,1,0,0,0
0.016607312806287022,0.983392687193713,0.016607312806287022,82871,2857,1,0,0,0
0.025804541096026628,0.9741954589039734,0.025804541096026628,82907,2857,1,0,0,0
0.013609732871027624,0.9863902671289724,0.013609732871027624,82860,2857,1,0,0,0
0.014637329302268364,0.9853626706977316,0.014637329302268364,82873,2857,1,0,0,0
0.012167952274040002,0.98783204772596,0.012167952274040002,82845,2857,1,0,0,0
0.02379183017559559,0.9762081698244044,0.02379183017559559,82847,2857,1,0,0,0
0.013365869680446897,0.986634130319553,0.013365869680446897,82843,2857,1,0,0,0
0.03961312633856422,0.9603868736614358,0.03961312633856422,82892,2857,1,0,0,0
0.030076047738919365,0.9699239522610806,0.030076047738919365,82852,2857,1,0,0,0
0.026065512466545263,0.9739344875334547,0.026065512466545263,82851,2857,1,0,0,0
0.05644102802469448,0.9435589719753055,0.05644102802469448,82910,2857,1,0,0,0
0.032450860493028505,0.9675491395069715,0.032450860493028505,82853,2857,1,0,0,0
0.029496301791763983,0.970503698208236,0.029496301791763983,82859,2857,1,0,0,0
0.024656174344517272,0.9753438256554827,0.024656174344517272,82854,2857,1,0,0,0
0.01529595138327075,0.9847040486167292,0.01529595138327075,82856,2857,1,0,0,0
0.02347752554096225,0.9765224744590377,0.02347752554096225,82901,2857,1,0,0,0
0.01626508628284769,0.9837349137171523,0.01626508628284769,82868,2857,1,0,0,0
0.01823761036068776,0.9817623896393123,0.01823761036068776,82846,2857,1,0,0,0
0.024384321797753638,0.9756156782022464,0.024384321797753638,82849,2857,1,0,0,0
0.0,1.0,0.0,82855,2857,1,0,0,0
0.00818919214455883,0.9918108078554412,0.00818919214455883,82877,2857,1,0,0,0
0.0028202815337633053,0.9971797184662367,0.0028202815337633053,82913,2857,1,0,0,0
0.006666300753537392,0.9933336992464626,0.006666300753537392,82842,2857,1,0,0,0
0.02314223016558402,0.976857769834416,0.02314223016558402,82840,2857,1,0,0,0
0.006396461125633799,0.9936035388743663,0.006396461125633799,82841,2857,1,0,0,0
0.011494684922440502,0.9885053150775595,0.011494684922440502,82889,2857,1,0,0,0
0.00018577215907018135,0.9998142278409298,0.00018577215907018135,82900,2857,1,0,0,0
0.004187564106963953,0.995812435893036,0.004187564106963953,82874,2857,1,0,0,0
0.024289718076553536,0.9757102819234464,0.024289718076553536,82891,2857,1,0,0,0
0.05560032305956531,0.9443996769404347,0.05560032305956531,82880,2857,1,0,0,0
0.034178066805081585,0.9658219331949184,0.034178066805081585,82912,2857,1,0,0,0
0.0,1.0,0.0,82904,2857,1,0,0,0
0.08673677036994232,0.9132632296300577,0.08673677036994232,82888,2857,1,0,0,0
0.048772367980913806,0.9512276320190862,0.048772367980913806,82850,2857,1,0,0,0
0.021585160202360877,0.9784148397976391,0.021585160202360877,82894,2857,1,0,0,0
0.025907495010859663,0.9740925049891404,0.025907495010859663,91506,3083,1,0,0,0
0.02200536983678249,0.9779946301632175,0.02200536983678249,91550,3083,1,0,0,0
0.013897715867573518,0.9861022841324265,0.013897715867573518,91503,3083,1,0,0,0
0.04358988521654967,0.9564101147834503,0.04358988521654967,91520,3083,1,0,0,0
0.027919785332118096,0.9720802146678819,0.027919785332118096,91507,3083,1,0,0,0
0.05017237669457475,0.9498276233054253,0.05017237669457475,91512,3083,1,0,0,0
0.011905809516353446,0.9880941904836466,0.011905809516353446,91515,3083,1,0,0,0
0.0,1.0,0.0,91552,3083,1,0,0,0
0.02069882092256748,0.9793011790774325,0.02069882092256748,91521,3083,1,0,0,0
0.02571096517591627,0.9742890348240837,0.02571096517591627,91554,3083,1,0,0,0
0.016607312806287022,0.983392687193713,0.016607312806287022,91516,3083,1,0,0,0
0.025804541096026628,0.9741954589039734,0.025804541096026628,91553,3083,1,0,0,0
0.013609732871027624,0.9863902671289724,0.013609732871027624,91505,3083,1,0,0,0
0.014637329302268364,0.9853626706977316,0.014637329302268364,91518,3083,1,0,0,0
0.012167952274040002,0.98783204772596,0.012167952274040002,91490,3083,1,0,0,0
0.02379183017559559,0.9762081698244044,0.02379183017559559,91492,3083,1,0,0,0
0.013365869680446897,0.986634130319553,0.013365869680446897,91488,3083,1,0,0,0
0.03961312633856422,0.9603868736614358,0.03961312633856422,91536,3083,1,0,0,0
0.030076047738919365,0.9699239522610806,0.030076047738919365,91497,3083,1,0,0,0
0.026065512466545263,0.9739344875334547,0.026065512466545263,91496,3083,1,0,0,0
0.05644102802469448,0.9435589719753055,0.05644102802469448,91557,3083,1,0,0,0
0.032450860493028505,0.9675491395069715,0.032450860493028505,91498,3083,1,0,0,0
0.029496301791763983,0.970503698208236,0.029496301791763983,91504,3083,1,0,0,0
0.024656174344517272,0.9753438256554827,0.024656174344517272,91499,3083,1,0,0,0
0.01529595138327075,0.9847040486167292,0.01529595138327075,91501,3083,1,0,0,0
0.02347752554096225,0.9765224744590377,0.02347752554096225,91545,3083,1,0,0,0
0.01626508628284769,0.9837349137171523,0.01626508628284769,91513,3083,1,0,0,0
0.01823761036068776,0.9817623896393123,0.01823761036068776,91491,3083,1,0,0,0
0.024384321797753638,0.9756156782022464,0.024384321797753638,91494,3083,1,0,0,0
0.0,1.0,0.0,91500,3083,1,0,0,0
0.00818919214455883,0.9918108078554412,0.00818919214455883,91522,3083,1,0,0,0
0.0028202815337633053,0.9971797184662367,0.0028202815337633053,91560,3083,1,0,0,0
0.006666300753537392,0.9933336992464626,0.006666300753537392,91486,3083,1,0,0,0
0.02314223016558402,0.976857769834416,0.02314223016558402,91484,3083,1,0,0,0
0.006396461125633799,0.9936035388743663,0.006396461125633799,91485,3083,1,0,0,0
0.011494684922440502,0.9885053150775595,0.011494684922440502,91534,3083,1,0,0,0
0.00018577215907018135,0.9998142278409298,0.00018577215907018135,91544,3083,1,0,0,0
0.004187564106963953,0.995812435893036,0.004187564106963953,91519,3083,1,0,0,0
0.024289718076553536,0.9757102819234464,0.024289718076553536,91561,3083,1,2,1,0
0.05560032305956531,0.9443996769404347,0.05560032305956531,91525,3083,1,0,0,0
0.034178066805081585,0.9658219331949184,0.034178066805081585,91559,3083,1,0,0,0
0.0,1.0,0.0,91549,3083,1,0,0,0
0.08673677036994232,0.9132632296300577,0.08673677036994232,91533,3083,1,0,0,0
0.048772367980913806,0.9512276320190862,0.048772367980913806,91495,3083,1,0,0,0
0.021585160202360877,0.9784148397976391,0.021585160202360877,91538,3083,1,0,0,0
0.021585160202360877,0.9784148397976391,0.021585160202360877,91555,3083,1,0,0,0
0.021585160202360877,0.9784148397976391,0.021585160202360877,91551,3083,1,0,0,0
