0,label_0,label_1,label_2,application,task_id,employer_total_tasks_so_far,truth,hire_positive_truth,hire_negative_truth
0.6534617406025729,0.3465382593974271,0.6534617406025729,0.6534617406025729,397281,9552,6,0,0,0
0.8247678764097112,0.17523212359028884,0.8247678764097112,0.8247678764097112,397331,9552,6,0,0,0
0.7458415604830958,0.2541584395169042,0.7458415604830958,0.7458415604830958,397278,9552,6,0,0,0
0.9157792568909319,0.08422074310906813,0.9157792568909319,0.9157792568909319,397296,9552,6,0,0,0
0.7853087198588141,0.21469128014118588,0.7853087198588141,0.7853087198588141,397282,9552,6,0,0,0
0.6001296095092116,0.39987039049078843,0.6001296095092116,0.6001296095092116,397288,9552,6,0,0,0
0.6728322416032526,0.3271677583967474,0.6728322416032526,0.6728322416032526,397291,9552,6,0,0,0
0.8089652634320119,0.19103473656798808,0.8089652634320119,0.8089652634320119,397335,9552,6,0,0,0
0.7411494132635228,0.2588505867364772,0.7411494132635228,0.7411494132635228,397297,9552,6,0,0,0
0.8647546714201062,0.1352453285798938,0.8647546714201062,0.8647546714201062,397337,9552,6,0,0,0
0.6899938852264628,0.31000611477353723,0.6899938852264628,0.6899938852264628,397292,9552,6,0,0,0
0.8137291696249637,0.18627083037503633,0.8137291696249637,0.8137291696249637,397336,9552,6,0,0,0
0.9334074255203673,0.06659257447963274,0.9334074255203673,0.9334074255203673,397280,9552,6,0,0,0
0.6044244714089564,0.3955755285910436,0.6044244714089564,0.6044244714089564,397294,9552,6,0,0,0
0.7909431349947195,0.20905686500528053,0.7909431349947195,0.7909431349947195,397264,9552,6,0,0,0
0.7304832397146823,0.2695167602853177,0.7304832397146823,0.7304832397146823,397266,9552,6,0,0,0
0.6883927226000698,0.3116072773999302,0.6883927226000698,0.6883927226000698,397260,9552,6,0,0,0
0.5644679956838856,0.4355320043161144,0.5644679956838856,0.5644679956838856,397314,9552,6,0,0,0
0.7463378728835339,0.2536621271164661,0.7463378728835339,0.7463378728835339,397271,9552,6,0,0,0
0.8651424574790776,0.1348575425209224,0.8651424574790776,0.8651424574790776,397270,9552,6,0,0,0
0.7802735033254394,0.21972649667456057,0.7802735033254394,0.7802735033254394,397345,9552,6,0,0,0
0.9953462583402989,0.004653741659701116,0.9953462583402989,0.9953462583402989,397272,9552,6,0,0,0
0.8663214538741402,0.13367854612585983,0.8663214538741402,0.8663214538741402,397279,9552,6,0,0,0
0.7453969088037758,0.25460309119622415,0.7453969088037758,0.7453969088037758,397273,9552,6,0,0,0
0.7602584651859181,0.2397415348140819,0.7602584651859181,0.7602584651859181,397275,9552,6,0,0,0
0.8140772262419551,0.1859227737580449,0.8140772262419551,0.8140772262419551,397325,9552,6,0,0,0
0.764052820437478,0.23594717956252198,0.764052820437478,0.764052820437478,397289,9552,6,0,0,0
0.8460723929589724,0.1539276070410276,0.8460723929589724,0.8460723929589724,397265,9552,6,0,0,0
0.7608076742656527,0.23919232573434734,0.7608076742656527,0.7608076742656527,397268,9552,6,0,0,0
0.8500571362169146,0.1499428637830854,0.8500571362169146,0.8500571362169146,397274,9552,6,0,0,0
0.6556895513119668,0.3443104486880332,0.6556895513119668,0.6556895513119668,397298,9552,6,0,0,0
0.8352138560110184,0.16478614398898161,0.8352138560110184,0.8352138560110184,397355,9552,6,2,1,0
0.6674471822290248,0.33255281777097523,0.6674471822290248,0.6674471822290248,397258,9552,6,0,0,0
0.760371173241417,0.239628826758583,0.760371173241417,0.760371173241417,397256,9552,6,0,0,0
0.9982399808642382,0.0017600191357618478,0.9982399808642382,0.9982399808642382,397257,9552,6,0,0,0
0.819988399451345,0.18001160054865495,0.819988399451345,0.819988399451345,397311,9552,6,0,0,0
0.9291933588549391,0.07080664114506086,0.9291933588549391,0.9291933588549391,397324,9552,6,0,0,0
0.8087510203244017,0.19124897967559829,0.8087510203244017,0.8087510203244017,397295,9552,6,0,0,0
0.7797569881070117,0.22024301189298834,0.7797569881070117,0.7797569881070117,397313,9552,6,0,0,0
0.6254219802280246,0.37457801977197536,0.6254219802280246,0.6254219802280246,397302,9552,6,0,0,0
0.9614478616835122,0.03855213831648785,0.9614478616835122,0.9614478616835122,397349,9552,6,0,0,0
0.9047228630906227,0.09527713690937734,0.9047228630906227,0.9047228630906227,397329,9552,6,0,0,0
0.8963562937803866,0.10364370621961339,0.8963562937803866,0.8963562937803866,397310,9552,6,0,0,0
0.9858166570719695,0.014183342928030473,0.9858166570719695,0.9858166570719695,397269,9552,6,0,0,0
0.8850780088974783,0.11492199110252166,0.8850780088974783,0.8850780088974783,397316,9552,6,0,0,0
0.7560014373197688,0.24399856268023123,0.7560014373197688,0.7560014373197688,397340,9552,6,0,0,0
0.7966831560504533,0.20331684394954674,0.7966831560504533,0.7966831560504533,397334,9552,6,0,0,0
0.7805150914011553,0.21948490859884473,0.7805150914011553,0.7805150914011553,397330,9552,6,0,0,0
0.8999130921297395,0.10008690787026053,0.8999130921297395,0.8999130921297395,397339,9552,6,0,0,0
0.9417690097257376,0.05823099027426237,0.9417690097257376,0.9417690097257376,397343,9552,6,0,0,0
0.7387480463537619,0.2612519536462381,0.7387480463537619,0.7387480463537619,397333,9552,6,0,0,0
0.9371068667281481,0.06289313327185186,0.9371068667281481,0.9371068667281481,397341,9552,6,0,0,0
0.9334813919140362,0.06651860808596377,0.9334813919140362,0.9334813919140362,397323,9552,6,0,0,0
0.8400990880451509,0.15990091195484912,0.8400990880451509,0.8400990880451509,397338,9552,6,0,0,0
0.8570876308820883,0.14291236911791172,0.8570876308820883,0.8570876308820883,397346,9552,6,0,0,0
0.8463226769275897,0.15367732307241033,0.8463226769275897,0.8463226769275897,397353,9552,6,0,0,0
0.6266564452350795,0.37334355476492054,0.6266564452350795,0.6266564452350795,397348,9552,6,0,0,0
0.7012043029517102,0.2987956970482898,0.7012043029517102,0.7012043029517102,397317,9552,6,0,0,0
0.9660345872193566,0.033965412780643356,0.9660345872193566,0.9660345872193566,397006,9543,3,0,0,0
0.8348792172310108,0.16512078276898923,0.8348792172310108,0.8348792172310108,397056,9543,3,0,0,0
0.8574253827986665,0.14257461720133346,0.8574253827986665,0.8574253827986665,397003,9543,3,0,0,0
0.9436814450910096,0.056318554908990404,0.9436814450910096,0.9436814450910096,397021,9543,3,0,0,0
0.8826104135632733,0.1173895864367267,0.8826104135632733,0.8826104135632733,397007,9543,3,0,0,0
0.7721218631029387,0.22787813689706127,0.7721218631029387,0.7721218631029387,397013,9543,3,0,0,0
0.8189302563445349,0.18106974365546513,0.8189302563445349,0.8189302563445349,397016,9543,3,0,0,0
0.8481668758715337,0.15183312412846628,0.8481668758715337,0.8481668758715337,397060,9543,3,0,0,0
0.9173666871038134,0.08263331289618658,0.9173666871038134,0.9173666871038134,397022,9543,3,0,0,0
0.9795012485406412,0.020498751459358755,0.9795012485406412,0.9795012485406412,397062,9543,3,0,0,0
0.8706583420736406,0.12934165792635943,0.8706583420736406,0.8706583420736406,397017,9543,3,0,0,0
0.9451175043464182,0.05488249565358183,0.9451175043464182,0.9451175043464182,397061,9543,3,0,0,0
1.0,0.0,1.0,1.0,397005,9543,3,0,0,0
0.8737043635470232,0.1262956364529768,0.8737043635470232,0.8737043635470232,397019,9543,3,0,0,0
0.9204750954092094,0.07952490459079065,0.9204750954092094,0.9204750954092094,396989,9543,3,0,0,0
0.8856062978561154,0.11439370214388456,0.8856062978561154,0.8856062978561154,396991,9543,3,0,0,0
0.908088456030686,0.091911543969314,0.908088456030686,0.908088456030686,396985,9543,3,0,0,0
0.7953886901242233,0.2046113098757767,0.7953886901242233,0.7953886901242233,397039,9543,3,0,0,0
0.9414032947827481,0.05859670521725191,0.9414032947827481,0.9414032947827481,396996,9543,3,0,0,0
0.9870759515638401,0.012924048436159907,0.9870759515638401,0.9870759515638401,396995,9543,3,0,0,0
0.9395808767795814,0.06041912322041865,0.9395808767795814,0.9395808767795814,397070,9543,3,0,0,0
0.720318377570842,0.27968162242915795,0.720318377570842,0.720318377570842,396997,9543,3,0,0,0
0.8684320718712762,0.13156792812872375,0.8684320718712762,0.8684320718712762,397004,9543,3,0,0,0
0.8969412685148016,0.1030587314851984,0.8969412685148016,0.8969412685148016,396998,9543,3,0,0,0
0.9842141816153237,0.015785818384676298,0.9842141816153237,0.9842141816153237,397000,9543,3,0,0,0
0.9702033660789045,0.02979663392109555,0.9702033660789045,0.9702033660789045,397050,9543,3,0,0,0
0.818402235537911,0.18159776446208897,0.818402235537911,0.818402235537911,397014,9543,3,0,0,0
0.8790828719214714,0.12091712807852861,0.8790828719214714,0.8790828719214714,396990,9543,3,0,0,0
0.871015542361086,0.12898445763891397,0.871015542361086,0.871015542361086,396993,9543,3,0,0,0
0.896754314422326,0.103245685577674,0.896754314422326,0.896754314422326,396999,9543,3,0,0,0
0.7286044604132672,0.2713955395867328,0.7286044604132672,0.7286044604132672,397023,9543,3,0,0,0
0.7319068118858079,0.26809318811419214,0.7319068118858079,0.7319068118858079,397078,9543,3,0,0,0
0.8354616644377708,0.1645383355622292,0.8354616644377708,0.8354616644377708,396983,9543,3,0,0,0
1.0,0.0,1.0,1.0,396981,9543,3,0,0,0
1.0,0.0,1.0,1.0,396982,9543,3,0,0,0
1.0,0.0,1.0,1.0,397036,9543,3,0,0,0
0.8688083803061251,0.13119161969387494,0.8688083803061251,0.8688083803061251,397049,9543,3,0,0,0
0.732558966279063,0.26744103372093697,0.732558966279063,0.732558966279063,397020,9543,3,0,0,0
0.9379172579695357,0.062082742030464266,0.9379172579695357,0.9379172579695357,397038,9543,3,0,0,0
0.7435801185458761,0.25641988145412387,0.7435801185458761,0.7435801185458761,397027,9543,3,0,0,0
1.0,0.0,1.0,1.0,397074,9543,3,0,0,0
0.9617561296824834,0.03824387031751664,0.9617561296824834,0.9617561296824834,397054,9543,3,0,0,0
1.0,0.0,1.0,1.0,397035,9543,3,0,0,0
1.0,0.0,1.0,1.0,396994,9543,3,0,0,0
1.0,0.0,1.0,1.0,397041,9543,3,0,0,0
1.0,0.0,1.0,1.0,397065,9543,3,0,0,0
0.8566961372462547,0.1433038627537453,0.8566961372462547,0.8566961372462547,397059,9543,3,0,0,0
0.9135416872032474,0.08645831279675265,0.9135416872032474,0.9135416872032474,397055,9543,3,0,0,0
0.7677825664261098,0.23221743357389024,0.7677825664261098,0.7677825664261098,397064,9543,3,0,0,0
0.9077539068779934,0.0922460931220066,0.9077539068779934,0.9077539068779934,397068,9543,3,0,0,0
1.0,0.0,1.0,1.0,397058,9543,3,0,0,0
0.908362231691676,0.09163776830832404,0.908362231691676,0.908362231691676,397066,9543,3,0,0,0
0.8223148723790287,0.17768512762097133,0.8223148723790287,0.8223148723790287,397048,9543,3,0,0,0
0.8372920322738455,0.16270796772615448,0.8372920322738455,0.8372920322738455,397063,9543,3,0,0,0
0.8968729552206688,0.10312704477933121,0.8968729552206688,0.8968729552206688,397071,9543,3,0,0,0
1.0,0.0,1.0,1.0,397077,9543,3,0,0,0
0.7484251032253603,0.25157489677463973,0.7484251032253603,0.7484251032253603,397073,9543,3,0,0,0
0.909555788726597,0.09044421127340296,0.909555788726597,0.909555788726597,397042,9543,3,0,0,0
0.9044840568351118,0.0955159431648882,0.9044840568351118,0.9044840568351118,397524,9556,47,0,0,0
0.868920957512189,0.131079042487811,0.868920957512189,0.868920957512189,397573,9556,47,0,0,0
0.8958423423489622,0.1041576576510378,0.8958423423489622,0.8958423423489622,397521,9556,47,0,0,0
1.0,0.0,1.0,1.0,397538,9556,47,0,0,0
0.9717088149494872,0.028291185050512757,0.9717088149494872,0.9717088149494872,397525,9556,47,0,0,0
0.8231543050252222,0.17684569497477776,0.8231543050252222,0.8231543050252222,397530,9556,47,0,0,0
0.8295715932001522,0.17042840679984783,0.8295715932001522,0.8295715932001522,397533,9556,47,0,0,0
0.9646587601806139,0.03534123981938608,0.9646587601806139,0.9646587601806139,397577,9556,47,0,0,0
0.9933386052805653,0.006661394719434721,0.9933386052805653,0.9933386052805653,397539,9556,47,0,0,0
1.0,0.0,1.0,1.0,397579,9556,47,0,0,0
0.720253838801166,0.279746161198834,0.720253838801166,0.720253838801166,397534,9556,47,0,0,0
1.0,0.0,1.0,1.0,397578,9556,47,0,0,0
1.0,0.0,1.0,1.0,397523,9556,47,0,0,0
0.7446429382109454,0.2553570617890546,0.7446429382109454,0.7446429382109454,397536,9556,47,0,0,0
0.8941525745196123,0.10584742548038772,0.8941525745196123,0.8941525745196123,397507,9556,47,0,0,0
1.0,0.0,1.0,1.0,397509,9556,47,0,0,0
0.8695315972936757,0.13046840270632432,0.8695315972936757,0.8695315972936757,397503,9556,47,0,0,0
0.7846245165501137,0.21537548344988633,0.7846245165501137,0.7846245165501137,397556,9556,47,0,0,0
1.0,0.0,1.0,1.0,397514,9556,47,0,0,0
0.9339189889900692,0.0660810110099308,0.9339189889900692,0.9339189889900692,397513,9556,47,0,0,0
0.8206405012690493,0.1793594987309507,0.8206405012690493,0.8206405012690493,397587,9556,47,0,0,0
0.8775115443692192,0.12248845563078081,0.8775115443692192,0.8775115443692192,397515,9556,47,0,0,0
0.8386767478964755,0.1613232521035245,0.8386767478964755,0.8386767478964755,397522,9556,47,0,0,0
0.8851136312087756,0.11488636879122438,0.8851136312087756,0.8851136312087756,397516,9556,47,0,0,0
0.9731867371199315,0.026813262880068467,0.9731867371199315,0.9731867371199315,397518,9556,47,0,0,0
1.0,0.0,1.0,1.0,397567,9556,47,0,0,0
0.6492587620688779,0.3507412379311221,0.6492587620688779,0.6492587620688779,397531,9556,47,0,0,0
0.7630760663716765,0.23692393362832354,0.7630760663716765,0.7630760663716765,397508,9556,47,0,0,0
0.8544163485858425,0.14558365141415752,0.8544163485858425,0.8544163485858425,397511,9556,47,0,0,0
1.0,0.0,1.0,1.0,397517,9556,47,0,0,0
0.7716703576338899,0.22832964236611009,0.7716703576338899,0.7716703576338899,397540,9556,47,0,0,0
0.827400903371771,0.17259909662822903,0.827400903371771,0.827400903371771,397596,9556,47,0,0,0
0.9271979738133554,0.07280202618664455,0.9271979738133554,0.9271979738133554,397501,9556,47,0,0,0
0.7383043062193727,0.2616956937806273,0.7383043062193727,0.7383043062193727,397499,9556,47,0,0,0
1.0,0.0,1.0,1.0,397500,9556,47,0,0,0
0.8541677918690311,0.14583220813096887,0.8541677918690311,0.8541677918690311,397553,9556,47,0,0,0
0.8174974134263073,0.18250258657369267,0.8174974134263073,0.8174974134263073,397566,9556,47,0,0,0
1.0,0.0,1.0,1.0,397537,9556,47,0,0,0
0.9861725466852849,0.013827453314715132,0.9861725466852849,0.9861725466852849,397555,9556,47,0,0,0
0.7845723435855276,0.21542765641447237,0.7845723435855276,0.7845723435855276,397544,9556,47,0,0,0
0.9314238641856263,0.06857613581437372,0.9314238641856263,0.9314238641856263,397591,9556,47,0,0,0
0.9522400501666114,0.047759949833388604,0.9522400501666114,0.9522400501666114,397571,9556,47,0,0,0
0.948842303807573,0.05115769619242705,0.948842303807573,0.948842303807573,397552,9556,47,0,0,0
0.7857991281416734,0.2142008718583266,0.7857991281416734,0.7857991281416734,397512,9556,47,0,0,0
1.0,0.0,1.0,1.0,397558,9556,47,0,0,0
0.912879031705408,0.08712096829459204,0.912879031705408,0.912879031705408,397582,9556,47,0,0,0
0.9884251638254499,0.01157483617455013,0.9884251638254499,0.9884251638254499,397576,9556,47,0,0,0
1.0,0.0,1.0,1.0,397572,9556,47,0,0,0
0.8499591494957494,0.15004085050425064,0.8499591494957494,0.8499591494957494,397581,9556,47,0,0,0
1.0,0.0,1.0,1.0,397585,9556,47,0,0,0
0.9405112805286621,0.059488719471337936,0.9405112805286621,0.9405112805286621,397575,9556,47,0,0,0
0.9504749590719748,0.04952504092802523,0.9504749590719748,0.9504749590719748,397583,9556,47,0,0,0
1.0,0.0,1.0,1.0,397565,9556,47,0,0,0
0.9897496372531565,0.010250362746843544,0.9897496372531565,0.9897496372531565,397580,9556,47,0,0,0
0.8662409935981963,0.13375900640180372,0.8662409935981963,0.8662409935981963,397588,9556,47,0,0,0
0.9526082011362218,0.0473917988637782,0.9526082011362218,0.9526082011362218,397595,9556,47,0,0,0
0.7508900140728549,0.24910998592714506,0.7508900140728549,0.7508900140728549,397590,9556,47,0,0,0
0.8482994461668789,0.1517005538331211,0.8482994461668789,0.8482994461668789,397559,9556,47,0,0,0
0.9044840568351118,0.0955159431648882,0.9044840568351118,0.9044840568351118,399628,9598,48,0,0,0
0.868920957512189,0.131079042487811,0.868920957512189,0.868920957512189,399678,9598,48,0,0,0
0.8958423423489622,0.1041576576510378,0.8958423423489622,0.8958423423489622,399625,9598,48,0,0,0
1.0,0.0,1.0,1.0,399643,9598,48,0,0,0
0.9717088149494872,0.028291185050512757,0.9717088149494872,0.9717088149494872,399629,9598,48,0,0,0
0.8231543050252222,0.17684569497477776,0.8231543050252222,0.8231543050252222,399635,9598,48,0,0,0
0.8295715932001522,0.17042840679984783,0.8295715932001522,0.8295715932001522,399638,9598,48,0,0,0
0.9646587601806139,0.03534123981938608,0.9646587601806139,0.9646587601806139,399682,9598,48,0,0,0
0.9933386052805653,0.006661394719434721,0.9933386052805653,0.9933386052805653,399644,9598,48,0,0,0
1.0,0.0,1.0,1.0,399684,9598,48,0,0,0
0.720253838801166,0.279746161198834,0.720253838801166,0.720253838801166,399639,9598,48,0,0,0
1.0,0.0,1.0,1.0,399683,9598,48,0,0,0
1.0,0.0,1.0,1.0,399627,9598,48,0,0,0
0.7446429382109454,0.2553570617890546,0.7446429382109454,0.7446429382109454,399641,9598,48,0,0,0
0.8941525745196123,0.10584742548038772,0.8941525745196123,0.8941525745196123,399611,9598,48,0,0,0
1.0,0.0,1.0,1.0,399613,9598,48,0,0,0
0.8695315972936757,0.13046840270632432,0.8695315972936757,0.8695315972936757,399607,9598,48,0,0,0
0.7846245165501137,0.21537548344988633,0.7846245165501137,0.7846245165501137,399661,9598,48,0,0,0
1.0,0.0,1.0,1.0,399618,9598,48,0,0,0
0.9339189889900692,0.0660810110099308,0.9339189889900692,0.9339189889900692,399617,9598,48,0,0,0
0.8206405012690493,0.1793594987309507,0.8206405012690493,0.8206405012690493,399692,9598,48,0,0,0
0.8775115443692192,0.12248845563078081,0.8775115443692192,0.8775115443692192,399619,9598,48,0,0,0
0.8386767478964755,0.1613232521035245,0.8386767478964755,0.8386767478964755,399626,9598,48,0,0,0
0.8851136312087756,0.11488636879122438,0.8851136312087756,0.8851136312087756,399620,9598,48,0,0,0
0.9731867371199315,0.026813262880068467,0.9731867371199315,0.9731867371199315,399622,9598,48,0,0,0
1.0,0.0,1.0,1.0,399672,9598,48,0,0,0
0.6492587620688779,0.3507412379311221,0.6492587620688779,0.6492587620688779,399636,9598,48,0,0,0
0.7630760663716765,0.23692393362832354,0.7630760663716765,0.7630760663716765,399612,9598,48,0,0,0
0.8544163485858425,0.14558365141415752,0.8544163485858425,0.8544163485858425,399615,9598,48,0,0,0
1.0,0.0,1.0,1.0,399621,9598,48,0,0,0
0.7716703576338899,0.22832964236611009,0.7716703576338899,0.7716703576338899,399645,9598,48,0,0,0
0.827400903371771,0.17259909662822903,0.827400903371771,0.827400903371771,399700,9598,48,0,0,0
0.9271979738133554,0.07280202618664455,0.9271979738133554,0.9271979738133554,399605,9598,48,0,0,0
0.7383043062193727,0.2616956937806273,0.7383043062193727,0.7383043062193727,399603,9598,48,0,0,0
1.0,0.0,1.0,1.0,399604,9598,48,0,0,0
0.8541677918690311,0.14583220813096887,0.8541677918690311,0.8541677918690311,399658,9598,48,0,0,0
0.8174974134263073,0.18250258657369267,0.8174974134263073,0.8174974134263073,399671,9598,48,0,0,0
1.0,0.0,1.0,1.0,399642,9598,48,0,0,0
0.9861725466852849,0.013827453314715132,0.9861725466852849,0.9861725466852849,399660,9598,48,0,0,0
0.7845723435855276,0.21542765641447237,0.7845723435855276,0.7845723435855276,399649,9598,48,0,0,0
0.9314238641856263,0.06857613581437372,0.9314238641856263,0.9314238641856263,399696,9598,48,0,0,0
0.9522400501666114,0.047759949833388604,0.9522400501666114,0.9522400501666114,399676,9598,48,0,0,0
0.948842303807573,0.05115769619242705,0.948842303807573,0.948842303807573,399657,9598,48,0,0,0
0.7857991281416734,0.2142008718583266,0.7857991281416734,0.7857991281416734,399616,9598,48,0,0,0
1.0,0.0,1.0,1.0,399663,9598,48,0,0,0
0.912879031705408,0.08712096829459204,0.912879031705408,0.912879031705408,399687,9598,48,0,0,0
0.9884251638254499,0.01157483617455013,0.9884251638254499,0.9884251638254499,399681,9598,48,0,0,0
1.0,0.0,1.0,1.0,399677,9598,48,0,0,0
0.8499591494957494,0.15004085050425064,0.8499591494957494,0.8499591494957494,399686,9598,48,0,0,0
1.0,0.0,1.0,1.0,399690,9598,48,0,0,0
0.9405112805286621,0.059488719471337936,0.9405112805286621,0.9405112805286621,399680,9598,48,0,0,0
0.9504749590719748,0.04952504092802523,0.9504749590719748,0.9504749590719748,399688,9598,48,0,0,0
1.0,0.0,1.0,1.0,399670,9598,48,0,0,0
0.9897496372531565,0.010250362746843544,0.9897496372531565,0.9897496372531565,399685,9598,48,0,0,0
0.8662409935981963,0.13375900640180372,0.8662409935981963,0.8662409935981963,399693,9598,48,0,0,0
0.9526082011362218,0.0473917988637782,0.9526082011362218,0.9526082011362218,399702,9598,48,2,1,0
0.7508900140728549,0.24910998592714506,0.7508900140728549,0.7508900140728549,399695,9598,48,0,0,0
0.8482994461668789,0.1517005538331211,0.8482994461668789,0.8482994461668789,399664,9598,48,0,0,0
0.9044840568351118,0.0955159431648882,0.9044840568351118,0.9044840568351118,400440,9613,49,0,0,0
0.868920957512189,0.131079042487811,0.868920957512189,0.868920957512189,400490,9613,49,0,0,0
0.8958423423489622,0.1041576576510378,0.8958423423489622,0.8958423423489622,400437,9613,49,0,0,0
1.0,0.0,1.0,1.0,400455,9613,49,0,0,0
0.9717088149494872,0.028291185050512757,0.9717088149494872,0.9717088149494872,400441,9613,49,0,0,0
0.8231543050252222,0.17684569497477776,0.8231543050252222,0.8231543050252222,400447,9613,49,0,0,0
0.8295715932001522,0.17042840679984783,0.8295715932001522,0.8295715932001522,400450,9613,49,0,0,0
0.9646587601806139,0.03534123981938608,0.9646587601806139,0.9646587601806139,400494,9613,49,0,0,0
0.9933386052805653,0.006661394719434721,0.9933386052805653,0.9933386052805653,400456,9613,49,0,0,0
1.0,0.0,1.0,1.0,400496,9613,49,0,0,0
0.720253838801166,0.279746161198834,0.720253838801166,0.720253838801166,400451,9613,49,0,0,0
1.0,0.0,1.0,1.0,400495,9613,49,0,0,0
1.0,0.0,1.0,1.0,400439,9613,49,0,0,0
0.7446429382109454,0.2553570617890546,0.7446429382109454,0.7446429382109454,400453,9613,49,0,0,0
0.8941525745196123,0.10584742548038772,0.8941525745196123,0.8941525745196123,400423,9613,49,0,0,0
1.0,0.0,1.0,1.0,400425,9613,49,0,0,0
0.8695315972936757,0.13046840270632432,0.8695315972936757,0.8695315972936757,400419,9613,49,0,0,0
0.7846245165501137,0.21537548344988633,0.7846245165501137,0.7846245165501137,400473,9613,49,0,0,0
1.0,0.0,1.0,1.0,400430,9613,49,0,0,0
0.9339189889900692,0.0660810110099308,0.9339189889900692,0.9339189889900692,400429,9613,49,0,0,0
0.8206405012690493,0.1793594987309507,0.8206405012690493,0.8206405012690493,400504,9613,49,0,0,0
0.8775115443692192,0.12248845563078081,0.8775115443692192,0.8775115443692192,400431,9613,49,0,0,0
0.8386767478964755,0.1613232521035245,0.8386767478964755,0.8386767478964755,400438,9613,49,0,0,0
0.8851136312087756,0.11488636879122438,0.8851136312087756,0.8851136312087756,400432,9613,49,0,0,0
0.9731867371199315,0.026813262880068467,0.9731867371199315,0.9731867371199315,400434,9613,49,0,0,0
1.0,0.0,1.0,1.0,400484,9613,49,0,0,0
0.6492587620688779,0.3507412379311221,0.6492587620688779,0.6492587620688779,400448,9613,49,0,0,0
0.7630760663716765,0.23692393362832354,0.7630760663716765,0.7630760663716765,400424,9613,49,0,0,0
0.8544163485858425,0.14558365141415752,0.8544163485858425,0.8544163485858425,400427,9613,49,0,0,0
1.0,0.0,1.0,1.0,400433,9613,49,0,0,0
0.7716703576338899,0.22832964236611009,0.7716703576338899,0.7716703576338899,400457,9613,49,0,0,0
0.827400903371771,0.17259909662822903,0.827400903371771,0.827400903371771,400512,9613,49,0,0,0
0.9271979738133554,0.07280202618664455,0.9271979738133554,0.9271979738133554,400417,9613,49,0,0,0
0.7383043062193727,0.2616956937806273,0.7383043062193727,0.7383043062193727,400415,9613,49,0,0,0
1.0,0.0,1.0,1.0,400416,9613,49,0,0,0
0.8541677918690311,0.14583220813096887,0.8541677918690311,0.8541677918690311,400470,9613,49,0,0,0
0.8174974134263073,0.18250258657369267,0.8174974134263073,0.8174974134263073,400483,9613,49,0,0,0
1.0,0.0,1.0,1.0,400454,9613,49,0,0,0
0.9861725466852849,0.013827453314715132,0.9861725466852849,0.9861725466852849,400472,9613,49,0,0,0
0.7845723435855276,0.21542765641447237,0.7845723435855276,0.7845723435855276,400461,9613,49,0,0,0
0.9314238641856263,0.06857613581437372,0.9314238641856263,0.9314238641856263,400508,9613,49,0,0,0
0.9522400501666114,0.047759949833388604,0.9522400501666114,0.9522400501666114,400488,9613,49,0,0,0
0.948842303807573,0.05115769619242705,0.948842303807573,0.948842303807573,400469,9613,49,0,0,0
0.7857991281416734,0.2142008718583266,0.7857991281416734,0.7857991281416734,400428,9613,49,0,0,0
1.0,0.0,1.0,1.0,400475,9613,49,0,0,0
0.912879031705408,0.08712096829459204,0.912879031705408,0.912879031705408,400499,9613,49,0,0,0
0.9884251638254499,0.01157483617455013,0.9884251638254499,0.9884251638254499,400493,9613,49,0,0,0
1.0,0.0,1.0,1.0,400489,9613,49,0,0,0
0.8499591494957494,0.15004085050425064,0.8499591494957494,0.8499591494957494,400498,9613,49,0,0,0
1.0,0.0,1.0,1.0,400502,9613,49,0,0,0
0.9405112805286621,0.059488719471337936,0.9405112805286621,0.9405112805286621,400492,9613,49,0,0,0
0.9504749590719748,0.04952504092802523,0.9504749590719748,0.9504749590719748,400500,9613,49,0,0,0
1.0,0.0,1.0,1.0,400482,9613,49,0,0,0
0.9897496372531565,0.010250362746843544,0.9897496372531565,0.9897496372531565,400497,9613,49,0,0,0
0.8662409935981963,0.13375900640180372,0.8662409935981963,0.8662409935981963,400505,9613,49,0,0,0
0.9526082011362218,0.0473917988637782,0.9526082011362218,0.9526082011362218,400511,9613,49,0,0,0
0.7508900140728549,0.24910998592714506,0.7508900140728549,0.7508900140728549,400507,9613,49,0,0,0
0.8482994461668789,0.1517005538331211,0.8482994461668789,0.8482994461668789,400476,9613,49,0,0,0
0.9044840568351118,0.0955159431648882,0.9044840568351118,0.9044840568351118,402138,9652,50,0,0,0
0.868920957512189,0.131079042487811,0.868920957512189,0.868920957512189,402187,9652,50,0,0,0
0.8958423423489622,0.1041576576510378,0.8958423423489622,0.8958423423489622,402135,9652,50,0,0,0
1.0,0.0,1.0,1.0,402152,9652,50,0,0,0
0.9717088149494872,0.028291185050512757,0.9717088149494872,0.9717088149494872,402139,9652,50,0,0,0
0.8231543050252222,0.17684569497477776,0.8231543050252222,0.8231543050252222,402145,9652,50,0,0,0
0.8295715932001522,0.17042840679984783,0.8295715932001522,0.8295715932001522,402212,9652,50,2,1,0
0.9646587601806139,0.03534123981938608,0.9646587601806139,0.9646587601806139,402191,9652,50,0,0,0
0.9933386052805653,0.006661394719434721,0.9933386052805653,0.9933386052805653,402153,9652,50,0,0,0
1.0,0.0,1.0,1.0,402193,9652,50,0,0,0
0.720253838801166,0.279746161198834,0.720253838801166,0.720253838801166,402148,9652,50,0,0,0
1.0,0.0,1.0,1.0,402192,9652,50,0,0,0
1.0,0.0,1.0,1.0,402137,9652,50,0,0,0
0.7446429382109454,0.2553570617890546,0.7446429382109454,0.7446429382109454,402150,9652,50,0,0,0
0.8941525745196123,0.10584742548038772,0.8941525745196123,0.8941525745196123,402121,9652,50,0,0,0
1.0,0.0,1.0,1.0,402123,9652,50,0,0,0
0.8695315972936757,0.13046840270632432,0.8695315972936757,0.8695315972936757,402117,9652,50,0,0,0
0.7846245165501137,0.21537548344988633,0.7846245165501137,0.7846245165501137,402170,9652,50,0,0,0
1.0,0.0,1.0,1.0,402128,9652,50,0,0,0
0.9339189889900692,0.0660810110099308,0.9339189889900692,0.9339189889900692,402127,9652,50,0,0,0
0.8206405012690493,0.1793594987309507,0.8206405012690493,0.8206405012690493,402201,9652,50,0,0,0
0.8775115443692192,0.12248845563078081,0.8775115443692192,0.8775115443692192,402129,9652,50,0,0,0
0.8386767478964755,0.1613232521035245,0.8386767478964755,0.8386767478964755,402136,9652,50,0,0,0
0.8851136312087756,0.11488636879122438,0.8851136312087756,0.8851136312087756,402130,9652,50,0,0,0
0.9731867371199315,0.026813262880068467,0.9731867371199315,0.9731867371199315,402132,9652,50,0,0,0
1.0,0.0,1.0,1.0,402181,9652,50,0,0,0
0.6492587620688779,0.3507412379311221,0.6492587620688779,0.6492587620688779,402146,9652,50,0,0,0
0.7630760663716765,0.23692393362832354,0.7630760663716765,0.7630760663716765,402122,9652,50,0,0,0
0.8544163485858425,0.14558365141415752,0.8544163485858425,0.8544163485858425,402125,9652,50,0,0,0
1.0,0.0,1.0,1.0,402131,9652,50,0,0,0
0.7716703576338899,0.22832964236611009,0.7716703576338899,0.7716703576338899,402154,9652,50,0,0,0
0.827400903371771,0.17259909662822903,0.827400903371771,0.827400903371771,402210,9652,50,0,0,0
0.9271979738133554,0.07280202618664455,0.9271979738133554,0.9271979738133554,402115,9652,50,0,0,0
0.7383043062193727,0.2616956937806273,0.7383043062193727,0.7383043062193727,402113,9652,50,0,0,0
1.0,0.0,1.0,1.0,402114,9652,50,0,0,0
0.8541677918690311,0.14583220813096887,0.8541677918690311,0.8541677918690311,402167,9652,50,0,0,0
0.8174974134263073,0.18250258657369267,0.8174974134263073,0.8174974134263073,402180,9652,50,0,0,0
1.0,0.0,1.0,1.0,402151,9652,50,0,0,0
0.9861725466852849,0.013827453314715132,0.9861725466852849,0.9861725466852849,402169,9652,50,0,0,0
0.7845723435855276,0.21542765641447237,0.7845723435855276,0.7845723435855276,402158,9652,50,0,0,0
0.9314238641856263,0.06857613581437372,0.9314238641856263,0.9314238641856263,402205,9652,50,0,0,0
0.9522400501666114,0.047759949833388604,0.9522400501666114,0.9522400501666114,402185,9652,50,0,0,0
0.948842303807573,0.05115769619242705,0.948842303807573,0.948842303807573,402166,9652,50,0,0,0
0.7857991281416734,0.2142008718583266,0.7857991281416734,0.7857991281416734,402126,9652,50,0,0,0
1.0,0.0,1.0,1.0,402172,9652,50,0,0,0
0.912879031705408,0.08712096829459204,0.912879031705408,0.912879031705408,402196,9652,50,0,0,0
0.9884251638254499,0.01157483617455013,0.9884251638254499,0.9884251638254499,402190,9652,50,0,0,0
1.0,0.0,1.0,1.0,402186,9652,50,0,0,0
0.8499591494957494,0.15004085050425064,0.8499591494957494,0.8499591494957494,402195,9652,50,0,0,0
1.0,0.0,1.0,1.0,402199,9652,50,0,0,0
0.9405112805286621,0.059488719471337936,0.9405112805286621,0.9405112805286621,402189,9652,50,0,0,0
0.9504749590719748,0.04952504092802523,0.9504749590719748,0.9504749590719748,402197,9652,50,0,0,0
1.0,0.0,1.0,1.0,402179,9652,50,0,0,0
0.9897496372531565,0.010250362746843544,0.9897496372531565,0.9897496372531565,402194,9652,50,0,0,0
0.8662409935981963,0.13375900640180372,0.8662409935981963,0.8662409935981963,402202,9652,50,0,0,0
0.9526082011362218,0.0473917988637782,0.9526082011362218,0.9526082011362218,402209,9652,50,0,0,0
0.7508900140728549,0.24910998592714506,0.7508900140728549,0.7508900140728549,402204,9652,50,0,0,0
0.8482994461668789,0.1517005538331211,0.8482994461668789,0.8482994461668789,402173,9652,50,0,0,0
0.9044840568351118,0.0955159431648882,0.9044840568351118,0.9044840568351118,402266,9654,51,0,0,0
0.868920957512189,0.131079042487811,0.868920957512189,0.868920957512189,402315,9654,51,0,0,0
0.8958423423489622,0.1041576576510378,0.8958423423489622,0.8958423423489622,402263,9654,51,0,0,0
1.0,0.0,1.0,1.0,402281,9654,51,0,0,0
0.9717088149494872,0.028291185050512757,0.9717088149494872,0.9717088149494872,402267,9654,51,0,0,0
0.8231543050252222,0.17684569497477776,0.8231543050252222,0.8231543050252222,402273,9654,51,0,0,0
0.8295715932001522,0.17042840679984783,0.8295715932001522,0.8295715932001522,402276,9654,51,0,0,0
0.9646587601806139,0.03534123981938608,0.9646587601806139,0.9646587601806139,402319,9654,51,0,0,0
0.9933386052805653,0.006661394719434721,0.9933386052805653,0.9933386052805653,402282,9654,51,0,0,0
1.0,0.0,1.0,1.0,402321,9654,51,0,0,0
0.720253838801166,0.279746161198834,0.720253838801166,0.720253838801166,402277,9654,51,0,0,0
1.0,0.0,1.0,1.0,402320,9654,51,0,0,0
1.0,0.0,1.0,1.0,402265,9654,51,0,0,0
0.7446429382109454,0.2553570617890546,0.7446429382109454,0.7446429382109454,402279,9654,51,0,0,0
0.8941525745196123,0.10584742548038772,0.8941525745196123,0.8941525745196123,402249,9654,51,0,0,0
1.0,0.0,1.0,1.0,402251,9654,51,0,0,0
0.8695315972936757,0.13046840270632432,0.8695315972936757,0.8695315972936757,402245,9654,51,0,0,0
0.7846245165501137,0.21537548344988633,0.7846245165501137,0.7846245165501137,402298,9654,51,0,0,0
1.0,0.0,1.0,1.0,402256,9654,51,0,0,0
0.9339189889900692,0.0660810110099308,0.9339189889900692,0.9339189889900692,402255,9654,51,0,0,0
0.8206405012690493,0.1793594987309507,0.8206405012690493,0.8206405012690493,402329,9654,51,0,0,0
0.8775115443692192,0.12248845563078081,0.8775115443692192,0.8775115443692192,402257,9654,51,0,0,0
0.8386767478964755,0.1613232521035245,0.8386767478964755,0.8386767478964755,402264,9654,51,0,0,0
0.8851136312087756,0.11488636879122438,0.8851136312087756,0.8851136312087756,402258,9654,51,0,0,0
0.9731867371199315,0.026813262880068467,0.9731867371199315,0.9731867371199315,402260,9654,51,0,0,0
1.0,0.0,1.0,1.0,402309,9654,51,0,0,0
0.6492587620688779,0.3507412379311221,0.6492587620688779,0.6492587620688779,402274,9654,51,0,0,0
0.7630760663716765,0.23692393362832354,0.7630760663716765,0.7630760663716765,402250,9654,51,0,0,0
0.8544163485858425,0.14558365141415752,0.8544163485858425,0.8544163485858425,402253,9654,51,0,0,0
1.0,0.0,1.0,1.0,402259,9654,51,0,0,0
0.7716703576338899,0.22832964236611009,0.7716703576338899,0.7716703576338899,402283,9654,51,0,0,0
0.827400903371771,0.17259909662822903,0.827400903371771,0.827400903371771,402338,9654,51,0,0,0
0.9271979738133554,0.07280202618664455,0.9271979738133554,0.9271979738133554,402243,9654,51,0,0,0
0.7383043062193727,0.2616956937806273,0.7383043062193727,0.7383043062193727,402241,9654,51,0,0,0
1.0,0.0,1.0,1.0,402242,9654,51,0,0,0
0.8541677918690311,0.14583220813096887,0.8541677918690311,0.8541677918690311,402340,9654,51,2,1,0
0.8174974134263073,0.18250258657369267,0.8174974134263073,0.8174974134263073,402308,9654,51,0,0,0
1.0,0.0,1.0,1.0,402280,9654,51,0,0,0
0.9861725466852849,0.013827453314715132,0.9861725466852849,0.9861725466852849,402297,9654,51,0,0,0
0.7845723435855276,0.21542765641447237,0.7845723435855276,0.7845723435855276,402287,9654,51,0,0,0
0.9314238641856263,0.06857613581437372,0.9314238641856263,0.9314238641856263,402333,9654,51,0,0,0
0.9522400501666114,0.047759949833388604,0.9522400501666114,0.9522400501666114,402313,9654,51,0,0,0
0.948842303807573,0.05115769619242705,0.948842303807573,0.948842303807573,402295,9654,51,0,0,0
0.7857991281416734,0.2142008718583266,0.7857991281416734,0.7857991281416734,402254,9654,51,0,0,0
1.0,0.0,1.0,1.0,402300,9654,51,0,0,0
0.912879031705408,0.08712096829459204,0.912879031705408,0.912879031705408,402324,9654,51,0,0,0
0.9884251638254499,0.01157483617455013,0.9884251638254499,0.9884251638254499,402318,9654,51,0,0,0
1.0,0.0,1.0,1.0,402314,9654,51,0,0,0
0.8499591494957494,0.15004085050425064,0.8499591494957494,0.8499591494957494,402323,9654,51,0,0,0
1.0,0.0,1.0,1.0,402327,9654,51,0,0,0
0.9405112805286621,0.059488719471337936,0.9405112805286621,0.9405112805286621,402317,9654,51,0,0,0
0.9504749590719748,0.04952504092802523,0.9504749590719748,0.9504749590719748,402325,9654,51,0,0,0
1.0,0.0,1.0,1.0,402307,9654,51,0,0,0
0.9897496372531565,0.010250362746843544,0.9897496372531565,0.9897496372531565,402322,9654,51,0,0,0
0.8662409935981963,0.13375900640180372,0.8662409935981963,0.8662409935981963,402330,9654,51,0,0,0
0.9526082011362218,0.0473917988637782,0.9526082011362218,0.9526082011362218,402337,9654,51,0,0,0
0.7508900140728549,0.24910998592714506,0.7508900140728549,0.7508900140728549,402332,9654,51,0,0,0
0.8482994461668789,0.1517005538331211,0.8482994461668789,0.8482994461668789,402301,9654,51,0,0,0
0.9044840568351118,0.0955159431648882,0.9044840568351118,0.9044840568351118,402367,9655,52,0,0,0
0.868920957512189,0.131079042487811,0.868920957512189,0.868920957512189,402416,9655,52,0,0,0
0.8958423423489622,0.1041576576510378,0.8958423423489622,0.8958423423489622,402364,9655,52,0,0,0
1.0,0.0,1.0,1.0,402382,9655,52,0,0,0
0.9717088149494872,0.028291185050512757,0.9717088149494872,0.9717088149494872,402368,9655,52,0,0,0
0.8231543050252222,0.17684569497477776,0.8231543050252222,0.8231543050252222,402374,9655,52,0,0,0
0.8295715932001522,0.17042840679984783,0.8295715932001522,0.8295715932001522,402377,9655,52,0,0,0
0.9646587601806139,0.03534123981938608,0.9646587601806139,0.9646587601806139,402420,9655,52,0,0,0
0.9933386052805653,0.006661394719434721,0.9933386052805653,0.9933386052805653,402383,9655,52,0,0,0
1.0,0.0,1.0,1.0,402422,9655,52,0,0,0
0.720253838801166,0.279746161198834,0.720253838801166,0.720253838801166,402378,9655,52,0,0,0
1.0,0.0,1.0,1.0,402421,9655,52,0,0,0
1.0,0.0,1.0,1.0,402366,9655,52,0,0,0
0.7446429382109454,0.2553570617890546,0.7446429382109454,0.7446429382109454,402380,9655,52,0,0,0
0.8941525745196123,0.10584742548038772,0.8941525745196123,0.8941525745196123,402350,9655,52,0,0,0
1.0,0.0,1.0,1.0,402352,9655,52,0,0,0
0.8695315972936757,0.13046840270632432,0.8695315972936757,0.8695315972936757,402346,9655,52,0,0,0
0.7846245165501137,0.21537548344988633,0.7846245165501137,0.7846245165501137,402400,9655,52,0,0,0
1.0,0.0,1.0,1.0,402357,9655,52,0,0,0
0.9339189889900692,0.0660810110099308,0.9339189889900692,0.9339189889900692,402356,9655,52,0,0,0
0.8206405012690493,0.1793594987309507,0.8206405012690493,0.8206405012690493,402430,9655,52,0,0,0
0.8775115443692192,0.12248845563078081,0.8775115443692192,0.8775115443692192,402358,9655,52,0,0,0
0.8386767478964755,0.1613232521035245,0.8386767478964755,0.8386767478964755,402365,9655,52,0,0,0
0.8851136312087756,0.11488636879122438,0.8851136312087756,0.8851136312087756,402359,9655,52,0,0,0
0.9731867371199315,0.026813262880068467,0.9731867371199315,0.9731867371199315,402361,9655,52,0,0,0
1.0,0.0,1.0,1.0,402411,9655,52,0,0,0
0.6492587620688779,0.3507412379311221,0.6492587620688779,0.6492587620688779,402375,9655,52,0,0,0
0.7630760663716765,0.23692393362832354,0.7630760663716765,0.7630760663716765,402351,9655,52,0,0,0
0.8544163485858425,0.14558365141415752,0.8544163485858425,0.8544163485858425,402354,9655,52,0,0,0
1.0,0.0,1.0,1.0,402360,9655,52,0,0,0
0.7716703576338899,0.22832964236611009,0.7716703576338899,0.7716703576338899,402384,9655,52,0,0,0
0.827400903371771,0.17259909662822903,0.827400903371771,0.827400903371771,402439,9655,52,0,0,0
0.9271979738133554,0.07280202618664455,0.9271979738133554,0.9271979738133554,402344,9655,52,0,0,0
0.7383043062193727,0.2616956937806273,0.7383043062193727,0.7383043062193727,402342,9655,52,0,0,0
1.0,0.0,1.0,1.0,402343,9655,52,0,0,0
0.8541677918690311,0.14583220813096887,0.8541677918690311,0.8541677918690311,402397,9655,52,0,0,0
0.8174974134263073,0.18250258657369267,0.8174974134263073,0.8174974134263073,402410,9655,52,0,0,0
1.0,0.0,1.0,1.0,402381,9655,52,0,0,0
0.9861725466852849,0.013827453314715132,0.9861725466852849,0.9861725466852849,402399,9655,52,0,0,0
0.7845723435855276,0.21542765641447237,0.7845723435855276,0.7845723435855276,402388,9655,52,0,0,0
0.9314238641856263,0.06857613581437372,0.9314238641856263,0.9314238641856263,402434,9655,52,0,0,0
0.9522400501666114,0.047759949833388604,0.9522400501666114,0.9522400501666114,402441,9655,52,2,1,0
0.948842303807573,0.05115769619242705,0.948842303807573,0.948842303807573,402396,9655,52,0,0,0
0.7857991281416734,0.2142008718583266,0.7857991281416734,0.7857991281416734,402355,9655,52,0,0,0
1.0,0.0,1.0,1.0,402402,9655,52,0,0,0
0.912879031705408,0.08712096829459204,0.912879031705408,0.912879031705408,402425,9655,52,0,0,0
0.9884251638254499,0.01157483617455013,0.9884251638254499,0.9884251638254499,402419,9655,52,0,0,0
1.0,0.0,1.0,1.0,402415,9655,52,0,0,0
0.8499591494957494,0.15004085050425064,0.8499591494957494,0.8499591494957494,402424,9655,52,0,0,0
1.0,0.0,1.0,1.0,402428,9655,52,0,0,0
0.9405112805286621,0.059488719471337936,0.9405112805286621,0.9405112805286621,402418,9655,52,0,0,0
0.9504749590719748,0.04952504092802523,0.9504749590719748,0.9504749590719748,402426,9655,52,0,0,0
1.0,0.0,1.0,1.0,402409,9655,52,0,0,0
0.9897496372531565,0.010250362746843544,0.9897496372531565,0.9897496372531565,402423,9655,52,0,0,0
0.8662409935981963,0.13375900640180372,0.8662409935981963,0.8662409935981963,402431,9655,52,0,0,0
0.9526082011362218,0.0473917988637782,0.9526082011362218,0.9526082011362218,402438,9655,52,0,0,0
0.7508900140728549,0.24910998592714506,0.7508900140728549,0.7508900140728549,402433,9655,52,0,0,0
0.8482994461668789,0.1517005538331211,0.8482994461668789,0.8482994461668789,402403,9655,52,0,0,0
0.8732424439421839,0.12675755605781613,0.8732424439421839,0.8732424439421839,403555,9681,5,0,0,0
0.8450650307546879,0.15493496924531214,0.8450650307546879,0.8450650307546879,403605,9681,5,0,0,0
0.9070727843338693,0.09292721566613071,0.9070727843338693,0.9070727843338693,403552,9681,5,0,0,0
0.9707730320440169,0.02922696795598312,0.9707730320440169,0.9707730320440169,403570,9681,5,0,0,0
0.766969279379954,0.23303072062004604,0.766969279379954,0.766969279379954,403556,9681,5,0,0,0
0.7947923432250706,0.20520765677492936,0.7947923432250706,0.7947923432250706,403562,9681,5,0,0,0
0.9930682543269771,0.006931745673022904,0.9930682543269771,0.9930682543269771,403565,9681,5,0,0,0
0.6628413629766444,0.3371586370233556,0.6628413629766444,0.6628413629766444,403609,9681,5,0,0,0
0.838929522733671,0.16107047726632895,0.838929522733671,0.838929522733671,403571,9681,5,0,0,0
1.0,0.0,1.0,1.0,403611,9681,5,0,0,0
0.918779902435375,0.081220097564625,0.918779902435375,0.918779902435375,403566,9681,5,0,0,0
0.7583577708470315,0.2416422291529685,0.7583577708470315,0.7583577708470315,403610,9681,5,0,0,0
0.7294470033211644,0.2705529966788356,0.7294470033211644,0.7294470033211644,403554,9681,5,0,0,0
0.9144394927996671,0.08556050720033292,0.9144394927996671,0.9144394927996671,403568,9681,5,0,0,0
0.9454311540887622,0.054568845911237784,0.9454311540887622,0.9454311540887622,403538,9681,5,0,0,0
1.0,0.0,1.0,1.0,403540,9681,5,0,0,0
0.9433240683636236,0.05667593163637641,0.9433240683636236,0.9433240683636236,403534,9681,5,0,0,0
0.7850785851412803,0.21492141485871974,0.7850785851412803,0.7850785851412803,403588,9681,5,0,0,0
0.977206371642068,0.022793628357931972,0.977206371642068,0.977206371642068,403545,9681,5,0,0,0
0.668842800983052,0.33115719901694796,0.668842800983052,0.668842800983052,403544,9681,5,0,0,0
0.7412000240807325,0.2587999759192675,0.7412000240807325,0.7412000240807325,403619,9681,5,0,0,0
0.6651151021569631,0.3348848978430369,0.6651151021569631,0.6651151021569631,403546,9681,5,0,0,0
0.9228910853553716,0.07710891464462843,0.9228910853553716,0.9228910853553716,403553,9681,5,0,0,0
0.8766070698682449,0.12339293013175512,0.8766070698682449,0.8766070698682449,403547,9681,5,0,0,0
0.9018829338520644,0.09811706614793558,0.9018829338520644,0.9018829338520644,403549,9681,5,0,0,0
0.9100699306451322,0.0899300693548678,0.9100699306451322,0.9100699306451322,403599,9681,5,0,0,0
0.6317673032628113,0.3682326967371887,0.6317673032628113,0.6317673032628113,403563,9681,5,0,0,0
0.7200925664290634,0.2799074335709366,0.7200925664290634,0.7200925664290634,403539,9681,5,0,0,0
0.8481915003308045,0.15180849966919552,0.8481915003308045,0.8481915003308045,403542,9681,5,0,0,0
0.9204389613526679,0.0795610386473321,0.9204389613526679,0.9204389613526679,403548,9681,5,0,0,0
0.7400164221291851,0.25998357787081494,0.7400164221291851,0.7400164221291851,403572,9681,5,0,0,0
0.9087971018090049,0.09120289819099514,0.9087971018090049,0.9087971018090049,403627,9681,5,0,0,0
0.9012799982721598,0.09872000172784023,0.9012799982721598,0.9012799982721598,403532,9681,5,0,0,0
0.9351716108190335,0.06482838918096645,0.9351716108190335,0.9351716108190335,403530,9681,5,0,0,0
0.9629653291949427,0.03703467080505729,0.9629653291949427,0.9629653291949427,403531,9681,5,0,0,0
0.9398157602315855,0.06018423976841447,0.9398157602315855,0.9398157602315855,403585,9681,5,0,0,0
0.8179875907919886,0.18201240920801143,0.8179875907919886,0.8179875907919886,403598,9681,5,0,0,0
0.7466693312836338,0.2533306687163662,0.7466693312836338,0.7466693312836338,403569,9681,5,0,0,0
1.0,0.0,1.0,1.0,403587,9681,5,0,0,0
0.7962946817197832,0.20370531828021676,0.7962946817197832,0.7962946817197832,403576,9681,5,0,0,0
0.8230399845365495,0.17696001546345053,0.8230399845365495,0.8230399845365495,403623,9681,5,0,0,0
0.8820711368516817,0.1179288631483183,0.8820711368516817,0.8820711368516817,403603,9681,5,0,0,0
0.9802119056844918,0.01978809431550821,0.9802119056844918,0.9802119056844918,403584,9681,5,0,0,0
0.9006019905075321,0.09939800949246791,0.9006019905075321,0.9006019905075321,403543,9681,5,0,0,0
0.7691936444760941,0.23080635552390594,0.7691936444760941,0.7691936444760941,403590,9681,5,0,0,0
0.8012493569141418,0.19875064308585821,0.8012493569141418,0.8012493569141418,403614,9681,5,0,0,0
0.8618345369182345,0.13816546308176547,0.8618345369182345,0.8618345369182345,403608,9681,5,0,0,0
0.8822332700889451,0.11776672991105486,0.8822332700889451,0.8822332700889451,403604,9681,5,0,0,0
0.7799411999500333,0.2200588000499667,0.7799411999500333,0.7799411999500333,403613,9681,5,0,0,0
0.7007693954808972,0.29923060451910277,0.7007693954808972,0.7007693954808972,403617,9681,5,0,0,0
0.779794164397211,0.22020583560278895,0.779794164397211,0.779794164397211,403607,9681,5,0,0,0
0.7271459888933122,0.27285401110668783,0.7271459888933122,0.7271459888933122,403615,9681,5,0,0,0
0.8851843449589205,0.11481565504107949,0.8851843449589205,0.8851843449589205,403597,9681,5,0,0,0
0.911575715054226,0.08842428494577403,0.911575715054226,0.911575715054226,403612,9681,5,0,0,0
0.8551375620620864,0.14486243793791365,0.8551375620620864,0.8551375620620864,403620,9681,5,0,0,0
0.8085836786916605,0.19141632130833952,0.8085836786916605,0.8085836786916605,403626,9681,5,0,0,0
0.7115787621199713,0.2884212378800287,0.7115787621199713,0.7115787621199713,403622,9681,5,0,0,0
0.9040963848117649,0.09590361518823509,0.9040963848117649,0.9040963848117649,403591,9681,5,0,0,0
0.7437833780322978,0.25621662196770223,0.7437833780322978,0.7437833780322978,397382,9553,28,0,0,0
0.8742425602794105,0.1257574397205895,0.8742425602794105,0.8742425602794105,397432,9553,28,0,0,0
0.919297386038374,0.08070261396162604,0.919297386038374,0.919297386038374,397379,9553,28,0,0,0
0.8707331841422127,0.12926681585778732,0.8707331841422127,0.8707331841422127,397397,9553,28,0,0,0
0.8417987061140687,0.1582012938859313,0.8417987061140687,0.8417987061140687,397383,9553,28,0,0,0
0.8220357304037138,0.1779642695962862,0.8220357304037138,0.8220357304037138,397389,9553,28,0,0,0
0.7245314018270189,0.2754685981729811,0.7245314018270189,0.7245314018270189,397392,9553,28,0,0,0
0.8548261117892111,0.14517388821078892,0.8548261117892111,0.8548261117892111,397436,9553,28,0,0,0
0.7807533398012132,0.2192466601987868,0.7807533398012132,0.7807533398012132,397398,9553,28,0,0,0
0.9510189128417614,0.04898108715823857,0.9510189128417614,0.9510189128417614,397438,9553,28,0,0,0
0.7530261118016566,0.24697388819834343,0.7530261118016566,0.7530261118016566,397393,9553,28,0,0,0
0.8016813523059034,0.19831864769409657,0.8016813523059034,0.8016813523059034,397437,9553,28,0,0,0
0.9303853199544597,0.06961468004554028,0.9303853199544597,0.9303853199544597,397381,9553,28,0,0,0
0.7598032833991816,0.24019671660081843,0.7598032833991816,0.7598032833991816,397395,9553,28,0,0,0
0.9540960629363571,0.04590393706364293,0.9540960629363571,0.9540960629363571,397365,9553,28,0,0,0
0.9558799952850836,0.044120004714916394,0.9558799952850836,0.9558799952850836,397367,9553,28,0,0,0
0.832673159272367,0.16732684072763304,0.832673159272367,0.832673159272367,397361,9553,28,0,0,0
0.8158923475146053,0.18410765248539473,0.8158923475146053,0.8158923475146053,397415,9553,28,0,0,0
0.9176884808076747,0.08231151919232527,0.9176884808076747,0.9176884808076747,397372,9553,28,0,0,0
0.9236833390681323,0.07631666093186773,0.9236833390681323,0.9236833390681323,397371,9553,28,0,0,0
0.7825650644384625,0.21743493556153748,0.7825650644384625,0.7825650644384625,397445,9553,28,0,0,0
0.8728236059662039,0.1271763940337961,0.8728236059662039,0.8728236059662039,397373,9553,28,0,0,0
0.7982711919864173,0.20172880801358273,0.7982711919864173,0.7982711919864173,397380,9553,28,0,0,0
0.9462350865618383,0.0537649134381617,0.9462350865618383,0.9462350865618383,397374,9553,28,0,0,0
0.9137639842268515,0.08623601577314854,0.9137639842268515,0.9137639842268515,397376,9553,28,0,0,0
0.9484063433803634,0.05159365661963655,0.9484063433803634,0.9484063433803634,397426,9553,28,0,0,0
0.8002594331692585,0.19974056683074148,0.8002594331692585,0.8002594331692585,397390,9553,28,0,0,0
0.9690172566410438,0.030982743358956233,0.9690172566410438,0.9690172566410438,397366,9553,28,0,0,0
0.8882343470358496,0.11176565296415042,0.8882343470358496,0.8882343470358496,397369,9553,28,0,0,0
0.8394511672762807,0.16054883272371934,0.8394511672762807,0.8394511672762807,397375,9553,28,0,0,0
0.7353699066428666,0.2646300933571334,0.7353699066428666,0.7353699066428666,397399,9553,28,0,0,0
0.8718330172738887,0.12816698272611127,0.8718330172738887,0.8718330172738887,397454,9553,28,0,0,0
0.9655566768282663,0.03444332317173371,0.9655566768282663,0.9655566768282663,397359,9553,28,0,0,0
0.8849763964436752,0.1150236035563248,0.8849763964436752,0.8849763964436752,397357,9553,28,0,0,0
0.9184967826436596,0.08150321735634036,0.9184967826436596,0.9184967826436596,397358,9553,28,0,0,0
0.898850189480651,0.10114981051934901,0.898850189480651,0.898850189480651,397412,9553,28,0,0,0
0.8661527989976289,0.13384720100237113,0.8661527989976289,0.8661527989976289,397425,9553,28,0,0,0
0.9080109443582587,0.09198905564174131,0.9080109443582587,0.9080109443582587,397396,9553,28,0,0,0
0.8550928248776499,0.14490717512235007,0.8550928248776499,0.8550928248776499,397414,9553,28,0,0,0
0.6865854796564994,0.3134145203435006,0.6865854796564994,0.6865854796564994,397403,9553,28,0,0,0
0.8436479129550672,0.15635208704493275,0.8436479129550672,0.8436479129550672,397449,9553,28,0,0,0
0.8845566715809532,0.11544332841904681,0.8845566715809532,0.8845566715809532,397430,9553,28,0,0,0
0.843372431583271,0.15662756841672898,0.843372431583271,0.843372431583271,397411,9553,28,0,0,0
0.9427840362198207,0.057215963780179346,0.9427840362198207,0.9427840362198207,397370,9553,28,0,0,0
0.922295332951325,0.07770466704867496,0.922295332951325,0.922295332951325,397417,9553,28,0,0,0
0.9239640310155776,0.07603596898442244,0.9239640310155776,0.9239640310155776,397440,9553,28,0,0,0
0.8547066347824737,0.14529336521752634,0.8547066347824737,0.8547066347824737,397435,9553,28,0,0,0
1.0,0.0,1.0,1.0,397431,9553,28,0,0,0
0.8911816449706776,0.10881835502932236,0.8911816449706776,0.8911816449706776,397439,9553,28,0,0,0
0.8504675066555923,0.14953249334440766,0.8504675066555923,0.8504675066555923,397443,9553,28,0,0,0
0.8929063137527157,0.10709368624728433,0.8929063137527157,0.8929063137527157,397434,9553,28,0,0,0
0.8301196316901284,0.16988036830987163,0.8301196316901284,0.8301196316901284,397441,9553,28,0,0,0
0.8613893172288166,0.13861068277118338,0.8613893172288166,0.8613893172288166,397424,9553,28,0,0,0
0.8688711934836317,0.13112880651636827,0.8688711934836317,0.8688711934836317,397456,9553,28,1,0,1
0.8724153586391781,0.12758464136082193,0.8724153586391781,0.8724153586391781,397446,9553,28,0,0,0
0.8862050429502469,0.11379495704975306,0.8862050429502469,0.8862050429502469,397453,9553,28,0,0,0
0.6489512284488209,0.3510487715511791,0.6489512284488209,0.6489512284488209,397448,9553,28,0,0,0
0.8717088150096995,0.12829118499030046,0.8717088150096995,0.8717088150096995,397418,9553,28,0,0,0
0.9292673845648424,0.07073261543515763,0.9292673845648424,0.9292673845648424,396905,9542,15,0,0,0
0.6892618447914699,0.3107381552085301,0.6892618447914699,0.6892618447914699,396955,9542,15,0,0,0
0.8878554469718016,0.11214455302819837,0.8878554469718016,0.8878554469718016,396902,9542,15,0,0,0
1.0,0.0,1.0,1.0,396920,9542,15,0,0,0
0.8546556287803089,0.14534437121969113,0.8546556287803089,0.8546556287803089,396906,9542,15,0,0,0
0.8825773995286232,0.11742260047137676,0.8825773995286232,0.8825773995286232,396912,9542,15,0,0,0
0.8003367810563475,0.19966321894365247,0.8003367810563475,0.8003367810563475,396915,9542,15,0,0,0
0.8429273248761511,0.15707267512384893,0.8429273248761511,0.8429273248761511,396959,9542,15,0,0,0
1.0,0.0,1.0,1.0,396921,9542,15,0,0,0
1.0,0.0,1.0,1.0,396961,9542,15,0,0,0
1.0,0.0,1.0,1.0,396916,9542,15,0,0,0
0.9493192158598358,0.05068078414016419,0.9493192158598358,0.9493192158598358,396960,9542,15,0,0,0
1.0,0.0,1.0,1.0,396904,9542,15,0,0,0
0.8769801968624156,0.12301980313758443,0.8769801968624156,0.8769801968624156,396918,9542,15,0,0,0
1.0,0.0,1.0,1.0,396888,9542,15,0,0,0
0.8819528939686131,0.1180471060313869,0.8819528939686131,0.8819528939686131,396890,9542,15,0,0,0
0.9019566761795346,0.09804332382046543,0.9019566761795346,0.9019566761795346,396884,9542,15,0,0,0
0.7620465248557253,0.23795347514427467,0.7620465248557253,0.7620465248557253,396938,9542,15,0,0,0
0.9608323558100444,0.03916764418995555,0.9608323558100444,0.9608323558100444,396895,9542,15,0,0,0
0.967587875671124,0.03241212432887597,0.967587875671124,0.967587875671124,396894,9542,15,0,0,0
0.7638801296794059,0.23611987032059412,0.7638801296794059,0.7638801296794059,396968,9542,15,0,0,0
0.7352798063867338,0.26472019361326615,0.7352798063867338,0.7352798063867338,396896,9542,15,0,0,0
0.9118806040475369,0.0881193959524631,0.9118806040475369,0.9118806040475369,396903,9542,15,0,0,0
0.7440387664667336,0.2559612335332664,0.7440387664667336,0.7440387664667336,396897,9542,15,0,0,0
0.9205260343638675,0.07947396563613252,0.9205260343638675,0.9205260343638675,396899,9542,15,0,0,0
0.9581229748985325,0.04187702510146751,0.9581229748985325,0.9581229748985325,396949,9542,15,0,0,0
0.695100127544171,0.30489987245582895,0.695100127544171,0.695100127544171,396913,9542,15,0,0,0
0.7895881124302596,0.21041188756974039,0.7895881124302596,0.7895881124302596,396889,9542,15,0,0,0
0.7616551915392,0.23834480846079997,0.7616551915392,0.7616551915392,396892,9542,15,0,0,0
0.8773247707121983,0.12267522928780172,0.8773247707121983,0.8773247707121983,396898,9542,15,0,0,0
0.8481155488402761,0.15188445115972393,0.8481155488402761,0.8481155488402761,396922,9542,15,0,0,0
0.9862341580165028,0.013765841983497173,0.9862341580165028,0.9862341580165028,396977,9542,15,0,0,0
0.8009538527789992,0.19904614722100078,0.8009538527789992,0.8009538527789992,396882,9542,15,0,0,0
0.9492960274003026,0.05070397259969739,0.9492960274003026,0.9492960274003026,396880,9542,15,0,0,0
0.8401639540704644,0.1598360459295356,0.8401639540704644,0.8401639540704644,396881,9542,15,0,0,0
0.954969144693787,0.04503085530621298,0.954969144693787,0.954969144693787,396935,9542,15,0,0,0
0.8344137550573348,0.16558624494266516,0.8344137550573348,0.8344137550573348,396948,9542,15,0,0,0
0.842282314242286,0.15771768575771405,0.842282314242286,0.842282314242286,396919,9542,15,0,0,0
0.9414204784840973,0.05857952151590273,0.9414204784840973,0.9414204784840973,396937,9542,15,0,0,0
0.7188354471656986,0.2811645528343014,0.7188354471656986,0.7188354471656986,396926,9542,15,0,0,0
0.7576539608098614,0.24234603919013864,0.7576539608098614,0.7576539608098614,396972,9542,15,0,0,0
0.9939083006955466,0.006091699304453413,0.9939083006955466,0.9939083006955466,396953,9542,15,0,0,0
0.9520081931106742,0.047991806889325805,0.9520081931106742,0.9520081931106742,396934,9542,15,0,0,0
0.8946123085834818,0.10538769141651816,0.8946123085834818,0.8946123085834818,396893,9542,15,0,0,0
0.9494760170602005,0.05052398293979954,0.9494760170602005,0.9494760170602005,396940,9542,15,0,0,0
0.8185391743074936,0.18146082569250643,0.8185391743074936,0.8185391743074936,396964,9542,15,0,0,0
1.0,0.0,1.0,1.0,396958,9542,15,0,0,0
0.9322213821450531,0.06777861785494688,0.9322213821450531,0.9322213821450531,396954,9542,15,0,0,0
0.8711377992600914,0.12886220073990862,0.8711377992600914,0.8711377992600914,396963,9542,15,0,0,0
0.9816482632455173,0.01835173675448265,0.9816482632455173,0.9816482632455173,396966,9542,15,0,0,0
1.0,0.0,1.0,1.0,396957,9542,15,0,0,0
0.976972879810271,0.023027120189728967,0.976972879810271,0.976972879810271,396979,9542,15,2,1,0
0.8748674381464286,0.12513256185357136,0.8748674381464286,0.8748674381464286,396947,9542,15,0,0,0
0.8843170349861714,0.11568296501382858,0.8843170349861714,0.8843170349861714,396962,9542,15,0,0,0
0.9427691327255435,0.057230867274456476,0.9427691327255435,0.9427691327255435,396969,9542,15,0,0,0
1.0,0.0,1.0,1.0,396976,9542,15,0,0,0
0.8742936330409037,0.12570636695909632,0.8742936330409037,0.8742936330409037,396971,9542,15,0,0,0
0.9197348931945782,0.08026510680542176,0.9197348931945782,0.9197348931945782,396941,9542,15,0,0,0
0.7371395649117648,0.2628604350882352,0.7371395649117648,0.7371395649117648,396742,9539,4,0,0,0
0.9304822313314123,0.06951776866858772,0.9304822313314123,0.9304822313314123,396791,9539,4,0,0,0
1.0,0.0,1.0,1.0,396739,9539,4,0,0,0
0.7865758413646016,0.21342415863539843,0.7865758413646016,0.7865758413646016,396757,9539,4,0,0,0
1.0,0.0,1.0,1.0,396743,9539,4,0,0,0
0.7572826230301983,0.24271737696980167,0.7572826230301983,0.7572826230301983,396749,9539,4,0,0,0
0.89809623645536,0.10190376354464004,0.89809623645536,0.89809623645536,396752,9539,4,0,0,0
0.7672024182903724,0.2327975817096276,0.7672024182903724,0.7672024182903724,396795,9539,4,0,0,0
0.8570648507237492,0.14293514927625084,0.8570648507237492,0.8570648507237492,396758,9539,4,0,0,0
0.8635114756452843,0.1364885243547157,0.8635114756452843,0.8635114756452843,396797,9539,4,0,0,0
0.9123925426412081,0.08760745735879194,0.9123925426412081,0.9123925426412081,396753,9539,4,0,0,0
1.0,0.0,1.0,1.0,396796,9539,4,0,0,0
1.0,0.0,1.0,1.0,396741,9539,4,0,0,0
0.7571528120605877,0.2428471879394123,0.7571528120605877,0.7571528120605877,396755,9539,4,0,0,0
0.8255359809180556,0.17446401908194442,0.8255359809180556,0.8255359809180556,396725,9539,4,0,0,0
1.0,0.0,1.0,1.0,396727,9539,4,0,0,0
0.9551645751068848,0.044835424893115206,0.9551645751068848,0.9551645751068848,396721,9539,4,0,0,0
0.9072334691791056,0.09276653082089437,0.9072334691791056,0.9072334691791056,396774,9539,4,0,0,0
0.6851427824333959,0.3148572175666041,0.6851427824333959,0.6851427824333959,396732,9539,4,0,0,0
0.7324244870398317,0.26757551296016835,0.7324244870398317,0.7324244870398317,396731,9539,4,0,0,0
0.8977271586619153,0.10227284133808467,0.8977271586619153,0.8977271586619153,396805,9539,4,0,0,0
0.8551996056106048,0.14480039438939518,0.8551996056106048,0.8551996056106048,396733,9539,4,0,0,0
0.9935526929590136,0.006447307040986394,0.9935526929590136,0.9935526929590136,396740,9539,4,0,0,0
0.9141226428004521,0.08587735719954792,0.9141226428004521,0.9141226428004521,396734,9539,4,0,0,0
0.7628062619554326,0.23719373804456745,0.7628062619554326,0.7628062619554326,396736,9539,4,0,0,0
0.8369050998532362,0.16309490014676375,0.8369050998532362,0.8369050998532362,396785,9539,4,0,0,0
0.8912308068880326,0.10876919311196742,0.8912308068880326,0.8912308068880326,396750,9539,4,0,0,0
0.9915914985325167,0.008408501467483287,0.9915914985325167,0.9915914985325167,396726,9539,4,0,0,0
0.8346843629215192,0.16531563707848085,0.8346843629215192,0.8346843629215192,396729,9539,4,0,0,0
0.9167893946653283,0.08321060533467173,0.9167893946653283,0.9167893946653283,396735,9539,4,0,0,0
0.8912115784302399,0.1087884215697601,0.8912115784302399,0.8912115784302399,396759,9539,4,0,0,0
0.9913257732804959,0.00867422671950413,0.9913257732804959,0.9913257732804959,396814,9539,4,0,0,0
0.8702237905999248,0.12977620940007517,0.8702237905999248,0.8702237905999248,396719,9539,4,0,0,0
0.7209874313783418,0.27901256862165824,0.7209874313783418,0.7209874313783418,396717,9539,4,0,0,0
0.9663780784603874,0.03362192153961263,0.9663780784603874,0.9663780784603874,396718,9539,4,0,0,0
0.9931674453782972,0.0068325546217028466,0.9931674453782972,0.9931674453782972,396771,9539,4,0,0,0
0.9743572307201037,0.025642769279896283,0.9743572307201037,0.9743572307201037,396784,9539,4,0,0,0
0.9605752472988169,0.03942475270118306,0.9605752472988169,0.9605752472988169,396756,9539,4,0,0,0
0.9108619243594317,0.0891380756405683,0.9108619243594317,0.9108619243594317,396773,9539,4,0,0,0
0.8368136838815118,0.16318631611848822,0.8368136838815118,0.8368136838815118,396763,9539,4,0,0,0
1.0,0.0,1.0,1.0,396809,9539,4,0,0,0
0.9542137055141967,0.04578629448580329,0.9542137055141967,0.9542137055141967,396789,9539,4,0,0,0
0.9094094291720521,0.09059057082794786,0.9094094291720521,0.9094094291720521,396816,9539,4,2,1,0
1.0,0.0,1.0,1.0,396730,9539,4,0,0,0
0.7522990375881062,0.24770096241189377,0.7522990375881062,0.7522990375881062,396776,9539,4,0,0,0
0.9190954980470898,0.08090450195291021,0.9190954980470898,0.9190954980470898,396800,9539,4,0,0,0
0.8603485531203522,0.1396514468796478,0.8603485531203522,0.8603485531203522,396794,9539,4,0,0,0
0.8096286646094105,0.19037133539058948,0.8096286646094105,0.8096286646094105,396790,9539,4,0,0,0
0.9290994355019476,0.07090056449805238,0.9290994355019476,0.9290994355019476,396799,9539,4,0,0,0
1.0,0.0,1.0,1.0,396803,9539,4,0,0,0
0.8602295740609069,0.13977042593909306,0.8602295740609069,0.8602295740609069,396793,9539,4,0,0,0
1.0,0.0,1.0,1.0,396801,9539,4,0,0,0
1.0,0.0,1.0,1.0,396783,9539,4,0,0,0
0.9586180876273495,0.04138191237265054,0.9586180876273495,0.9586180876273495,396798,9539,4,0,0,0
0.9465736684462671,0.053426331553732886,0.9465736684462671,0.9465736684462671,396806,9539,4,0,0,0
0.9267835000255581,0.0732164999744419,0.9267835000255581,0.9267835000255581,396813,9539,4,0,0,0
0.7123363497365872,0.2876636502634128,0.7123363497365872,0.7123363497365872,396808,9539,4,0,0,0
0.8217566624923225,0.1782433375076775,0.8217566624923225,0.8217566624923225,396777,9539,4,0,0,0
0.8612309369996437,0.1387690630003563,0.8612309369996437,0.8612309369996437,395621,9517,47,0,0,0
0.9452884558518874,0.054711544148112634,0.9452884558518874,0.9452884558518874,395671,9517,47,0,0,0
1.0,0.0,1.0,1.0,395619,9517,47,0,0,0
0.9184595252910954,0.08154047470890458,0.9184595252910954,0.9184595252910954,395636,9517,47,0,0,0
0.9637111035742113,0.0362888964257887,0.9637111035742113,0.9637111035742113,395622,9517,47,0,0,0
0.8557218844965494,0.1442781155034506,0.8557218844965494,0.8557218844965494,395628,9517,47,0,0,0
1.0,0.0,1.0,1.0,395631,9517,47,0,0,0
0.9781533575900476,0.021846642409952377,0.9781533575900476,0.9781533575900476,395675,9517,47,0,0,0
0.9733396236863,0.026660376313699996,0.9733396236863,0.9733396236863,395637,9517,47,0,0,0
1.0,0.0,1.0,1.0,395677,9517,47,0,0,0
0.8719416546705079,0.12805834532949212,0.8719416546705079,0.8719416546705079,395632,9517,47,0,0,0
0.9639608363989962,0.03603916360100379,0.9639608363989962,0.9639608363989962,395676,9517,47,0,0,0
0.9815563744026656,0.018443625597334368,0.9815563744026656,0.9815563744026656,395696,9517,47,2,1,0
0.9119755063118176,0.08802449368818244,0.9119755063118176,0.9119755063118176,395634,9517,47,0,0,0
1.0,0.0,1.0,1.0,395605,9517,47,0,0,0
1.0,0.0,1.0,1.0,395607,9517,47,0,0,0
1.0,0.0,1.0,1.0,395601,9517,47,0,0,0
0.8619533673417916,0.13804663265820838,0.8619533673417916,0.8619533673417916,395654,9517,47,0,0,0
0.9289929003419085,0.07100709965809149,0.9289929003419085,0.9289929003419085,395612,9517,47,0,0,0
0.9172400988898712,0.08275990111012876,0.9172400988898712,0.9172400988898712,395611,9517,47,0,0,0
0.9667830324444325,0.03321696755556747,0.9667830324444325,0.9667830324444325,395685,9517,47,0,0,0
0.9217264450364858,0.07827355496351418,0.9217264450364858,0.9217264450364858,395613,9517,47,0,0,0
1.0,0.0,1.0,1.0,395620,9517,47,0,0,0
0.8057966749257448,0.1942033250742552,0.8057966749257448,0.8057966749257448,395614,9517,47,0,0,0
0.8812963076810055,0.11870369231899447,0.8812963076810055,0.8812963076810055,395616,9517,47,0,0,0
1.0,0.0,1.0,1.0,395665,9517,47,0,0,0
0.8280340925801457,0.1719659074198543,0.8280340925801457,0.8280340925801457,395629,9517,47,0,0,0
0.9739175465648542,0.026082453435145814,0.9739175465648542,0.9739175465648542,395606,9517,47,0,0,0
0.8992386943930379,0.10076130560696206,0.8992386943930379,0.8992386943930379,395609,9517,47,0,0,0
1.0,0.0,1.0,1.0,395615,9517,47,0,0,0
0.8864047484844237,0.11359525151557626,0.8864047484844237,0.8864047484844237,395638,9517,47,0,0,0
0.905014205717775,0.09498579428222498,0.905014205717775,0.905014205717775,395694,9517,47,0,0,0
0.7869138646928482,0.2130861353071518,0.7869138646928482,0.7869138646928482,395599,9517,47,0,0,0
0.9670024031492678,0.032997596850732225,0.9670024031492678,0.9670024031492678,395597,9517,47,0,0,0
1.0,0.0,1.0,1.0,395598,9517,47,0,0,0
1.0,0.0,1.0,1.0,395651,9517,47,0,0,0
0.865098982670186,0.13490101732981397,0.865098982670186,0.865098982670186,395664,9517,47,0,0,0
0.9025995250475293,0.09740047495247073,0.9025995250475293,0.9025995250475293,395635,9517,47,0,0,0
1.0,0.0,1.0,1.0,395653,9517,47,0,0,0
1.0,0.0,1.0,1.0,395642,9517,47,0,0,0
0.9203918752231823,0.07960812477681767,0.9203918752231823,0.9203918752231823,395689,9517,47,0,0,0
1.0,0.0,1.0,1.0,395669,9517,47,0,0,0
1.0,0.0,1.0,1.0,395650,9517,47,0,0,0
0.9605037635694214,0.039496236430578646,0.9605037635694214,0.9605037635694214,395610,9517,47,0,0,0
0.9565354987552908,0.04346450124470924,0.9565354987552908,0.9565354987552908,395656,9517,47,0,0,0
0.9644725445367491,0.03552745546325087,0.9644725445367491,0.9644725445367491,395680,9517,47,0,0,0
0.9687658745778782,0.031234125422121783,0.9687658745778782,0.9687658745778782,395674,9517,47,0,0,0
1.0,0.0,1.0,1.0,395670,9517,47,0,0,0
0.929960112085879,0.07003988791412097,0.929960112085879,0.929960112085879,395679,9517,47,0,0,0
1.0,0.0,1.0,1.0,395683,9517,47,0,0,0
0.9025542032281467,0.09744579677185328,0.9025542032281467,0.9025542032281467,395673,9517,47,0,0,0
0.9058439440659339,0.09415605593406606,0.9058439440659339,0.9058439440659339,395681,9517,47,0,0,0
1.0,0.0,1.0,1.0,395663,9517,47,0,0,0
0.9595117128345662,0.040488287165433845,0.9595117128345662,0.9595117128345662,395678,9517,47,0,0,0
1.0,0.0,1.0,1.0,395686,9517,47,0,0,0
0.9113345521375988,0.08866544786240116,0.9113345521375988,0.9113345521375988,395693,9517,47,0,0,0
0.6859201234747752,0.31407987652522484,0.6859201234747752,0.6859201234747752,395688,9517,47,0,0,0
0.9467472207983595,0.05325277920164051,0.9467472207983595,0.9467472207983595,395657,9517,47,0,0,0
0.8612309369996437,0.1387690630003563,0.8612309369996437,0.8612309369996437,397722,9559,48,0,0,0
0.9452884558518874,0.054711544148112634,0.9452884558518874,0.9452884558518874,397772,9559,48,0,0,0
1.0,0.0,1.0,1.0,397719,9559,48,0,0,0
0.9184595252910954,0.08154047470890458,0.9184595252910954,0.9184595252910954,397737,9559,48,0,0,0
0.9637111035742113,0.0362888964257887,0.9637111035742113,0.9637111035742113,397723,9559,48,0,0,0
0.8557218844965494,0.1442781155034506,0.8557218844965494,0.8557218844965494,397729,9559,48,0,0,0
1.0,0.0,1.0,1.0,397732,9559,48,0,0,0
0.9781533575900476,0.021846642409952377,0.9781533575900476,0.9781533575900476,397776,9559,48,0,0,0
0.9733396236863,0.026660376313699996,0.9733396236863,0.9733396236863,397738,9559,48,0,0,0
1.0,0.0,1.0,1.0,397778,9559,48,0,0,0
0.8719416546705079,0.12805834532949212,0.8719416546705079,0.8719416546705079,397733,9559,48,0,0,0
0.9639608363989962,0.03603916360100379,0.9639608363989962,0.9639608363989962,397777,9559,48,0,0,0
0.9815563744026656,0.018443625597334368,0.9815563744026656,0.9815563744026656,397721,9559,48,0,0,0
0.9119755063118176,0.08802449368818244,0.9119755063118176,0.9119755063118176,397735,9559,48,0,0,0
1.0,0.0,1.0,1.0,397706,9559,48,0,0,0
1.0,0.0,1.0,1.0,397708,9559,48,0,0,0
1.0,0.0,1.0,1.0,397702,9559,48,0,0,0
0.8619533673417916,0.13804663265820838,0.8619533673417916,0.8619533673417916,397755,9559,48,0,0,0
0.9289929003419085,0.07100709965809149,0.9289929003419085,0.9289929003419085,397713,9559,48,0,0,0
0.9172400988898712,0.08275990111012876,0.9172400988898712,0.9172400988898712,397712,9559,48,0,0,0
0.9667830324444325,0.03321696755556747,0.9667830324444325,0.9667830324444325,397786,9559,48,0,0,0
0.9217264450364858,0.07827355496351418,0.9217264450364858,0.9217264450364858,397714,9559,48,0,0,0
1.0,0.0,1.0,1.0,397720,9559,48,0,0,0
0.8057966749257448,0.1942033250742552,0.8057966749257448,0.8057966749257448,397715,9559,48,0,0,0
0.8812963076810055,0.11870369231899447,0.8812963076810055,0.8812963076810055,397717,9559,48,0,0,0
1.0,0.0,1.0,1.0,397766,9559,48,0,0,0
0.8280340925801457,0.1719659074198543,0.8280340925801457,0.8280340925801457,397730,9559,48,0,0,0
0.9739175465648542,0.026082453435145814,0.9739175465648542,0.9739175465648542,397707,9559,48,0,0,0
0.8992386943930379,0.10076130560696206,0.8992386943930379,0.8992386943930379,397710,9559,48,0,0,0
1.0,0.0,1.0,1.0,397716,9559,48,0,0,0
0.8864047484844237,0.11359525151557626,0.8864047484844237,0.8864047484844237,397739,9559,48,0,0,0
0.905014205717775,0.09498579428222498,0.905014205717775,0.905014205717775,397795,9559,48,0,0,0
0.7869138646928482,0.2130861353071518,0.7869138646928482,0.7869138646928482,397700,9559,48,0,0,0
0.9670024031492678,0.032997596850732225,0.9670024031492678,0.9670024031492678,397698,9559,48,0,0,0
1.0,0.0,1.0,1.0,397699,9559,48,0,0,0
1.0,0.0,1.0,1.0,397752,9559,48,0,0,0
0.865098982670186,0.13490101732981397,0.865098982670186,0.865098982670186,397765,9559,48,0,0,0
0.9025995250475293,0.09740047495247073,0.9025995250475293,0.9025995250475293,397736,9559,48,0,0,0
1.0,0.0,1.0,1.0,397754,9559,48,0,0,0
1.0,0.0,1.0,1.0,397743,9559,48,0,0,0
0.9203918752231823,0.07960812477681767,0.9203918752231823,0.9203918752231823,397790,9559,48,0,0,0
1.0,0.0,1.0,1.0,397770,9559,48,0,0,0
1.0,0.0,1.0,1.0,397751,9559,48,0,0,0
0.9605037635694214,0.039496236430578646,0.9605037635694214,0.9605037635694214,397711,9559,48,0,0,0
0.9565354987552908,0.04346450124470924,0.9565354987552908,0.9565354987552908,397757,9559,48,0,0,0
0.9644725445367491,0.03552745546325087,0.9644725445367491,0.9644725445367491,397781,9559,48,0,0,0
0.9687658745778782,0.031234125422121783,0.9687658745778782,0.9687658745778782,397775,9559,48,0,0,0
1.0,0.0,1.0,1.0,397771,9559,48,0,0,0
0.929960112085879,0.07003988791412097,0.929960112085879,0.929960112085879,397780,9559,48,0,0,0
1.0,0.0,1.0,1.0,397784,9559,48,0,0,0
0.9025542032281467,0.09744579677185328,0.9025542032281467,0.9025542032281467,397774,9559,48,0,0,0
0.9058439440659339,0.09415605593406606,0.9058439440659339,0.9058439440659339,397782,9559,48,0,0,0
1.0,0.0,1.0,1.0,397764,9559,48,0,0,0
0.9595117128345662,0.040488287165433845,0.9595117128345662,0.9595117128345662,397779,9559,48,0,0,0
1.0,0.0,1.0,1.0,397787,9559,48,0,0,0
0.9113345521375988,0.08866544786240116,0.9113345521375988,0.9113345521375988,397794,9559,48,0,0,0
0.6859201234747752,0.31407987652522484,0.6859201234747752,0.6859201234747752,397789,9559,48,0,0,0
0.9467472207983595,0.05325277920164051,0.9467472207983595,0.9467472207983595,397758,9559,48,0,0,0
0.7239767431754313,0.27602325682456874,0.7239767431754313,0.7239767431754313,403200,9675,8,0,0,0
1.0,0.0,1.0,1.0,403250,9675,8,0,0,0
0.979206371241205,0.02079362875879498,0.979206371241205,0.979206371241205,403197,9675,8,0,0,0
0.7935012217406834,0.20649877825931662,0.7935012217406834,0.7935012217406834,403215,9675,8,0,0,0
0.8861511164424895,0.11384888355751055,0.8861511164424895,0.8861511164424895,403201,9675,8,0,0,0
0.7971402048007168,0.2028597951992832,0.7971402048007168,0.7971402048007168,403207,9675,8,0,0,0
0.8645775056200811,0.13542249437991893,0.8645775056200811,0.8645775056200811,403210,9675,8,0,0,0
0.7600343971916713,0.23996560280832868,0.7600343971916713,0.7600343971916713,403254,9675,8,0,0,0
0.6548798919457927,0.34512010805420734,0.6548798919457927,0.6548798919457927,403216,9675,8,0,0,0
0.8377827767161572,0.1622172232838428,0.8377827767161572,0.8377827767161572,403256,9675,8,0,0,0
0.9059744994935781,0.09402550050642189,0.9059744994935781,0.9059744994935781,403211,9675,8,0,0,0
0.9877699638264673,0.012230036173532688,0.9877699638264673,0.9877699638264673,403255,9675,8,0,0,0
0.9148396994238012,0.08516030057619883,0.9148396994238012,0.9148396994238012,403199,9675,8,0,0,0
0.8601990604325112,0.13980093956748885,0.8601990604325112,0.8601990604325112,403213,9675,8,0,0,0
0.9725906109584924,0.02740938904150758,0.9725906109584924,0.9725906109584924,403183,9675,8,0,0,0
1.0,0.0,1.0,1.0,403185,9675,8,0,0,0
0.8524955498608248,0.14750445013917524,0.8524955498608248,0.8524955498608248,403179,9675,8,0,0,0
1.0,0.0,1.0,1.0,403233,9675,8,0,0,0
1.0,0.0,1.0,1.0,403190,9675,8,0,0,0
0.8388314866469873,0.16116851335301274,0.8388314866469873,0.8388314866469873,403189,9675,8,0,0,0
0.7582827841280548,0.24171721587194517,0.7582827841280548,0.7582827841280548,403263,9675,8,0,0,0
0.8403394947921093,0.15966050520789066,0.8403394947921093,0.8403394947921093,403191,9675,8,0,0,0
0.7698884906185354,0.23011150938146463,0.7698884906185354,0.7698884906185354,403198,9675,8,0,0,0
1.0,0.0,1.0,1.0,403192,9675,8,0,0,0
0.9267289559114456,0.07327104408855445,0.9267289559114456,0.9267289559114456,403194,9675,8,0,0,0
0.9040102569027599,0.09598974309724007,0.9040102569027599,0.9040102569027599,403244,9675,8,0,0,0
0.8900527602361658,0.10994723976383425,0.8900527602361658,0.8900527602361658,403208,9675,8,0,0,0
1.0,0.0,1.0,1.0,403184,9675,8,0,0,0
0.8991147801976804,0.10088521980231957,0.8991147801976804,0.8991147801976804,403187,9675,8,0,0,0
1.0,0.0,1.0,1.0,403193,9675,8,0,0,0
0.796646977226518,0.203353022773482,0.796646977226518,0.796646977226518,403217,9675,8,0,0,0
0.9848261419341969,0.01517385806580307,0.9848261419341969,0.9848261419341969,403272,9675,8,0,0,0
0.888943031540731,0.11105696845926905,0.888943031540731,0.888943031540731,403177,9675,8,0,0,0
0.8316779519682079,0.16832204803179207,0.8316779519682079,0.8316779519682079,403175,9675,8,0,0,0
0.8933311373531813,0.10666886264681874,0.8933311373531813,0.8933311373531813,403176,9675,8,0,0,0
0.9199240756887734,0.08007592431122657,0.9199240756887734,0.9199240756887734,403230,9675,8,0,0,0
0.8017866770617167,0.1982133229382833,0.8017866770617167,0.8017866770617167,403243,9675,8,0,0,0
1.0,0.0,1.0,1.0,403214,9675,8,0,0,0
0.818429346373367,0.18157065362663305,0.818429346373367,0.818429346373367,403232,9675,8,0,0,0
0.9563840692568784,0.043615930743121645,0.9563840692568784,0.9563840692568784,403221,9675,8,0,0,0
0.9447665828417184,0.05523341715828156,0.9447665828417184,0.9447665828417184,403267,9675,8,0,0,0
0.868337421487672,0.131662578512328,0.868337421487672,0.868337421487672,403248,9675,8,0,0,0
0.951432814446946,0.04856718555305395,0.951432814446946,0.951432814446946,403229,9675,8,0,0,0
0.8509393708474818,0.14906062915251816,0.8509393708474818,0.8509393708474818,403188,9675,8,0,0,0
1.0,0.0,1.0,1.0,403235,9675,8,0,0,0
1.0,0.0,1.0,1.0,403259,9675,8,0,0,0
0.960636583720377,0.03936341627962303,0.960636583720377,0.960636583720377,403253,9675,8,0,0,0
1.0,0.0,1.0,1.0,403249,9675,8,0,0,0
0.9980720288120913,0.0019279711879086614,0.9980720288120913,0.9980720288120913,403258,9675,8,0,0,0
0.8822383958970954,0.1177616041029046,0.8822383958970954,0.8822383958970954,403274,9675,8,2,1,0
0.9933752635228533,0.0066247364771466755,0.9933752635228533,0.9933752635228533,403252,9675,8,0,0,0
0.9371098235464297,0.06289017645357031,0.9371098235464297,0.9371098235464297,403260,9675,8,0,0,0
0.9467430687757604,0.05325693122423958,0.9467430687757604,0.9467430687757604,403242,9675,8,0,0,0
0.695684997042377,0.30431500295762304,0.695684997042377,0.695684997042377,403257,9675,8,0,0,0
0.8509607857776568,0.14903921422234323,0.8509607857776568,0.8509607857776568,403264,9675,8,0,0,0
0.976429919463075,0.023570080536924998,0.976429919463075,0.976429919463075,403271,9675,8,0,0,0
0.8738019693686538,0.12619803063134616,0.8738019693686538,0.8738019693686538,403266,9675,8,0,0,0
0.8874239090998723,0.11257609090012766,0.8874239090998723,0.8874239090998723,403236,9675,8,0,0,0
0.7968828742234453,0.20311712577655472,0.7968828742234453,0.7968828742234453,400276,9611,5,0,0,0
1.0,0.0,1.0,1.0,400326,9611,5,0,0,0
0.8606443551145118,0.13935564488548824,0.8606443551145118,0.8606443551145118,400273,9611,5,0,0,0
0.7842654524220399,0.21573454757796007,0.7842654524220399,0.7842654524220399,400291,9611,5,0,0,0
0.8412474499176849,0.15875255008231515,0.8412474499176849,0.8412474499176849,400277,9611,5,0,0,0
0.7248461154115295,0.27515388458847045,0.7248461154115295,0.7248461154115295,400283,9611,5,0,0,0
0.8927279149307772,0.10727208506922281,0.8927279149307772,0.8927279149307772,400286,9611,5,0,0,0
0.7415495238574972,0.2584504761425028,0.7415495238574972,0.7415495238574972,400329,9611,5,0,0,0
0.6829794824112672,0.31702051758873284,0.6829794824112672,0.6829794824112672,400292,9611,5,0,0,0
0.822460721765095,0.177539278234905,0.822460721765095,0.822460721765095,400331,9611,5,0,0,0
0.9235641947258735,0.07643580527412652,0.9235641947258735,0.9235641947258735,400287,9611,5,0,0,0
1.0,0.0,1.0,1.0,400330,9611,5,0,0,0
0.9620264138827824,0.03797358611721757,0.9620264138827824,0.9620264138827824,400275,9611,5,0,0,0
0.7948947525621415,0.20510524743785852,0.7948947525621415,0.7948947525621415,400289,9611,5,0,0,0
0.757934024113757,0.242065975886243,0.757934024113757,0.757934024113757,400259,9611,5,0,0,0
1.0,0.0,1.0,1.0,400261,9611,5,0,0,0
0.912420743972906,0.08757925602709404,0.912420743972906,0.912420743972906,400255,9611,5,0,0,0
0.6233110057511102,0.3766889942488898,0.6233110057511102,0.6233110057511102,400309,9611,5,0,0,0
1.0,0.0,1.0,1.0,400266,9611,5,0,0,0
0.6840247699099201,0.3159752300900799,0.6840247699099201,0.6840247699099201,400265,9611,5,0,0,0
1.0,0.0,1.0,1.0,400339,9611,5,0,0,0
1.0,0.0,1.0,1.0,400267,9611,5,0,0,0
0.7917435777907454,0.20825642220925455,0.7917435777907454,0.7917435777907454,400274,9611,5,0,0,0
0.9457393808587533,0.05426061914124669,0.9457393808587533,0.9457393808587533,400268,9611,5,0,0,0
0.7913269676693686,0.2086730323306314,0.7913269676693686,0.7913269676693686,400270,9611,5,0,0,0
0.8263409122139123,0.17365908778608774,0.8263409122139123,0.8263409122139123,400320,9611,5,0,0,0
0.8650103671226355,0.13498963287736454,0.8650103671226355,0.8650103671226355,400284,9611,5,0,0,0
0.852735230355751,0.14726476964424895,0.852735230355751,0.852735230355751,400260,9611,5,0,0,0
0.8482981921020664,0.15170180789793364,0.8482981921020664,0.8482981921020664,400263,9611,5,0,0,0
0.8400198205789867,0.15998017942101328,0.8400198205789867,0.8400198205789867,400269,9611,5,0,0,0
0.7395004757778678,0.2604995242221322,0.7395004757778678,0.7395004757778678,400293,9611,5,0,0,0
0.7284810853693421,0.2715189146306579,0.7284810853693421,0.7284810853693421,400348,9611,5,0,0,0
0.6580880715622377,0.3419119284377623,0.6580880715622377,0.6580880715622377,400253,9611,5,0,0,0
0.8881992825643986,0.11180071743560138,0.8881992825643986,0.8881992825643986,400251,9611,5,0,0,0
0.6319188119020482,0.36808118809795176,0.6319188119020482,0.6319188119020482,400252,9611,5,0,0,0
1.0,0.0,1.0,1.0,400306,9611,5,0,0,0
0.7556587192640131,0.24434128073598693,0.7556587192640131,0.7556587192640131,400319,9611,5,0,0,0
0.8473559760872084,0.15264402391279164,0.8473559760872084,0.8473559760872084,400290,9611,5,0,0,0
0.6677695567733286,0.3322304432266714,0.6677695567733286,0.6677695567733286,400308,9611,5,0,0,0
0.6904769018797162,0.3095230981202838,0.6904769018797162,0.6904769018797162,400297,9611,5,0,0,0
0.8363251449190575,0.16367485508094248,0.8363251449190575,0.8363251449190575,400343,9611,5,0,0,0
0.8751081110269209,0.12489188897307912,0.8751081110269209,0.8751081110269209,400324,9611,5,0,0,0
0.970117431665163,0.029882568334837045,0.970117431665163,0.970117431665163,400305,9611,5,0,0,0
0.979174370228844,0.020825629771155985,0.979174370228844,0.979174370228844,400264,9611,5,0,0,0
0.726967600032731,0.273032399967269,0.726967600032731,0.726967600032731,400311,9611,5,0,0,0
0.9222463929216513,0.07775360707834866,0.9222463929216513,0.9222463929216513,400334,9611,5,0,0,0
0.7651855427957736,0.23481445720422645,0.7651855427957736,0.7651855427957736,400328,9611,5,0,0,0
0.8880984039037918,0.1119015960962082,0.8880984039037918,0.8880984039037918,400325,9611,5,0,0,0
1.0,0.0,1.0,1.0,400333,9611,5,0,0,0
0.9553156603717046,0.04468433962829543,0.9553156603717046,0.9553156603717046,400337,9611,5,0,0,0
0.9070879697335936,0.09291203026640638,0.9070879697335936,0.9070879697335936,400350,9611,5,2,1,0
0.9116343794110708,0.08836562058892916,0.9116343794110708,0.9116343794110708,400335,9611,5,0,0,0
0.7238252133974914,0.2761747866025086,0.7238252133974914,0.7238252133974914,400318,9611,5,0,0,0
0.8526804467304169,0.14731955326958313,0.8526804467304169,0.8526804467304169,400332,9611,5,0,0,0
1.0,0.0,1.0,1.0,400340,9611,5,0,0,0
0.7374287225906146,0.26257127740938535,0.7374287225906146,0.7374287225906146,400347,9611,5,0,0,0
0.9236138204619346,0.07638617953806537,0.9236138204619346,0.9236138204619346,400342,9611,5,0,0,0
0.7462656895839073,0.25373431041609273,0.7462656895839073,0.7462656895839073,400312,9611,5,0,0,0
1.0,0.0,1.0,1.0,405100,9716,11,0,0,0
0.9018175577162709,0.09818244228372908,0.9018175577162709,0.9018175577162709,405149,9716,11,0,0,0
0.9458366245644954,0.054163375435504646,0.9458366245644954,0.9458366245644954,405097,9716,11,0,0,0
0.9114184121531805,0.08858158784681947,0.9114184121531805,0.9114184121531805,405115,9716,11,0,0,0
0.8085680187267852,0.1914319812732148,0.8085680187267852,0.8085680187267852,405101,9716,11,0,0,0
0.8470086679289944,0.15299133207100557,0.8470086679289944,0.8470086679289944,405107,9716,11,0,0,0
0.8386621721934274,0.16133782780657258,0.8386621721934274,0.8386621721934274,405110,9716,11,0,0,0
0.7034546525728139,0.2965453474271861,0.7034546525728139,0.7034546525728139,405153,9716,11,0,0,0
0.8656369015550928,0.13436309844490724,0.8656369015550928,0.8656369015550928,405116,9716,11,0,0,0
0.9148206273878757,0.08517937261212427,0.9148206273878757,0.9148206273878757,405155,9716,11,0,0,0
0.849034386891888,0.15096561310811196,0.849034386891888,0.849034386891888,405111,9716,11,0,0,0
0.9139275403366384,0.08607245966336163,0.9139275403366384,0.9139275403366384,405154,9716,11,0,0,0
0.9803646723588679,0.019635327641132072,0.9803646723588679,0.9803646723588679,405099,9716,11,0,0,0
0.8734548656901843,0.12654513430981573,0.8734548656901843,0.8734548656901843,405113,9716,11,0,0,0
0.8073735079434246,0.19262649205657545,0.8073735079434246,0.8073735079434246,405083,9716,11,0,0,0
1.0,0.0,1.0,1.0,405085,9716,11,0,0,0
0.7705017182409741,0.22949828175902587,0.7705017182409741,0.7705017182409741,405079,9716,11,0,0,0
0.9456989158714344,0.0543010841285656,0.9456989158714344,0.9456989158714344,405133,9716,11,0,0,0
0.8596625007950554,0.14033749920494465,0.8596625007950554,0.8596625007950554,405090,9716,11,0,0,0
1.0,0.0,1.0,1.0,405089,9716,11,0,0,0
0.862735540655249,0.13726445934475096,0.862735540655249,0.862735540655249,405163,9716,11,0,0,0
0.6930926070520815,0.30690739294791847,0.6930926070520815,0.6930926070520815,405091,9716,11,0,0,0
0.8169843149285189,0.18301568507148114,0.8169843149285189,0.8169843149285189,405098,9716,11,0,0,0
0.8686425392552906,0.13135746074470944,0.8686425392552906,0.8686425392552906,405092,9716,11,0,0,0
1.0,0.0,1.0,1.0,405094,9716,11,0,0,0
0.9638535005624363,0.03614649943756365,0.9638535005624363,0.9638535005624363,405143,9716,11,0,0,0
0.9430703975520925,0.05692960244790746,0.9430703975520925,0.9430703975520925,405108,9716,11,0,0,0
0.9066347027948839,0.0933652972051161,0.9066347027948839,0.9066347027948839,405084,9716,11,0,0,0
0.9422072067652105,0.057792793234789475,0.9422072067652105,0.9422072067652105,405087,9716,11,0,0,0
0.7990890490982153,0.20091095090178468,0.7990890490982153,0.7990890490982153,405093,9716,11,0,0,0
0.615399581479065,0.38460041852093496,0.615399581479065,0.615399581479065,405117,9716,11,0,0,0
0.9489238068508669,0.05107619314913314,0.9489238068508669,0.9489238068508669,405172,9716,11,0,0,0
0.7683152062368807,0.23168479376311935,0.7683152062368807,0.7683152062368807,405077,9716,11,0,0,0
0.9983546266675982,0.0016453733324017783,0.9983546266675982,0.9983546266675982,405075,9716,11,0,0,0
0.8922964725487832,0.10770352745121681,0.8922964725487832,0.8922964725487832,405076,9716,11,0,0,0
1.0,0.0,1.0,1.0,405130,9716,11,0,0,0
0.8995420459639296,0.10045795403607038,0.8995420459639296,0.8995420459639296,405142,9716,11,0,0,0
0.9807898433067564,0.019210156693243552,0.9807898433067564,0.9807898433067564,405114,9716,11,0,0,0
0.7682938973964365,0.2317061026035635,0.7682938973964365,0.7682938973964365,405132,9716,11,0,0,0
0.6795252527158893,0.32047474728411074,0.6795252527158893,0.6795252527158893,405121,9716,11,0,0,0
0.7508660276069556,0.24913397239304436,0.7508660276069556,0.7508660276069556,405167,9716,11,0,0,0
0.9006109367177079,0.09938906328229213,0.9006109367177079,0.9006109367177079,405147,9716,11,0,0,0
0.9976488597201825,0.002351140279817532,0.9976488597201825,0.9976488597201825,405129,9716,11,0,0,0
0.9703562318932261,0.029643768106773938,0.9703562318932261,0.9703562318932261,405088,9716,11,0,0,0
0.6427113897383242,0.3572886102616758,0.6427113897383242,0.6427113897383242,405174,9716,11,2,1,0
0.8265522580021711,0.17344774199782886,0.8265522580021711,0.8265522580021711,405158,9716,11,0,0,0
0.9184636304609226,0.08153636953907739,0.9184636304609226,0.9184636304609226,405152,9716,11,0,0,0
1.0,0.0,1.0,1.0,405148,9716,11,0,0,0
1.0,0.0,1.0,1.0,405157,9716,11,0,0,0
0.9541456661966649,0.045854333803335146,0.9541456661966649,0.9541456661966649,405161,9716,11,0,0,0
0.8768542456332207,0.12314575436677933,0.8768542456332207,0.8768542456332207,405151,9716,11,0,0,0
0.8768340007497719,0.12316599925022809,0.8768340007497719,0.8768340007497719,405159,9716,11,0,0,0
0.9462079874958651,0.0537920125041349,0.9462079874958651,0.9462079874958651,405141,9716,11,0,0,0
0.8596784086363889,0.1403215913636111,0.8596784086363889,0.8596784086363889,405156,9716,11,0,0,0
0.9812286816422604,0.018771318357739597,0.9812286816422604,0.9812286816422604,405164,9716,11,0,0,0
0.8759165573887517,0.12408344261124826,0.8759165573887517,0.8759165573887517,405171,9716,11,0,0,0
0.7087447008292111,0.29125529917078885,0.7087447008292111,0.7087447008292111,405166,9716,11,0,0,0
0.9695245511915134,0.030475448808486627,0.9695245511915134,0.9695245511915134,405135,9716,11,0,0,0
0.9333432200189115,0.06665677998108854,0.9333432200189115,0.9333432200189115,399061,9587,4,0,0,0
0.680125689288537,0.319874310711463,0.680125689288537,0.680125689288537,399111,9587,4,0,0,0
0.9508458985451524,0.049154101454847554,0.9508458985451524,0.9508458985451524,399058,9587,4,0,0,0
1.0,0.0,1.0,1.0,399076,9587,4,0,0,0
0.917950994897635,0.08204900510236501,0.917950994897635,0.917950994897635,399062,9587,4,0,0,0
0.9489089550877581,0.05109104491224192,0.9489089550877581,0.9489089550877581,399068,9587,4,0,0,0
0.9473831736895509,0.05261682631044906,0.9473831736895509,0.9473831736895509,399071,9587,4,0,0,0
0.6921896125800704,0.3078103874199296,0.6921896125800704,0.6921896125800704,399115,9587,4,0,0,0
0.9365917497755855,0.06340825022441454,0.9365917497755855,0.9365917497755855,399077,9587,4,0,0,0
0.9467741342445499,0.053225865755450075,0.9467741342445499,0.9467741342445499,399117,9587,4,0,0,0
0.9083066928723859,0.09169330712761414,0.9083066928723859,0.9083066928723859,399072,9587,4,0,0,0
0.9345536884256364,0.06544631157436365,0.9345536884256364,0.9345536884256364,399116,9587,4,0,0,0
0.9420234357492774,0.05797656425072262,0.9420234357492774,0.9420234357492774,399060,9587,4,0,0,0
0.7681847121770736,0.23181528782292637,0.7681847121770736,0.7681847121770736,399074,9587,4,0,0,0
0.7458717848360759,0.25412821516392414,0.7458717848360759,0.7458717848360759,399045,9587,4,0,0,0
0.9787665556667767,0.021233444333223273,0.9787665556667767,0.9787665556667767,399047,9587,4,0,0,0
0.8351361906139902,0.16486380938600975,0.8351361906139902,0.8351361906139902,399041,9587,4,0,0,0
1.0,0.0,1.0,1.0,399094,9587,4,0,0,0
0.7960892845012547,0.2039107154987453,0.7960892845012547,0.7960892845012547,399052,9587,4,0,0,0
0.8514989778009736,0.1485010221990264,0.8514989778009736,0.8514989778009736,399051,9587,4,0,0,0
0.8517392307405222,0.14826076925947784,0.8517392307405222,0.8517392307405222,399125,9587,4,0,0,0
0.8971335100496107,0.10286648995038927,0.8971335100496107,0.8971335100496107,399136,9587,4,2,1,0
0.9445730326633769,0.05542696733662311,0.9445730326633769,0.9445730326633769,399059,9587,4,0,0,0
0.8300582841336028,0.16994171586639717,0.8300582841336028,0.8300582841336028,399053,9587,4,0,0,0
0.9839477181807836,0.016052281819216363,0.9839477181807836,0.9839477181807836,399055,9587,4,0,0,0
0.8557798690481278,0.14422013095187225,0.8557798690481278,0.8557798690481278,399105,9587,4,0,0,0
0.9140063220882142,0.0859936779117858,0.9140063220882142,0.9140063220882142,399069,9587,4,0,0,0
0.7804930828733877,0.2195069171266123,0.7804930828733877,0.7804930828733877,399046,9587,4,0,0,0
0.9494850332686092,0.050514966731390776,0.9494850332686092,0.9494850332686092,399049,9587,4,0,0,0
0.9072894101982231,0.09271058980177693,0.9072894101982231,0.9072894101982231,399054,9587,4,0,0,0
0.8778651687988938,0.12213483120110624,0.8778651687988938,0.8778651687988938,399078,9587,4,0,0,0
0.798907938836208,0.20109206116379197,0.798907938836208,0.798907938836208,399134,9587,4,0,0,0
0.9400701717009738,0.059929828299026155,0.9400701717009738,0.9400701717009738,399039,9587,4,0,0,0
0.8842461676222184,0.11575383237778158,0.8842461676222184,0.8842461676222184,399037,9587,4,0,0,0
1.0,0.0,1.0,1.0,399038,9587,4,0,0,0
0.994112044692535,0.005887955307464998,0.994112044692535,0.994112044692535,399091,9587,4,0,0,0
0.7995723514233299,0.20042764857667006,0.7995723514233299,0.7995723514233299,399104,9587,4,0,0,0
1.0,0.0,1.0,1.0,399075,9587,4,0,0,0
0.884596797753774,0.11540320224622602,0.884596797753774,0.884596797753774,399093,9587,4,0,0,0
0.7747052972433373,0.22529470275666275,0.7747052972433373,0.7747052972433373,399082,9587,4,0,0,0
0.973636475308151,0.026363524691848994,0.973636475308151,0.973636475308151,399129,9587,4,0,0,0
0.8631441604561306,0.13685583954386937,0.8631441604561306,0.8631441604561306,399109,9587,4,0,0,0
0.9854674779231644,0.014532522076835641,0.9854674779231644,0.9854674779231644,399090,9587,4,0,0,0
1.0,0.0,1.0,1.0,399050,9587,4,0,0,0
0.9481604420622651,0.05183955793773487,0.9481604420622651,0.9481604420622651,399096,9587,4,0,0,0
1.0,0.0,1.0,1.0,399120,9587,4,0,0,0
0.9158658999673266,0.08413410003267341,0.9158658999673266,0.9158658999673266,399114,9587,4,0,0,0
0.9840313014254166,0.015968698574583384,0.9840313014254166,0.9840313014254166,399110,9587,4,0,0,0
0.8874872334954856,0.11251276650451436,0.8874872334954856,0.8874872334954856,399119,9587,4,0,0,0
1.0,0.0,1.0,1.0,399123,9587,4,0,0,0
1.0,0.0,1.0,1.0,399113,9587,4,0,0,0
1.0,0.0,1.0,1.0,399121,9587,4,0,0,0
0.9175940804440827,0.08240591955591725,0.9175940804440827,0.9175940804440827,399103,9587,4,0,0,0
1.0,0.0,1.0,1.0,399118,9587,4,0,0,0
0.8481521464255957,0.15184785357440433,0.8481521464255957,0.8481521464255957,399126,9587,4,0,0,0
0.8527196537052024,0.14728034629479758,0.8527196537052024,0.8527196537052024,399133,9587,4,0,0,0
0.7919828128148305,0.20801718718516948,0.7919828128148305,0.7919828128148305,399128,9587,4,0,0,0
0.9484873399555682,0.05151266004443178,0.9484873399555682,0.9484873399555682,399097,9587,4,0,0,0
0.7885557578709937,0.21144424212900625,0.7885557578709937,0.7885557578709937,396145,9529,3,0,0,0
0.8843401200180097,0.11565987998199034,0.8843401200180097,0.8843401200180097,396195,9529,3,0,0,0
0.937608480756923,0.062391519243076954,0.937608480756923,0.937608480756923,396142,9529,3,0,0,0
0.8912932533926383,0.10870674660736168,0.8912932533926383,0.8912932533926383,396160,9529,3,0,0,0
0.6563595715308507,0.34364042846914933,0.6563595715308507,0.6563595715308507,396146,9529,3,0,0,0
0.7839321287141559,0.21606787128584415,0.7839321287141559,0.7839321287141559,396152,9529,3,0,0,0
0.787778140328765,0.21222185967123497,0.787778140328765,0.787778140328765,396155,9529,3,0,0,0
0.8294407804518612,0.1705592195481388,0.8294407804518612,0.8294407804518612,396199,9529,3,0,0,0
0.9262075968958547,0.07379240310414525,0.9262075968958547,0.9262075968958547,396161,9529,3,0,0,0
1.0,0.0,1.0,1.0,396200,9529,3,0,0,0
0.9992996513559682,0.0007003486440317896,0.9992996513559682,0.9992996513559682,396156,9529,3,0,0,0
0.9103791296207426,0.08962087037925737,0.9103791296207426,0.9103791296207426,396219,9529,3,2,1,0
0.9980255822155352,0.0019744177844648325,0.9980255822155352,0.9980255822155352,396144,9529,3,0,0,0
0.8027389210537064,0.19726107894629363,0.8027389210537064,0.8027389210537064,396158,9529,3,0,0,0
0.7781207597702818,0.22187924022971817,0.7781207597702818,0.7781207597702818,396128,9529,3,0,0,0
1.0,0.0,1.0,1.0,396130,9529,3,0,0,0
0.9725176253601979,0.027482374639802076,0.9725176253601979,0.9725176253601979,396124,9529,3,0,0,0
0.8344204647084246,0.16557953529157543,0.8344204647084246,0.8344204647084246,396178,9529,3,0,0,0
1.0,0.0,1.0,1.0,396135,9529,3,0,0,0
0.981351696776709,0.01864830322329103,0.981351696776709,0.981351696776709,396134,9529,3,0,0,0
0.7758937573492545,0.22410624265074552,0.7758937573492545,0.7758937573492545,396208,9529,3,0,0,0
0.664973601184377,0.335026398815623,0.664973601184377,0.664973601184377,396136,9529,3,0,0,0
0.7886174228153489,0.21138257718465114,0.7886174228153489,0.7886174228153489,396143,9529,3,0,0,0
0.9760152680541533,0.023984731945846716,0.9760152680541533,0.9760152680541533,396137,9529,3,0,0,0
1.0,0.0,1.0,1.0,396139,9529,3,0,0,0
0.9942841697846493,0.0057158302153507146,0.9942841697846493,0.9942841697846493,396189,9529,3,0,0,0
0.8269024619913411,0.1730975380086589,0.8269024619913411,0.8269024619913411,396153,9529,3,0,0,0
1.0,0.0,1.0,1.0,396129,9529,3,0,0,0
0.8807921836568152,0.11920781634318478,0.8807921836568152,0.8807921836568152,396132,9529,3,0,0,0
0.847019772392401,0.152980227607599,0.847019772392401,0.847019772392401,396138,9529,3,0,0,0
0.6415711309837977,0.3584288690162023,0.6415711309837977,0.6415711309837977,396162,9529,3,0,0,0
1.0,0.0,1.0,1.0,396217,9529,3,0,0,0
0.951192357365997,0.048807642634002946,0.951192357365997,0.951192357365997,396122,9529,3,0,0,0
0.9209328254188598,0.07906717458114021,0.9209328254188598,0.9209328254188598,396120,9529,3,0,0,0
0.7656600915967873,0.23433990840321273,0.7656600915967873,0.7656600915967873,396121,9529,3,0,0,0
0.7450655399687174,0.2549344600312826,0.7450655399687174,0.7450655399687174,396175,9529,3,0,0,0
1.0,0.0,1.0,1.0,396188,9529,3,0,0,0
0.9141702794805497,0.08582972051945026,0.9141702794805497,0.9141702794805497,396159,9529,3,0,0,0
0.9164723340111036,0.08352766598889638,0.9164723340111036,0.9164723340111036,396177,9529,3,0,0,0
0.7085414953496998,0.2914585046503002,0.7085414953496998,0.7085414953496998,396166,9529,3,0,0,0
0.975704448747146,0.024295551252853986,0.975704448747146,0.975704448747146,396212,9529,3,0,0,0
1.0,0.0,1.0,1.0,396193,9529,3,0,0,0
1.0,0.0,1.0,1.0,396174,9529,3,0,0,0
0.7945055137272681,0.20549448627273192,0.7945055137272681,0.7945055137272681,396133,9529,3,0,0,0
0.7962911986376415,0.20370880136235847,0.7962911986376415,0.7962911986376415,396180,9529,3,0,0,0
0.6178051720565326,0.3821948279434674,0.6178051720565326,0.6178051720565326,396203,9529,3,0,0,0
0.8785129993932299,0.12148700060677009,0.8785129993932299,0.8785129993932299,396198,9529,3,0,0,0
0.9289360632337417,0.07106393676625833,0.9289360632337417,0.9289360632337417,396194,9529,3,0,0,0
1.0,0.0,1.0,1.0,396202,9529,3,0,0,0
0.9611914400609497,0.0388085599390503,0.9611914400609497,0.9611914400609497,396206,9529,3,0,0,0
0.9320632937177257,0.06793670628227433,0.9320632937177257,0.9320632937177257,396197,9529,3,0,0,0
1.0,0.0,1.0,1.0,396204,9529,3,0,0,0
0.9159837809316189,0.08401621906838108,0.9159837809316189,0.9159837809316189,396187,9529,3,0,0,0
0.8838300169347533,0.11616998306524673,0.8838300169347533,0.8838300169347533,396201,9529,3,0,0,0
1.0,0.0,1.0,1.0,396209,9529,3,0,0,0
1.0,0.0,1.0,1.0,396216,9529,3,0,0,0
0.7518726052701431,0.2481273947298569,0.7518726052701431,0.7518726052701431,396211,9529,3,0,0,0
0.8262640919183969,0.1737359080816031,0.8262640919183969,0.8262640919183969,396181,9529,3,0,0,0
0.800567213135997,0.199432786864003,0.800567213135997,0.800567213135997,404575,9705,4,0,0,0
0.6162971854905983,0.3837028145094017,0.6162971854905983,0.6162971854905983,404625,9705,4,0,0,0
0.8355141123571947,0.16448588764280525,0.8355141123571947,0.8355141123571947,404572,9705,4,0,0,0
0.797144621546473,0.20285537845352697,0.797144621546473,0.797144621546473,404590,9705,4,0,0,0
0.9754660994064696,0.024533900593530444,0.9754660994064696,0.9754660994064696,404576,9705,4,0,0,0
0.8347802980220653,0.16521970197793467,0.8347802980220653,0.8347802980220653,404582,9705,4,0,0,0
0.8827444399730564,0.1172555600269436,0.8827444399730564,0.8827444399730564,404585,9705,4,0,0,0
1.0,0.0,1.0,1.0,404629,9705,4,0,0,0
0.9263206103624874,0.07367938963751264,0.9263206103624874,0.9263206103624874,404591,9705,4,0,0,0
0.9323999250181512,0.06760007498184883,0.9323999250181512,0.9323999250181512,404631,9705,4,0,0,0
0.9110921558654262,0.08890784413457375,0.9110921558654262,0.9110921558654262,404586,9705,4,0,0,0
0.9340010778840799,0.06599892211592007,0.9340010778840799,0.9340010778840799,404630,9705,4,0,0,0
1.0,0.0,1.0,1.0,404574,9705,4,0,0,0
0.9310487357998334,0.06895126420016662,0.9310487357998334,0.9310487357998334,404588,9705,4,0,0,0
0.7943724520825013,0.2056275479174987,0.7943724520825013,0.7943724520825013,404558,9705,4,0,0,0
1.0,0.0,1.0,1.0,404560,9705,4,0,0,0
0.9749939789084924,0.025006021091507624,0.9749939789084924,0.9749939789084924,404554,9705,4,0,0,0
0.8327816223516161,0.16721837764838388,0.8327816223516161,0.8327816223516161,404608,9705,4,0,0,0
0.8399597184649283,0.16004028153507166,0.8399597184649283,0.8399597184649283,404565,9705,4,0,0,0
0.8162503431268294,0.18374965687317057,0.8162503431268294,0.8162503431268294,404564,9705,4,0,0,0
0.920843334204556,0.079156665795444,0.920843334204556,0.920843334204556,404638,9705,4,0,0,0
1.0,0.0,1.0,1.0,404566,9705,4,0,0,0
0.7895071590984108,0.21049284090158915,0.7895071590984108,0.7895071590984108,404573,9705,4,0,0,0
0.9919951046598892,0.00800489534011084,0.9919951046598892,0.9919951046598892,404567,9705,4,0,0,0
0.9154780207831617,0.08452197921683835,0.9154780207831617,0.9154780207831617,404569,9705,4,0,0,0
0.8083871620970269,0.19161283790297312,0.8083871620970269,0.8083871620970269,404619,9705,4,0,0,0
0.9130184167358973,0.08698158326410266,0.9130184167358973,0.9130184167358973,404583,9705,4,0,0,0
1.0,0.0,1.0,1.0,404559,9705,4,0,0,0
0.9795380935974185,0.020461906402581498,0.9795380935974185,0.9795380935974185,404562,9705,4,0,0,0
0.9494458354905526,0.050554164509447386,0.9494458354905526,0.9494458354905526,404568,9705,4,0,0,0
0.902909762471708,0.09709023752829204,0.902909762471708,0.902909762471708,404592,9705,4,0,0,0
0.8397039315035143,0.1602960684964857,0.8397039315035143,0.8397039315035143,404647,9705,4,0,0,0
0.8075025679276491,0.19249743207235093,0.8075025679276491,0.8075025679276491,404552,9705,4,0,0,0
0.8037232188940535,0.19627678110594649,0.8037232188940535,0.8037232188940535,404550,9705,4,0,0,0
0.8201140091762867,0.17988599082371326,0.8201140091762867,0.8201140091762867,404551,9705,4,0,0,0
0.9499202004142009,0.05007979958579911,0.9499202004142009,0.9499202004142009,404605,9705,4,0,0,0
0.9563089185336544,0.043691081466345594,0.9563089185336544,0.9563089185336544,404618,9705,4,0,0,0
0.8669850776553107,0.13301492234468926,0.8669850776553107,0.8669850776553107,404589,9705,4,0,0,0
0.8581439789470497,0.14185602105295025,0.8581439789470497,0.8581439789470497,404607,9705,4,0,0,0
0.8458458321707565,0.15415416782924352,0.8458458321707565,0.8458458321707565,404596,9705,4,0,0,0
1.0,0.0,1.0,1.0,404642,9705,4,0,0,0
0.893346765060897,0.10665323493910295,0.893346765060897,0.893346765060897,404623,9705,4,0,0,0
0.9108239049970959,0.08917609500290413,0.9108239049970959,0.9108239049970959,404604,9705,4,0,0,0
0.9365730850025878,0.06342691499741215,0.9365730850025878,0.9365730850025878,404563,9705,4,0,0,0
1.0,0.0,1.0,1.0,404610,9705,4,0,0,0
1.0,0.0,1.0,1.0,404634,9705,4,0,0,0
0.830044918596097,0.16995508140390303,0.830044918596097,0.830044918596097,404628,9705,4,0,0,0
0.9548184300889411,0.04518156991105893,0.9548184300889411,0.9548184300889411,404624,9705,4,0,0,0
0.8653327869074403,0.1346672130925597,0.8653327869074403,0.8653327869074403,404633,9705,4,0,0,0
0.9274779048876431,0.07252209511235685,0.9274779048876431,0.9274779048876431,404649,9705,4,2,1,0
0.9841359454226496,0.015864054577350406,0.9841359454226496,0.9841359454226496,404627,9705,4,0,0,0
0.9397413437632108,0.060258656236789165,0.9397413437632108,0.9397413437632108,404635,9705,4,0,0,0
1.0,0.0,1.0,1.0,404617,9705,4,0,0,0
0.8102909714818334,0.18970902851816662,0.8102909714818334,0.8102909714818334,404632,9705,4,0,0,0
0.8662898374113585,0.13371016258864155,0.8662898374113585,0.8662898374113585,404639,9705,4,0,0,0
0.9134393100368354,0.08656068996316457,0.9134393100368354,0.9134393100368354,404646,9705,4,0,0,0
0.7696562756063298,0.23034372439367023,0.7696562756063298,0.7696562756063298,404641,9705,4,0,0,0
0.8918847409971692,0.10811525900283081,0.8918847409971692,0.8918847409971692,404611,9705,4,0,0,0
