1Rahhalatun,381,1,49250
1Rahhalatun,110,1,70053
1Rahhalatun,338,1,262189
248LaurenF,114,1,80832
248LaurenF,167,1,81765
248LaurenF,5,1,84152
624bryanl,477,1,137699
624bryanl,151,1,137901
624bryanl,239,1,138257
652rayq,211,1,154524
652rayq,335,1,155547
652rayq,460,1,155667
652rayq,151,1,155757
652rayq,310,1,155973
721nesss,514,1,224934
721nesss,338,1,226481
721nesss,444,1,226888
746justint,295,1,19072
746justint,295,1,51904
870JohnS,7,1,172321
870JohnS,335,1,198329
A5065VNrichardr,464,1,232156
Adderley3C,230,1,81690
Adderley3C,220,1,137813
Adderley3C,338,1,139742
Adderley3C,5,1,145195
Adderley3C,28,1,156254
Adderley3C,282,1,206717
Adderley3C,413,1,213502
Adderley3C,139,1,221357
Adderley3C,114,1,221870
BobT187,443,1,109909
BobT187,268,1,109989
BostonFlamingo,91,1,864
BostonFlamingo,28,1,1029
BostonFlamingo,282,1,45833
BostonFlamingo,29,1,45917
BostonFlamingo,477,1,169562
CSSnowshoer,22,1,33668
CSSnowshoer,91,1,47438
CSSnowshoer,126,1,48902
CSSnowshoer,338,1,61910
CSSnowshoer,514,1,216588
CSSnowshoer,28,1,216720
Cait684,220,1,56998
Cait684,69,1,64881
Cait684,114,1,78422
Canesbiggdogg,33,1,243934
Canesbiggdogg,35,1,244364
Canesbiggdogg,303,1,245687
Carencaren,132,1,193470
Carencaren,69,1,193715
Carencaren,484,1,193963
CarolD231,229,1,129291
CarolD231,5,1,129377
CarolD231,139,1,221700
Charming_Karl,126,1,39623
Charming_Karl,29,1,154654
Charming_Karl,126,1,154744
CuriousTravelerRadio,414,1,191076
CuriousTravelerRadio,464,1,217694
CuriousTravelerRadio,217,1,222709
Danuza,16,1,196951
Danuza,7,1,197044
Danuza,239,1,243115
Danuza,60,1,243227
Danuza,151,1,243339
DaveDuff,404,1,123636
DaveDuff,35,1,178432
DaveDuff,139,1,186425
DaveDuff,404,1,228697
DaveDuff,139,1,228796
DaveDuff,33,1,233764
DaveDuff,464,1,253882
DaveDuff,303,1,254227
DaveDuff,211,1,256076
DaveDuff,182,1,257687
Deebee16384,139,1,83542
Deebee16384,116,1,163350
Deebee16384,69,1,255104
EmilyB6,239,1,16989
EmilyB6,139,1,17136
F9713OQwalterc,182,1,54917
F9713OQwalterc,16,1,129726
F9713OQwalterc,229,1,129848
F9713OQwalterc,229,1,138430
F9713OQwalterc,28,1,181256
F9713OQwalterc,54,1,211493
F9713OQwalterc,28,1,211649
F9713OQwalterc,268,1,211868
F9713OQwalterc,444,1,211965
F9713OQwalterc,168,1,212755
Filmprof,28,1,75992
Filmprof,110,1,219272
Filmprof,28,1,241440
FineGueule46,114,1,1559
FineGueule46,84,1,127809
FontanaBananas,91,1,138725
FontanaBananas,220,1,138898
FontanaBananas,139,1,138986
GailG666,54,1,45702
GailG666,28,1,45978
JeffreyH617,151,1,20095
JeffreyH617,151,1,37599
JeffreyH617,69,1,77304
JenY762,5,1,64521
JenY762,414,1,69263
JenY762,414,1,79190
JenY762,303,1,83172
JenY762,230,1,122242
JillW655,413,1,136443
JillW655,126,1,166738
JillW655,404,1,214700
JudieF_12,29,1,168735
JudieF_12,282,1,168825
KFerg,229,1,111268
KFerg,7,1,187537
KFerg,424,1,192404
KLynnB,230,1,54747
KLynnB,395,1,58815
KLynnB,257,1,257258
Kait_De,132,1,120898
Kait_De,474,1,124758
Kait_De,237,1,139122
Kait_De,257,1,139331
Kait_De,230,1,143668
Kait_De,151,1,143900
Kait_De,477,1,143990
Kait_De,413,1,146107
Kait_De,60,1,150509
Kait_De,268,1,156560
Kait_De,58,1,182109
Kait_De,381,1,182200
Kait_De,151,1,201168
Kait_De,239,1,203789
Kait_De,404,1,222441
Kait_De,167,1,256475
Kipp7272,151,1,2727
Kipp7272,151,1,68565
Kipp7272,7,1,92547
Kitty228,303,1,36817
Kitty228,22,1,48733
Kslfromboston,464,1,113305
Kslfromboston,413,1,143378
Lexer75,489,1,141525
Lexer75,464,1,142481
M692,84,1,14684
M692,116,1,23058
M692,7,1,23114
MGD02135,310,1,171631
MangaMan,22,1,40030
MangaMan,295,1,190625
MangaMan,230,1,190891
MattCBoston,5,1,469
MattCBoston,126,1,1875
MattCBoston,282,1,29632
MaumelleJim,28,1,153486
Mbotaish,413,1,72001
Mbotaish,58,1,72201
Mbotaish,381,1,72274
Mbotaish,22,1,72347
Mbotaish,151,1,72468
Mbotaish,29,1,72873
MelisaC59,58,1,41868
MelisaC59,54,1,80430
MelissaP906,303,1,59026
MelissaP906,230,1,128593
MelissaP906,132,1,132404
MelissaP906,151,1,136355
MelissaP906,114,1,145020
MelissaP906,460,1,146403
MelissaP906,139,1,151835
Muralto60,230,1,163772
Muralto60,33,1,248837
Muralto60,220,1,263777
NuclearMamma,22,1,97264
NuclearMamma,475,1,218311
NuclearMamma,230,1,225831
O2708WLsh,229,1,175137
Pdxgirl2015,413,1,252223
Pdxgirl2015,460,1,257786
RJB1215,22,1,12408
RJB1215,28,1,131128
RachelleG_12,58,1,30718
RachelleG_12,84,1,70760
SLA37,168,1,112735
SLA37,338,1,120179
SM396,257,1,12846
SM396,237,1,16081
SM396,460,1,115540
Trainman334,217,1,123844
Trainman334,91,1,124011
TravelLoverBoston,167,1,19489
TravelLoverBoston,60,1,57671
TrevisoMA,413,1,70961
TrevisoMA,151,1,146914
TrevisoMA,69,1,207088
WINEandTRAVEL,84,1,4347
WINEandTRAVEL,69,1,40191
WINEandTRAVEL,28,1,42861
WINEandTRAVEL,168,1,92392
WINEandTRAVEL,69,1,124407
WINEandTRAVEL,335,1,153274
WINEandTRAVEL,503,1,173242
WINEandTRAVEL,519,1,205977
WINEandTRAVEL,475,1,206099
WINEandTRAVEL,503,1,208021
WINEandTRAVEL,84,1,208144
WINEandTRAVEL,517,1,209236
WINEandTRAVEL,503,1,217367
WINEandTRAVEL,151,1,221455
WINEandTRAVEL,517,1,231004
WINEandTRAVEL,69,1,236985
WINEandTRAVEL,484,1,242094
WINEandTRAVEL,517,1,248286
WINEandTRAVEL,475,1,251642
WorldView2,132,1,8012
WorldView2,414,1,131969
WorldView2,282,1,132141
WorldView2,182,1,170526
WorldView2,69,1,259822
WorldView2,5,1,260176
XavierPhoenix,29,1,23790
XavierPhoenix,424,1,76526
XavierPhoenix,16,1,81291
XavierPhoenix,69,1,81441
abbylok89,126,1,24727
abbylok89,114,1,56088
abbylok89,167,1,88152
abecedarius,168,1,48505
abecedarius,16,1,107142
abecedarius,168,1,139654
abecedarius,69,1,150419
abecedarius,69,1,184879
adrosenb,116,1,1588
adrosenb,229,1,33053
adrosenb,7,1,34570
adrosenb,338,1,34657
adrosenb,424,1,157448
amybK1717FR,237,1,133008
amybK1717FR,5,1,166220
amybK1717FR,484,1,196154
beachtravelerrrr,139,1,4566
beachtravelerrrr,220,1,135471
beachtravelerrrr,230,1,196061
bear628,22,1,71
bear628,58,1,358
bear628,60,1,388
bear628,5,1,435
copperbottom,69,1,96011
copperbottom,116,1,112817
copperbottom,58,1,133130
copperbottom,237,1,136717
copperbottom,151,1,147064
copperbottom,230,1,160609
copperbottom,220,1,165561
copperbottom,282,1,171059
copperbottom,151,1,246061
crcoop11,443,1,223051
crcoop11,151,1,241915
daksterinwaltham,58,1,127701
daksterinwaltham,60,1,152708
daksterinwaltham,310,1,225273
daksterinwaltham,58,1,246160
daksterinwaltham,460,1,249761
dmegalos,22,1,167942
erikas312,230,1,214798
erikas312,395,1,215105
erikas312,33,1,215423
erikas312,151,1,216284
fancythis72,116,1,3496
fancythis72,16,1,5131
fancythis72,54,1,7369
fancythis72,139,1,217993
gkincaid,110,1,21595
gkincaid,5,1,25887
gkincaid,132,1,28102
gkincaid,151,1,30794
havingfunagain,444,1,90749
havingfunagain,413,1,135648
havingfunagain,58,1,226056
hdalke1,60,1,70312
hdalke1,474,1,167410
hdalke1,460,1,172711
hdalke1,239,1,175900
hdalke1,474,1,199901
jwells3665,335,1,156705
jwells3665,268,1,164096
jwells3665,220,1,164874
kappy26,114,1,6745
kappy26,69,1,133216
kellygirl63,126,1,8671
kellygirl63,151,1,8771
kellygirl63,7,1,8893
lblg,168,1,3735
lblg,229,1,156855
lblg,424,1,160312
leafpeeper98,7,1,11
leafpeeper98,29,1,4887
leafpeeper98,7,1,30473
lip89,33,1,144
lip89,35,1,159
lip89,16,1,187
lip89,69,1,505
lip89,110,1,1379
lip89,132,1,68001
micstebou,33,1,173659
micstebou,295,1,174006
micstebou,230,1,180404
mikeys2,404,1,256175
mjgboston,16,1,181075
nenichacin,60,1,192523
nenichacin,22,1,192642
nenichacin,460,1,192795
nenichacin,484,1,258306
oyyveyy,22,1,19633
parker617,132,1,2010
parker617,182,1,4619
parker617,29,1,4655
parker617,211,1,7525
parker617,33,1,7612
parker617,217,1,7877
parker617,132,1,9782
parker617,132,1,13534
parker617,217,1,15014
parker617,230,1,15065
parker617,29,1,15116
parker617,151,1,15275
parker617,229,1,15343
parker617,230,1,20504
parker617,151,1,20637
parker617,211,1,20841
parker617,28,1,27739
parker617,217,1,27798
parker617,139,1,28024
parker617,167,1,33993
parker617,230,1,74871
plastx2,220,1,41411
plastx2,126,1,64049
rachael1107,139,1,246758
sfbarb,168,1,9547
sfbarb,110,1,12939
sfbarb,29,1,36360
sfbarb,22,1,70211
sfbarb,84,1,75704
swelch,5,1,6
swelch,16,1,46
swelch,29,1,115
swelch,54,1,339
swelch,168,1,3461
thegreatone3182,335,1,109400
thegreatone3182,424,1,178792
tinaNtravel,460,1,228130
tj0nesbari,167,1,37229
tj0nesbari,58,1,37800
travveller95,338,1,91561
travveller95,413,1,223593
wheresthebeach123,444,1,104461
wheresthebeach123,28,1,104564
wheresthebeach123,33,1,104642
wheresthebeach123,414,1,104720
DaveDuff,29,1,270537
DaveDuff,517,1,274740
DaveDuff,268,1,281035
DaveDuff,338,1,285592
DaveDuff,257,1,293190
DaveDuff,517,1,308061
DaveDuff,33,1,313037
DaveDuff,335,1,316630
EBK55,257,1,312848
EBK55,381,1,318479
F9713OQwalterc,220,1,275262
F9713OQwalterc,503,1,278943
F9713OQwalterc,168,1,303201
F9713OQwalterc,444,1,312244
GailG666,28,1,314264
J0hnPM10,139,1,318044
Kait_De,5,1,270395
Kait_De,460,1,272260
Kait_De,114,1,305001
Kait_De,484,1,308304
N5421WGdavidp,413,1,306705
N5421WGdavidp,381,1,306915
N5421WGdavidp,126,1,307178
N5421WGdavidp,460,1,308764
N5421WGdavidp,282,1,311909
N5421WGdavidp,60,1,312344
N5421WGdavidp,474,1,312748
N5421WGdavidp,489,1,313243
NuclearMamma,444,1,301989
O2708WLsh,414,1,277929
The2TravelingFools,338,1,286973
WINEandTRAVEL,211,1,266445
WINEandTRAVEL,443,1,283823
WINEandTRAVEL,519,1,286524
WINEandTRAVEL,517,1,286811
WINEandTRAVEL,16,1,294337
WINEandTRAVEL,519,1,305602
WINEandTRAVEL,230,1,305737
WINEandTRAVEL,16,1,306442
WINEandTRAVEL,310,1,306542
WINEandTRAVEL,33,1,310678
WINEandTRAVEL,464,1,310828
albertthedentist,444,1,264747
albertthedentist,22,1,265135
calvin2424,5,1,281480
calvin2424,295,1,289080
calvin2424,132,1,306095
copejenney,335,1,310194
copejenney,217,1,310307
copperbottom,282,1,281703
copperbottom,58,1,313373
edm855,257,1,290655
edm855,168,1,290755
erikas312,484,1,267716
erikas312,444,1,267878
floridabrits,517,1,289312
lblg,35,1,267273
lblg,84,1,282610
lblg,489,1,312444
lip89,126,1,315572
spirittenorp,335,1,315163
spirittenorp,519,1,315263
spirittenorp,33,1,315363
tinaNtravel,395,1,318207
tj0nesbari,514,1,279331
tj0nesbari,477,1,280873
wheresthebeach123,54,1,276382
